age,employment_type,income,dependents,existing_loans,monthly_obligations,loan_purpose,loan_amount,loan_amount_lakhs,loan_tenure,cibil_score,payment_history,credit_utilization,credit_history_years,recent_enquiries,estimated_emi,debt_to_income_ratio,loan_to_income_ratio,risk_level,loan_status
59,salaried,73037,2,1,11949,education,442663,4.43,60,656,75,51,4,3,9514,0.2939,0.5051,Moderate,1
49,salaried,26663,3,0,0,education,1588108,15.88,36,598,74,78,12,3,51617,1.9359,4.9635,High,0
35,salaried,39203,3,0,0,home,947468,9.47,240,566,72,76,14,6,9459,0.2413,2.014,High,0
63,salaried,73292,3,3,47639,home,1471456,14.71,240,649,77,69,2,3,14690,0.8504,1.6731,High,0
28,salaried,42514,3,1,12569,education,898052,8.98,36,657,76,48,3,2,29188,0.9822,1.7603,High,0
41,self_employed,40383,0,0,0,vehicle,525574,5.26,48,769,94,27,18,2,13456,0.3332,1.0846,Low,1
59,salaried,23897,1,1,4880,home,555244,5.55,240,739,89,41,10,2,5543,0.4362,1.9362,Low,1
39,self_employed,157040,2,2,51351,home,4760221,47.6,240,568,68,75,7,2,47525,0.6296,2.526,High,0
43,self_employed,30743,1,1,9782,home,776097,7.76,120,768,91,45,20,2,10472,0.6588,2.1037,Moderate,0
31,salaried,34491,2,1,3379,personal,107187,1.07,24,537,84,55,1,6,4970,0.2421,0.259,High,0
31,self_employed,20000,2,1,3468,home,506035,5.06,300,628,74,45,12,1,4777,0.4122,2.1085,High,0
44,salaried,48440,1,1,16313,home,1786702,17.87,360,520,75,69,17,3,16343,0.6742,3.0737,High,0
56,salaried,40135,3,1,8262,personal,300723,3.01,48,604,75,68,11,1,7699,0.3977,0.6244,High,0
60,salaried,54672,1,1,5901,home,1575362,15.75,300,740,87,58,9,1,14874,0.38,2.4012,Low,1
44,salaried,24226,1,0,0,personal,125361,1.25,60,782,81,43,13,0,2694,0.1112,0.4312,Low,1
23,salaried,76153,4,3,49499,home,2840546,28.41,360,633,82,73,0,1,25983,0.9912,3.1084,High,0
42,salaried,16260,1,0,0,personal,50000,0.5,24,631,76,61,3,5,2318,0.1426,0.2563,High,0
22,salaried,46383,0,0,0,personal,122224,1.22,48,600,70,68,3,4,3129,0.0675,0.2196,High,0
44,salaried,52538,1,1,15046,business,501517,5.02,36,485,59,74,5,3,16300,0.5966,0.7955,High,0
64,salaried,50749,2,2,16126,vehicle,624835,6.25,36,633,87,57,9,3,20308,0.7179,1.026,High,0
50,self_employed,67928,2,3,44153,personal,456829,4.57,24,532,74,80,17,3,21185,0.9619,0.5604,High,0
58,self_employed,112525,2,1,27131,home,6577316,65.77,360,811,84,67,7,1,60165,0.7758,4.871,Moderate,1
22,salaried,108534,2,0,0,personal,671647,6.72,48,607,75,59,1,3,17196,0.1584,0.5157,High,0
41,salaried,44651,1,4,20213,home,2309734,23.1,120,807,85,47,20,0,31166,1.1507,4.3107,Moderate,1
53,self_employed,27604,3,0,0,home,1597971,15.98,300,630,82,60,17,1,15087,0.5466,4.8241,High,0
32,self_employed,93767,3,2,46324,personal,447820,4.48,12,734,92,37,6,0,39474,0.915,0.398,High,0
42,self_employed,47849,0,2,20981,education,1263596,12.64,120,692,82,57,23,4,17050,0.7948,2.2007,High,0
64,salaried,104691,0,1,34432,personal,772878,7.73,36,638,67,75,22,4,25120,0.5688,0.6152,High,0
45,salaried,34160,4,0,0,personal,158537,1.59,36,442,66,73,23,2,5152,0.1508,0.3868,High,0
47,salaried,29295,3,2,8338,business,647375,6.47,36,678,82,51,23,3,21041,1.0029,1.8415,High,0
62,salaried,53437,3,2,12566,education,2912693,29.13,36,733,84,47,7,0,94669,2.0068,4.5423,Moderate,0
48,self_employed,20000,3,1,6395,home,569052,5.69,360,487,70,80,21,6,5205,0.58,2.371,High,0
36,self_employed,41194,1,1,11599,home,1315741,13.16,360,509,75,74,1,2,12035,0.5737,2.6617,High,0
35,salaried,40219,2,2,22430,home,1209691,12.1,360,733,76,42,6,5,11065,0.8328,2.5065,High,0
64,self_employed,71423,1,3,42992,home,1816450,18.16,360,593,74,81,1,2,16615,0.8346,2.1194,High,0
23,salaried,26963,0,0,0,home,700059,7.0,300,610,67,69,2,5,6609,0.2451,2.1636,High,0
57,salaried,28920,2,0,0,home,707339,7.07,120,665,84,53,18,0,9544,0.33,2.0382,Low,1
27,salaried,98139,1,0,0,home,3820905,38.21,300,732,89,72,2,0,36076,0.3676,3.2445,Low,1
41,not_employed,12000,2,0,0,education,2311598,23.12,84,681,86,57,15,2,38975,3.2479,16.0528,High,0
29,salaried,17593,1,1,2285,education,1099768,11.0,84,709,83,60,4,0,18542,1.1838,5.2093,Moderate,0
59,not_employed,5000,1,0,0,home,500000,5.0,120,456,71,81,1,2,6746,1.3492,8.3333,High,0
38,self_employed,78117,0,0,0,home,3159333,31.59,240,888,100,52,18,2,31542,0.4038,3.3703,Low,1
24,salaried,15000,1,2,7190,home,841117,8.41,180,659,75,72,4,2,9297,1.0991,4.6729,High,0
45,salaried,38013,0,1,12218,home,1612895,16.13,180,688,89,55,19,1,17828,0.7904,3.5358,Moderate,0
34,self_employed,20000,0,0,0,home,500000,5.0,120,763,88,49,14,0,6746,0.3373,2.0833,Low,1
29,salaried,53137,4,4,34539,business,525292,5.25,60,880,100,47,3,1,11290,0.8625,0.8238,Low,1
46,self_employed,48631,0,0,0,education,1897537,18.98,84,719,87,63,10,0,31993,0.6579,3.2516,High,0
22,not_employed,8000,1,1,2288,business,300000,3.0,60,628,81,68,1,1,6448,1.092,3.125,High,0
40,salaried,29097,1,1,9096,education,1197038,11.97,120,851,86,31,3,1,16152,0.8677,3.4283,Low,1
48,salaried,69752,2,0,0,vehicle,1005235,10.05,84,831,100,28,4,0,16948,0.243,1.201,Low,1
27,not_employed,12000,0,0,0,education,2734442,27.34,60,740,85,38,4,1,58773,4.8978,18.9892,High,0
64,self_employed,98301,2,0,0,vehicle,999537,10.0,84,637,79,60,19,3,16852,0.1714,0.8473,High,0
28,salaried,34699,2,0,0,personal,265987,2.66,48,686,86,65,0,1,6810,0.1963,0.6388,Low,1
55,salaried,60130,0,0,0,personal,325076,3.25,36,582,73,84,17,1,10565,0.1757,0.4505,High,0
34,salaried,139710,1,3,42369,home,4227226,42.27,300,694,84,38,13,2,39912,0.5889,2.5214,Moderate,1
37,not_employed,0,3,1,0,vehicle,200000,2.0,36,861,100,43,9,0,6500,6500.0,16666.6667,High,0
56,self_employed,125123,2,3,81329,home,7110431,71.1,240,778,83,46,1,1,70989,1.2173,4.7356,High,0
60,self_employed,73001,2,2,47450,personal,413037,4.13,36,634,74,59,12,2,13424,0.8339,0.4715,High,0
24,salaried,128127,0,2,83282,home,4259020,42.59,180,515,73,80,3,4,47079,1.0174,2.7701,High,0
22,salaried,43517,1,2,8837,education,1055176,10.55,120,796,85,56,1,0,14238,0.5303,2.0206,Low,1
26,self_employed,29569,1,1,7527,personal,176548,1.77,48,691,82,62,2,3,4520,0.4074,0.4976,Low,1
62,salaried,54836,0,1,8434,education,2105226,21.05,120,658,78,60,21,1,28406,0.6718,3.1993,High,0
24,salaried,69805,1,1,23178,vehicle,951646,9.52,48,875,90,36,4,1,24365,0.6811,1.1361,Low,1
49,salaried,44630,2,0,0,business,397716,3.98,84,678,85,62,13,2,6705,0.1502,0.7426,Low,1
38,self_employed,184025,1,2,101263,personal,1050029,10.5,36,740,92,46,16,3,34128,0.7357,0.4755,Moderate,0
46,not_employed,12000,2,4,7800,home,500000,5.0,120,612,82,63,12,2,6746,1.2122,3.4722,High,0
64,salaried,59446,2,2,26216,home,2945771,29.46,120,658,76,51,3,1,39748,1.1096,4.1295,High,0
54,salaried,36786,1,0,0,home,2102525,21.03,360,576,75,77,14,0,19232,0.5228,4.763,High,0
30,salaried,66932,2,1,19185,personal,342849,3.43,36,591,81,38,11,7,11143,0.4531,0.4269,High,0
56,not_employed,8000,0,3,5200,business,300000,3.0,36,677,82,59,9,3,9750,1.8688,3.125,High,0
34,salaried,27269,2,0,0,home,1515750,15.16,300,648,86,76,10,1,14311,0.5248,4.6321,High,0
51,salaried,82656,0,1,14025,business,1140061,11.4,24,787,99,48,0,1,52871,0.8093,1.1494,Low,1
35,salaried,86620,0,0,0,vehicle,613210,6.13,36,491,73,83,5,6,19930,0.2301,0.5899,High,0
28,self_employed,66473,2,0,0,personal,155698,1.56,48,566,81,59,5,3,3986,0.06,0.1952,Moderate,0
34,salaried,45030,1,0,0,vehicle,549460,5.49,48,790,91,52,14,4,14068,0.3124,1.0168,Low,1
43,salaried,36846,3,2,11038,education,2082316,20.82,84,646,86,69,17,1,35109,1.2524,4.7095,High,0
60,salaried,29861,1,0,0,home,724610,7.25,240,715,89,44,20,1,7234,0.2423,2.0222,Low,1
41,self_employed,34557,1,3,18904,home,1238910,12.39,120,824,89,68,5,0,16717,1.0308,2.9876,Moderate,0
36,salaried,21800,1,0,0,home,547804,5.48,180,585,75,64,4,2,6055,0.2778,2.0941,High,0
38,self_employed,56348,1,0,0,home,2276939,22.77,360,690,86,61,13,2,20828,0.3696,3.3674,Low,1
44,salaried,17840,1,0,0,education,2451187,24.51,120,796,85,61,10,1,33075,1.854,11.4499,Moderate,1
46,salaried,54970,2,0,0,personal,229818,2.3,36,628,76,73,13,0,7469,0.1359,0.3484,High,0
45,salaried,47963,2,0,0,education,1693532,16.94,60,848,99,45,7,0,36400,0.7589,2.9424,Low,1
61,self_employed,67342,3,1,8830,personal,325020,3.25,24,764,82,41,16,1,15073,0.3549,0.4022,Low,1
49,salaried,35836,4,1,11207,personal,156220,1.56,36,717,69,53,4,1,5077,0.4544,0.3633,Moderate,1
35,self_employed,701859,1,1,229673,home,15000000,150.0,300,664,80,29,13,4,141627,0.529,1.781,High,0
21,self_employed,177742,2,1,33359,home,8168895,81.69,240,799,95,44,1,2,81556,0.6465,3.8299,Low,1
45,salaried,23231,1,2,4634,home,797705,7.98,120,612,80,59,16,3,10763,0.6628,2.8615,High,0
27,self_employed,72134,2,0,0,personal,141595,1.42,48,576,72,74,2,3,3625,0.0503,0.1636,High,0
29,self_employed,36812,1,1,7784,business,626218,6.26,36,871,91,44,8,0,20353,0.7643,1.4176,Moderate,1
44,salaried,26670,4,2,17335,education,2032672,20.33,60,678,85,76,5,1,43690,2.2882,6.3513,High,0
21,salaried,21937,2,1,5287,personal,95431,0.95,60,622,78,52,1,3,2051,0.3345,0.3625,High,0
64,not_employed,8000,3,1,2760,home,500000,5.0,120,602,83,77,16,4,6746,1.1882,5.2083,High,0
28,salaried,63533,2,2,41296,home,1274859,12.75,360,704,90,53,0,0,11661,0.8335,1.6722,Moderate,0
44,self_employed,49020,3,0,0,personal,391143,3.91,12,732,89,24,12,2,34478,0.7033,0.6649,High,0
31,not_employed,5000,2,2,1516,education,1806876,18.07,36,826,100,49,9,0,58727,12.0486,30.1146,High,0
37,salaried,28873,1,0,0,business,300000,3.0,24,856,90,46,12,0,13912,0.4818,0.8659,Low,1
28,self_employed,95540,1,3,24423,business,2112554,21.13,84,617,77,51,4,4,35619,0.6284,1.8426,High,0
55,salaried,70849,1,4,34092,personal,367295,3.67,60,665,81,72,14,5,7894,0.5926,0.432,High,0
55,salaried,31359,0,2,9689,business,351142,3.51,24,606,75,59,22,0,16284,0.8282,0.9331,High,0
53,salaried,38230,1,1,5295,home,796501,7.97,240,604,76,66,6,3,7952,0.3465,1.7362,Moderate,0
25,salaried,64027,1,1,11139,vehicle,314216,3.14,48,624,71,65,2,3,8044,0.2996,0.409,Moderate,0
62,self_employed,31598,1,1,2661,personal,251475,2.51,36,620,87,54,10,1,8173,0.3429,0.6632,Moderate,1
59,self_employed,157140,4,0,0,home,6181635,61.82,180,626,74,51,23,2,68331,0.4348,3.2782,High,0
61,self_employed,97473,3,0,0,home,2554025,25.54,240,696,85,58,10,1,25498,0.2616,2.1835,Low,1
48,salaried,54334,0,1,16299,personal,394934,3.95,12,720,81,61,18,1,34812,0.9407,0.6057,Moderate,0
27,salaried,61979,1,3,27165,business,1274833,12.75,36,664,76,42,1,0,41435,1.1068,1.7141,High,0
29,self_employed,41212,1,1,11846,education,1361746,13.62,60,781,86,49,5,1,29269,0.9976,2.7535,Moderate,0
28,salaried,33665,1,0,0,personal,121965,1.22,48,641,77,67,1,1,3122,0.0927,0.3019,High,0
32,self_employed,42626,2,1,9440,education,2788299,27.88,36,723,85,61,5,1,90626,2.3475,5.4511,High,0
54,self_employed,89319,1,0,0,home,4097138,40.97,180,728,88,52,22,2,45289,0.507,3.8226,Moderate,1
53,self_employed,70320,1,0,0,personal,141034,1.41,36,836,97,39,9,0,4583,0.0652,0.1671,Low,1
43,not_employed,8000,3,0,0,vehicle,200000,2.0,36,850,100,27,12,0,6500,0.8125,2.0833,High,0
44,salaried,38039,2,1,3799,business,580643,5.81,24,604,78,67,10,6,26927,0.8077,1.272,High,0
57,self_employed,62494,0,0,0,personal,478991,4.79,24,575,76,84,11,1,22213,0.3554,0.6387,High,0
55,salaried,87813,2,0,0,home,2684567,26.85,300,810,94,39,9,0,25347,0.2886,2.5476,Low,1
64,self_employed,119746,1,0,0,personal,831319,8.31,24,639,76,81,13,3,38553,0.322,0.5785,High,0
60,salaried,30896,1,0,0,business,569394,5.69,36,568,78,61,19,2,18506,0.599,1.5358,High,0
42,self_employed,58437,0,3,14938,vehicle,491911,4.92,84,683,84,58,8,3,8293,0.3975,0.7015,Low,1
47,self_employed,113015,1,1,20771,home,5640311,56.4,240,721,69,66,5,0,56311,0.6821,4.159,High,0
55,salaried,91257,1,1,21805,business,837746,8.38,36,583,82,66,13,4,27228,0.5373,0.765,High,0
21,salaried,32968,1,0,0,home,863311,8.63,180,654,87,55,2,0,9543,0.2895,2.1822,Low,1
55,self_employed,105506,2,2,44908,home,4354059,43.54,120,809,95,42,17,0,58751,0.9825,3.439,Low,1
57,salaried,59795,2,2,22677,vehicle,830319,8.3,36,761,90,45,21,2,26987,0.8306,1.1572,Moderate,0
34,salaried,25858,0,4,16807,home,755864,7.56,180,506,76,78,8,4,8355,0.9731,2.4359,High,0
23,salaried,79228,0,4,51498,home,3545109,35.45,300,845,97,42,2,1,33472,1.0725,3.7288,Low,1
21,salaried,53686,2,1,15245,education,1162303,11.62,120,598,73,62,1,0,15683,0.5761,1.8042,High,0
25,self_employed,20000,0,3,13000,personal,115497,1.15,36,821,96,34,5,0,3753,0.8376,0.4812,Low,1
46,salaried,41096,3,0,0,home,1383992,13.84,360,718,88,51,6,1,12659,0.308,2.8064,Low,1
34,salaried,50207,2,2,13744,vehicle,238042,2.38,84,776,96,35,1,1,4013,0.3537,0.3951,Low,1
59,salaried,34081,1,1,4381,education,1853376,18.53,120,761,87,45,20,1,25008,0.8623,4.5318,Moderate,1
47,salaried,102430,0,0,0,business,1266149,12.66,60,642,84,57,16,7,27214,0.2657,1.0301,Moderate,1
29,salaried,104681,0,3,37510,personal,633200,6.33,60,648,84,71,9,2,13609,0.4883,0.5041,Moderate,1
35,salaried,38968,0,1,9356,home,1654699,16.55,120,680,84,57,8,3,22327,0.8131,3.5386,High,0
35,salaried,36485,0,0,0,vehicle,442057,4.42,48,647,78,55,2,2,11318,0.3102,1.0097,High,0
46,salaried,45308,2,0,0,personal,192478,1.92,48,615,77,53,19,3,4928,0.1088,0.354,Moderate,0
62,self_employed,51018,0,1,6659,personal,138433,1.38,60,702,77,65,7,1,2975,0.1888,0.2261,Low,1
33,salaried,34354,1,2,22330,home,1841248,18.41,240,674,93,75,10,5,18382,1.1851,4.4664,High,0
52,salaried,15000,1,0,0,home,500000,5.0,240,716,84,43,4,2,4991,0.3327,2.7778,Low,1
59,salaried,140489,1,0,0,personal,394046,3.94,60,745,85,52,24,2,8469,0.0603,0.2337,Low,1
52,salaried,49033,0,1,13822,business,906865,9.07,84,599,69,57,5,5,15290,0.5937,1.5412,High,0
24,self_employed,51914,0,0,0,vehicle,640826,6.41,48,669,89,80,0,6,16407,0.316,1.0287,Moderate,0
50,salaried,59581,0,0,0,home,2185571,21.86,180,783,90,44,21,0,24159,0.4055,3.0569,Low,1
57,self_employed,56159,2,1,18997,business,1056382,10.56,60,657,74,53,9,7,22705,0.7426,1.5675,High,0
43,self_employed,42435,1,1,8208,business,913841,9.14,24,669,79,56,21,2,42380,1.1921,1.7946,High,0
59,salaried,26812,2,4,17427,education,474279,4.74,120,734,81,37,6,0,6399,0.8886,1.4741,Moderate,0
35,self_employed,20000,1,2,9277,personal,50000,0.5,36,463,71,63,7,3,1625,0.5451,0.2083,High,0
63,salaried,21750,1,4,14137,personal,149548,1.5,48,744,96,46,7,0,3828,0.826,0.573,Low,1
49,salaried,25084,1,3,16304,personal,101897,1.02,12,736,81,46,4,0,8982,1.0081,0.3385,Moderate,0
56,salaried,72442,2,2,22951,personal,511351,5.11,36,788,94,40,11,1,16620,0.5462,0.5882,Low,1
33,salaried,75718,1,0,0,personal,515260,5.15,24,447,77,67,11,5,23895,0.3156,0.5671,High,0
52,self_employed,29571,0,2,9469,home,1336904,13.37,120,607,88,64,0,2,18039,0.9302,3.7675,High,0
27,self_employed,20000,1,1,2946,personal,50000,0.5,60,612,70,59,1,3,1074,0.201,0.2083,High,0
42,not_employed,0,1,2,0,personal,50000,0.5,36,655,81,52,9,0,1625,1625.0,4166.6667,High,0
48,salaried,49289,1,2,23928,home,1431268,14.31,300,576,68,73,13,3,13513,0.7596,2.4199,High,0
22,salaried,64115,2,0,0,personal,233073,2.33,12,524,71,70,0,1,20545,0.3204,0.3029,High,0
62,salaried,36288,1,1,5670,business,832985,8.33,36,651,80,57,12,6,27074,0.9023,1.9129,High,0
26,self_employed,41821,2,0,0,personal,129429,1.29,24,743,96,66,4,1,6002,0.1435,0.2579,Low,1
48,salaried,56564,1,1,5492,business,484248,4.84,36,564,73,67,22,5,15739,0.3753,0.7134,High,0
48,not_employed,8000,2,4,2832,vehicle,200000,2.0,60,642,70,61,6,0,4298,0.8912,2.0833,High,0
64,salaried,40387,2,1,7279,education,375426,3.75,84,655,72,56,13,2,6329,0.3369,0.7746,Moderate,1
64,salaried,70031,1,1,12338,business,687163,6.87,60,596,78,53,8,2,14769,0.3871,0.8177,High,0
40,self_employed,32709,2,1,9056,vehicle,322652,3.23,84,701,80,60,8,3,5440,0.4432,0.822,Low,1
50,salaried,40007,3,1,4431,personal,158821,1.59,12,655,78,57,14,2,13999,0.4607,0.3308,Moderate,0
31,salaried,37842,1,1,5888,vehicle,200000,2.0,84,617,64,73,7,2,3372,0.2447,0.4404,High,0
48,self_employed,55102,1,0,0,business,805117,8.05,36,578,81,62,3,6,26168,0.4749,1.2176,High,0
45,salaried,56720,2,1,11177,business,839233,8.39,84,533,71,76,23,3,14150,0.4465,1.233,High,0
59,self_employed,95726,1,1,25874,home,3923315,39.23,300,695,90,47,15,2,37043,0.6573,3.4154,High,0
53,salaried,156769,0,0,0,home,8760400,87.6,120,784,95,57,5,0,118208,0.754,4.6567,Low,1
21,self_employed,20000,3,0,0,education,1137665,11.38,60,565,76,68,1,1,24452,1.2226,4.7403,High,0
47,self_employed,52369,0,0,0,education,1687904,16.88,60,772,89,41,12,0,36279,0.6928,2.6859,Moderate,0
33,salaried,21619,2,1,5043,education,2419751,24.2,84,826,94,44,13,1,40798,2.1204,9.3273,Moderate,1
61,salaried,38901,2,0,0,personal,206495,2.06,24,866,100,36,9,0,9576,0.2462,0.4424,Low,1
23,not_employed,12000,3,2,5402,home,685700,6.86,240,678,75,54,2,0,6845,1.0206,4.7618,High,0
59,salaried,83159,0,1,18133,home,4687307,46.87,360,679,87,70,7,5,42876,0.7336,4.6971,High,0
26,self_employed,20000,1,1,5164,personal,87262,0.87,36,749,97,54,3,1,2836,0.4,0.3636,Low,1
28,salaried,105876,1,0,0,personal,272263,2.72,48,722,82,41,4,1,6970,0.0658,0.2143,Low,1
47,salaried,184115,1,0,0,personal,1044187,10.44,12,812,90,34,1,2,92043,0.4999,0.4726,Low,1
29,self_employed,156290,0,0,0,home,8252373,82.52,360,653,83,65,7,0,75487,0.483,4.4001,Low,1
57,not_employed,8000,1,1,2525,home,500000,5.0,120,689,84,55,18,2,6746,1.1589,5.2083,High,0
53,salaried,69324,1,1,8718,personal,276298,2.76,48,799,89,52,22,0,7074,0.2278,0.3321,Low,1
62,self_employed,169802,0,2,103501,vehicle,2013514,20.14,60,756,87,57,15,0,43278,0.8644,0.9882,Moderate,1
64,salaried,93210,2,3,60586,business,1090206,10.9,24,678,86,66,20,2,50559,1.1924,0.9747,High,0
44,salaried,59657,2,2,10041,business,898353,8.98,24,566,75,66,18,6,41662,0.8667,1.2549,High,0
35,self_employed,181431,2,0,0,personal,1135742,11.36,48,624,79,81,13,1,29078,0.1603,0.5217,High,0
52,self_employed,69586,3,0,0,education,2487014,24.87,120,761,97,63,12,0,33558,0.4823,2.9783,Low,1
52,not_employed,12000,1,2,2370,home,500000,5.0,120,458,64,76,17,6,6746,0.7597,3.4722,High,0
44,salaried,78743,3,1,16349,vehicle,689413,6.89,84,641,87,57,11,6,11623,0.3552,0.7296,High,0
61,salaried,87705,3,0,0,business,1461825,14.62,36,632,72,51,7,2,47512,0.5417,1.389,High,0
32,salaried,59641,1,2,15031,home,1352541,13.53,360,666,80,62,10,3,12372,0.4595,1.8898,Low,1
59,salaried,21299,0,1,6155,business,300000,3.0,36,550,71,65,16,4,9750,0.7467,1.1738,High,0
22,salaried,43589,1,0,0,personal,156864,1.57,12,714,83,47,2,0,13827,0.3172,0.2999,Low,1
23,self_employed,139814,1,1,42003,personal,898570,8.99,48,677,78,58,2,5,23006,0.465,0.5356,High,0
57,salaried,47528,1,3,30893,education,1881941,18.82,36,558,69,67,17,2,61167,1.937,3.2997,High,0
37,not_employed,12000,1,0,0,personal,73584,0.74,24,811,92,41,9,0,3412,0.2843,0.511,High,0
22,not_employed,8000,2,1,806,personal,50000,0.5,60,661,87,62,0,4,1074,0.235,0.5208,High,0
22,salaried,66293,1,0,0,business,1117633,11.18,84,555,72,66,2,4,18844,0.2843,1.4049,High,0
48,self_employed,90983,0,0,0,personal,517744,5.18,12,807,87,55,9,1,45638,0.5016,0.4742,Low,1
43,self_employed,54045,3,0,0,education,1585319,15.85,120,884,100,32,22,0,21391,0.3958,2.4444,Low,1
57,salaried,79257,1,2,27539,vehicle,1108270,11.08,36,704,84,65,18,0,36021,0.8019,1.1653,Moderate,0
52,salaried,38742,4,1,7632,personal,219530,2.2,24,678,81,67,15,1,10180,0.4598,0.4722,Low,1
53,salaried,40297,0,1,13772,personal,285289,2.85,60,795,90,47,1,3,6131,0.4939,0.59,Low,1
21,salaried,80714,3,0,0,personal,242829,2.43,48,731,80,50,1,1,6217,0.077,0.2507,Low,1
39,self_employed,71502,0,1,13829,personal,157919,1.58,36,725,85,46,5,3,5132,0.2652,0.184,Low,1
22,salaried,38290,0,0,0,personal,216707,2.17,48,797,93,42,2,2,5548,0.1449,0.4716,Low,1
64,self_employed,136905,0,1,41017,personal,1091816,10.92,48,579,70,75,24,4,27954,0.5038,0.6646,High,0
46,self_employed,34510,2,0,0,home,1787463,17.87,120,598,83,68,6,2,24119,0.6989,4.3163,High,0
52,salaried,31692,3,0,0,home,1736324,17.36,180,663,77,60,21,1,19193,0.6056,4.5656,High,0
26,not_employed,0,1,0,0,education,1481137,14.81,120,596,71,61,4,3,19985,19985.0,123428.0833,High,0
52,salaried,15000,3,2,8264,business,363118,3.63,60,800,91,42,2,0,7804,1.0712,2.0173,Low,1
24,salaried,56453,1,1,11653,business,984198,9.84,60,524,65,84,2,2,21154,0.5811,1.4528,High,0
31,self_employed,22808,2,3,14825,home,979219,9.79,240,718,84,53,12,1,9776,1.0786,3.5778,High,0
37,salaried,40194,2,2,24082,personal,108264,1.08,24,681,84,48,16,5,5020,0.724,0.2245,High,0
58,salaried,49099,1,1,9999,education,1514522,15.15,84,711,87,50,10,1,25535,0.7237,2.5705,Moderate,0
44,salaried,102624,1,2,66705,home,3578756,35.79,180,597,82,57,13,2,39559,1.0355,2.906,High,0
25,salaried,17993,3,0,0,personal,51454,0.51,12,741,81,44,6,4,4535,0.252,0.2383,Low,1
54,not_employed,8000,3,0,0,business,300000,3.0,84,737,86,48,15,2,5058,0.6322,3.125,High,0
26,salaried,61930,4,3,28766,home,1811159,18.11,120,616,80,48,2,4,24438,0.8591,2.4371,High,0
42,salaried,15000,3,2,5549,personal,51497,0.51,12,631,76,70,22,1,4539,0.6725,0.2861,High,0
31,salaried,23890,0,0,0,business,591512,5.92,36,605,81,52,12,1,19225,0.8047,2.0633,High,0
36,self_employed,121742,2,0,0,vehicle,981023,9.81,36,777,89,38,11,1,31885,0.2619,0.6715,Low,1
53,salaried,58224,1,0,0,home,3292955,32.93,300,838,87,34,6,0,31091,0.534,4.7131,Low,1
29,salaried,44876,4,0,0,home,2327670,23.28,240,707,88,58,5,1,23238,0.5178,4.3224,Moderate,1
26,salaried,68796,1,1,18533,home,2272691,22.73,180,689,89,50,5,2,25122,0.6346,2.7529,Moderate,0
36,salaried,130807,1,4,85024,business,2474582,24.75,36,777,96,39,17,5,80429,1.2649,1.5765,Moderate,0
49,self_employed,50169,1,1,11081,personal,265019,2.65,48,620,80,62,8,1,6785,0.3561,0.4402,High,0
23,self_employed,63290,1,1,13910,home,3744906,37.45,240,738,93,36,2,0,37388,0.8105,4.9309,High,0
40,salaried,55025,0,0,0,vehicle,616625,6.17,48,717,88,53,8,0,15787,0.2869,0.9339,Low,1
56,self_employed,405829,3,0,0,personal,1500000,15.0,36,614,78,75,23,2,48753,0.1201,0.308,High,0
39,salaried,15000,2,0,0,vehicle,200000,2.0,48,726,78,57,4,0,5120,0.3413,1.1111,Low,1
46,not_employed,5000,0,0,0,vehicle,200000,2.0,36,628,82,56,9,1,6500,1.3,3.3333,High,0
23,not_employed,12000,2,2,3247,personal,65224,0.65,12,670,73,61,3,1,5749,0.7497,0.4529,High,0
39,salaried,73860,2,3,48009,business,1837656,18.38,60,617,79,54,15,2,39498,1.1848,2.0734,High,0
40,self_employed,29674,1,4,19288,personal,50000,0.5,12,548,65,54,14,3,4407,0.7985,0.1404,High,0
52,self_employed,20000,1,0,0,business,354904,3.55,84,681,76,43,6,0,5983,0.2992,1.4788,Moderate,1
27,salaried,59135,3,1,7532,business,993031,9.93,24,655,81,44,4,2,46052,0.9061,1.3994,High,0
61,salaried,142838,2,2,91381,personal,1142494,11.42,12,701,79,47,0,1,100709,1.3448,0.6665,High,0
53,salaried,18428,1,2,7260,education,1210928,12.11,84,741,84,41,15,0,20417,1.5019,5.4759,Moderate,0
60,self_employed,62580,2,2,13310,business,868107,8.68,24,615,72,63,18,3,40259,0.856,1.156,High,0
59,not_employed,8000,0,0,0,home,500000,5.0,180,634,78,68,13,3,5526,0.6908,5.2083,High,0
38,self_employed,49849,1,2,19425,personal,238545,2.39,48,768,84,47,5,1,6107,0.5122,0.3988,Low,1
60,self_employed,26861,0,4,11416,personal,50000,0.5,48,883,100,43,5,0,1280,0.4727,0.1551,Low,1
21,salaried,60447,0,2,25338,home,2391507,23.92,360,772,78,53,1,0,21876,0.7811,3.297,High,0
31,self_employed,71909,2,2,43235,vehicle,562945,5.63,48,619,74,55,9,5,14413,0.8017,0.6524,High,0
48,self_employed,33421,3,3,16084,business,746588,7.47,36,632,94,59,9,3,24265,1.2073,1.8616,High,0
45,salaried,58839,1,3,21349,home,1826795,18.27,240,638,74,69,17,2,18238,0.6728,2.5873,High,0
43,salaried,96237,0,0,0,home,4869140,48.69,300,422,70,79,14,8,45973,0.4777,4.2163,High,0
51,self_employed,187671,2,1,56985,personal,885899,8.86,12,777,87,47,1,2,78090,0.7197,0.3934,High,0
50,salaried,65801,3,1,19997,personal,366023,3.66,60,607,76,65,5,3,7867,0.4235,0.4635,High,0
62,self_employed,86596,2,2,23648,home,1803210,18.03,360,609,77,73,16,4,16494,0.4636,1.7353,High,0
55,salaried,42442,3,3,12275,home,906644,9.07,240,754,90,35,10,0,9051,0.5025,1.7802,Low,1
27,salaried,90928,1,3,44245,home,2564478,25.64,360,631,78,66,8,0,23458,0.7446,2.3503,High,0
36,self_employed,25430,2,1,4934,vehicle,200000,2.0,36,776,82,36,5,1,6500,0.4496,0.6554,Low,1
46,salaried,84821,0,0,0,education,2489055,24.89,60,685,72,57,10,2,53499,0.6307,2.4454,High,0
22,salaried,41251,1,1,5448,education,2673949,26.74,36,652,88,79,0,4,86909,2.2389,5.4018,High,0
21,salaried,119917,1,0,0,personal,452283,4.52,48,732,78,63,1,1,11579,0.0966,0.3143,Low,1
32,self_employed,95852,1,0,0,vehicle,962289,9.62,60,547,72,60,9,3,20683,0.2158,0.8366,High,0
25,salaried,47064,3,1,13904,business,1145302,11.45,24,737,85,48,3,0,53114,1.424,2.0279,Moderate,0
57,self_employed,49553,3,1,15914,business,684745,6.85,24,750,88,34,19,0,31755,0.962,1.1515,High,0
52,salaried,67195,0,1,17882,home,2793137,27.93,300,660,79,57,9,1,26372,0.6586,3.464,High,0
29,not_employed,8000,0,1,1610,home,583023,5.83,120,521,67,77,6,4,7867,1.1846,6.0732,High,0
61,not_employed,12000,1,1,1185,home,696359,6.96,360,619,78,65,17,1,6369,0.6295,4.8358,High,0
55,salaried,180551,1,2,104722,personal,1421052,14.21,24,816,98,39,18,1,65902,0.945,0.6559,Low,1
39,salaried,74535,2,0,0,education,2540309,25.4,60,703,90,64,4,2,54601,0.7326,2.8402,High,0
36,salaried,78669,3,2,13124,vehicle,480534,4.81,36,822,81,44,10,0,15618,0.3654,0.509,Low,1
23,salaried,33448,3,0,0,personal,237976,2.38,12,568,69,66,2,2,20977,0.6272,0.5929,High,0
40,salaried,50858,2,0,0,personal,83535,0.84,60,689,87,51,12,1,1795,0.0353,0.1369,Low,1
44,salaried,195573,2,2,111119,business,4085346,40.85,84,709,82,65,13,2,68881,0.9204,1.7408,Moderate,0
53,salaried,23655,1,2,3842,personal,138516,1.39,60,749,91,40,2,1,2977,0.2883,0.488,Low,1
44,salaried,64456,0,1,17422,education,2874317,28.74,120,627,84,52,21,4,38784,0.872,3.7161,High,0
31,salaried,128898,1,0,0,education,1577372,15.77,84,734,95,58,11,2,26595,0.2063,1.0198,Low,1
28,salaried,87515,1,1,8988,home,2873242,28.73,360,776,85,79,3,2,26282,0.403,2.736,Low,1
56,not_employed,0,2,0,0,business,300000,3.0,84,641,81,63,13,3,5058,5058.0,25000.0,High,0
58,salaried,56358,0,1,14453,home,2452807,24.53,240,673,85,60,2,0,24488,0.691,3.6268,High,0
60,salaried,84195,1,0,0,business,1161545,11.62,60,793,89,45,8,0,24966,0.2965,1.1497,Low,1
40,salaried,36991,1,0,0,business,384618,3.85,24,783,94,57,15,2,17837,0.4822,0.8665,Low,1
55,self_employed,61321,3,0,0,business,843828,8.44,24,586,74,50,20,3,39133,0.6382,1.1467,High,0
45,self_employed,48739,1,0,0,personal,240403,2.4,12,577,78,59,23,3,21191,0.4348,0.411,High,0
55,self_employed,20000,2,0,0,personal,145825,1.46,48,654,81,51,12,3,3733,0.1866,0.6076,Low,1
45,not_employed,5000,2,1,1282,personal,74779,0.75,48,627,81,78,16,0,1914,0.6392,1.2463,High,0
49,salaried,57142,1,1,16543,home,2560617,25.61,300,647,86,69,1,3,24176,0.7126,3.7343,High,0
38,self_employed,60082,1,2,13718,business,1021678,10.22,24,547,78,82,15,1,47381,1.0169,1.4171,High,0
38,self_employed,108418,3,0,0,home,3173095,31.73,360,612,72,48,3,1,29025,0.2677,2.4389,High,0
22,salaried,35860,1,2,7283,business,499946,5.0,60,774,83,60,1,1,10745,0.5027,1.1618,Low,1
55,not_employed,5000,3,0,0,home,500000,5.0,360,694,78,54,3,2,4573,0.9146,8.3333,High,0
36,salaried,44256,0,0,0,home,2114874,21.15,180,736,91,51,16,2,23377,0.5282,3.9823,Low,1
61,self_employed,31248,0,1,7413,business,325766,3.26,36,630,85,49,23,2,10588,0.5761,0.8688,High,0
56,salaried,80566,3,4,52367,home,2987950,29.88,300,594,73,52,22,2,28211,1.0001,3.0906,High,0
53,salaried,93213,2,1,16808,business,1699775,17.0,24,728,76,43,7,2,78828,1.026,1.5196,High,0
24,self_employed,20000,4,0,0,personal,143473,1.43,48,777,92,45,3,0,3673,0.1836,0.5978,Low,1
53,salaried,48376,2,0,0,vehicle,498263,4.98,60,702,80,63,15,4,10709,0.2214,0.8583,Low,1
34,salaried,96097,3,0,0,home,5740093,57.4,180,649,80,67,1,3,63450,0.6603,4.9777,High,0
41,salaried,43826,2,0,0,business,416085,4.16,24,887,100,28,17,0,19296,0.4403,0.7912,Low,1
40,self_employed,107285,2,0,0,personal,316471,3.16,24,578,78,69,10,2,14676,0.1368,0.2458,High,0
28,salaried,60518,1,0,0,home,2959682,29.6,360,633,72,52,0,2,27073,0.4474,4.0755,High,0
27,salaried,60174,1,0,0,vehicle,555178,5.55,36,671,84,67,8,2,18044,0.2999,0.7689,Low,1
23,self_employed,48191,3,4,31324,business,650523,6.51,24,658,84,45,2,3,30168,1.276,1.1249,High,0
37,self_employed,22623,1,4,14704,personal,88626,0.89,60,761,94,44,18,1,1904,0.7341,0.3265,Moderate,0
53,salaried,25011,1,1,4192,personal,92536,0.93,48,721,80,58,1,2,2369,0.2623,0.3083,Low,1
32,self_employed,105607,1,0,0,home,5647909,56.48,360,774,89,38,1,1,51663,0.4892,4.4567,Low,1
42,self_employed,60813,1,0,0,personal,475490,4.75,36,641,82,71,12,2,15454,0.2541,0.6516,Moderate,1
42,self_employed,53593,1,3,34835,business,1072505,10.73,36,601,75,71,14,4,34859,1.3004,1.6677,High,0
50,salaried,38012,0,0,0,personal,195433,1.95,24,651,77,56,19,4,9063,0.2384,0.4284,Moderate,0
58,salaried,40818,3,0,0,home,2218666,22.19,120,713,84,58,5,2,29937,0.7334,4.5296,High,0
58,salaried,91871,1,1,11971,education,1572961,15.73,84,668,80,70,20,4,26521,0.419,1.4268,Moderate,0
28,salaried,40088,1,1,4604,home,1942844,19.43,360,762,77,45,6,0,17771,0.5581,4.0387,Moderate,1
47,salaried,21924,0,1,3362,business,533016,5.33,24,761,78,69,20,0,24719,1.2808,2.026,High,0
47,salaried,76587,0,1,8077,vehicle,678306,6.78,36,772,84,63,2,0,22046,0.3933,0.7381,Low,1
54,salaried,43350,0,1,14976,personal,89179,0.89,60,498,64,61,3,4,1916,0.3897,0.1714,High,0
41,salaried,49952,2,0,0,education,2279428,22.79,84,692,83,43,15,3,38432,0.7694,3.8027,High,0
50,salaried,128610,0,2,79137,personal,1023527,10.24,12,632,79,62,2,1,90222,1.3168,0.6632,High,0
53,self_employed,58897,3,3,38283,home,3376356,33.76,240,645,79,76,23,3,33708,1.2223,4.7772,High,0
48,salaried,58308,0,1,18149,personal,384353,3.84,36,624,76,61,5,1,12492,0.5255,0.5493,High,0
53,salaried,24164,0,0,0,personal,67007,0.67,24,858,99,29,21,1,3107,0.1286,0.2311,Low,1
25,self_employed,50224,0,1,17432,personal,241468,2.41,60,609,74,77,1,1,5190,0.4504,0.4007,High,0
39,salaried,70665,0,2,45932,home,1924180,19.24,360,548,69,81,7,4,17601,0.8991,2.2691,High,0
24,self_employed,20000,2,2,12648,business,300000,3.0,60,717,86,54,4,2,6448,0.9548,1.25,High,0
55,self_employed,70310,3,2,40123,business,858369,8.58,24,690,80,32,10,2,39807,1.1368,1.0174,High,0
37,salaried,52076,2,1,17161,vehicle,274840,2.75,84,715,80,34,8,0,4633,0.4185,0.4398,Low,1
64,self_employed,61884,0,2,38101,home,1724179,17.24,120,822,97,55,3,2,23265,0.9916,2.3218,Low,1
48,salaried,91335,1,1,14817,personal,668760,6.69,36,743,90,33,5,3,21736,0.4002,0.6102,Low,1
50,salaried,59913,1,0,0,home,2107118,21.07,300,688,90,55,13,2,19895,0.3321,2.9308,Low,1
49,salaried,118995,3,3,77346,personal,765520,7.66,12,570,85,73,23,3,67479,1.2171,0.5361,High,0
26,salaried,27006,0,0,0,home,677971,6.78,240,677,83,58,0,1,6768,0.2506,2.092,Low,1
55,not_employed,8000,2,0,0,education,2448005,24.48,36,700,77,58,24,1,79566,9.9458,25.5001,High,0
61,salaried,53186,1,2,32534,home,3084931,30.85,300,663,80,78,21,3,29127,1.1593,4.8336,High,0
57,salaried,61681,1,2,31355,home,1918807,19.19,240,703,77,48,23,1,19156,0.8189,2.5924,High,0
44,salaried,74116,1,1,12014,personal,219010,2.19,36,711,85,69,6,0,7118,0.2581,0.2462,Low,1
49,salaried,27120,0,0,0,personal,202290,2.02,36,681,81,79,13,0,6574,0.2424,0.6216,Low,1
51,salaried,81699,2,2,16929,personal,594354,5.94,48,719,90,58,18,2,15217,0.3935,0.6062,Low,1
55,salaried,25310,0,1,5469,personal,134497,1.34,12,759,85,48,18,1,11855,0.6845,0.4428,Moderate,1
53,self_employed,94651,2,1,31254,business,1819112,18.19,84,621,80,64,0,0,30671,0.6542,1.6016,High,0
41,salaried,25231,0,0,0,personal,50990,0.51,36,739,78,62,5,3,1657,0.0657,0.1684,Low,1
52,salaried,159161,3,2,29939,business,1382304,13.82,84,630,76,55,22,3,23306,0.3345,0.7237,High,0
43,salaried,77497,0,0,0,home,3014299,30.14,300,777,83,72,17,0,28460,0.3672,3.2413,Low,1
53,salaried,19271,3,1,1869,personal,50000,0.5,36,736,82,55,4,0,1625,0.1813,0.2162,Low,1
23,self_employed,59829,2,2,26681,business,1398262,13.98,84,682,76,57,4,0,23575,0.84,1.9476,High,0
38,salaried,35851,3,0,0,home,1866599,18.67,180,729,89,41,12,0,20633,0.5755,4.3388,Moderate,1
45,salaried,33395,1,0,0,personal,102012,1.02,60,726,86,48,0,1,2192,0.0656,0.2546,Low,1
62,salaried,53544,2,1,15937,business,1286233,12.86,60,619,74,58,19,2,27646,0.814,2.0018,High,0
51,self_employed,28498,1,1,6547,personal,59335,0.59,24,567,75,75,9,3,2751,0.3263,0.1735,High,0
23,salaried,77410,0,2,37905,personal,215246,2.15,36,676,79,63,1,3,6996,0.58,0.2317,High,0
60,salaried,74816,1,0,0,business,536827,5.37,36,643,75,77,10,2,17448,0.2332,0.5979,High,0
44,self_employed,79311,0,1,19798,education,1291286,12.91,120,613,80,53,8,5,17423,0.4693,1.3568,High,0
52,salaried,48450,4,2,23995,personal,247999,2.48,60,503,74,86,15,5,5330,0.6053,0.4266,High,0
42,self_employed,101504,0,4,54108,personal,531870,5.32,36,788,87,50,18,1,17287,0.7034,0.4367,Moderate,0
43,self_employed,112770,1,3,73300,business,1653377,16.53,60,728,81,51,3,3,35537,0.9651,1.2218,High,0
22,salaried,64405,2,1,6881,personal,328231,3.28,36,667,88,59,1,1,10668,0.2725,0.4247,Low,1
47,salaried,22311,1,1,6419,personal,68085,0.68,60,695,78,48,1,2,1463,0.3533,0.2543,Low,1
62,salaried,30545,2,2,5549,home,1543155,15.43,180,900,91,32,20,0,17058,0.7401,4.2101,Low,1
22,salaried,41737,0,1,4333,vehicle,274423,2.74,60,791,92,72,2,0,5898,0.2451,0.5479,Low,1
46,not_employed,5000,1,4,3250,personal,57273,0.57,12,577,73,78,5,2,5048,1.6596,0.9546,High,0
37,salaried,20221,1,0,0,business,300000,3.0,60,828,96,45,15,0,6448,0.3189,1.2363,Low,1
60,salaried,49986,3,2,32490,home,2466727,24.67,360,707,88,64,13,2,22564,1.1014,4.1124,High,0
53,self_employed,114059,2,1,31282,home,3032946,30.33,360,756,88,67,23,2,27743,0.5175,2.2159,Moderate,1
29,salaried,51289,4,1,13176,business,609563,6.1,60,599,68,67,1,1,13101,0.5123,0.9904,High,0
63,salaried,26503,0,0,0,vehicle,315898,3.16,36,513,71,80,5,3,10267,0.3874,0.9933,High,0
59,salaried,56842,1,0,0,personal,266057,2.66,24,697,86,58,14,0,12338,0.2171,0.3901,Low,1
49,salaried,26979,0,1,3218,personal,97660,0.98,48,734,81,52,6,2,2500,0.2119,0.3017,Low,1
62,self_employed,388987,0,2,135482,vehicle,2500000,25.0,36,661,78,39,2,1,81256,0.5572,0.5356,High,0
46,salaried,40116,0,1,12893,education,1988559,19.89,84,661,81,49,18,1,33528,1.1572,4.1309,Moderate,0
55,salaried,72187,2,1,16382,home,3999901,40.0,120,634,78,60,24,0,53972,0.9746,4.6175,High,0
45,salaried,48657,0,3,31627,home,1802341,18.02,300,691,80,62,12,2,17017,0.9997,3.0868,Moderate,0
44,salaried,23384,1,0,0,business,300000,3.0,84,659,72,48,0,2,5058,0.2163,1.0691,Moderate,1
33,salaried,15691,3,1,5370,business,335222,3.35,24,527,70,81,2,1,15546,1.333,1.7803,High,0
27,salaried,76834,2,1,13855,vehicle,430483,4.3,36,441,62,68,3,3,13991,0.3624,0.4669,High,0
56,salaried,124194,1,0,0,home,2826219,28.26,240,729,80,42,11,0,28216,0.2272,1.8964,Low,1
40,not_employed,5000,1,0,0,personal,62786,0.63,48,600,74,68,0,3,1607,0.3214,1.0464,High,0
21,salaried,26876,1,2,15475,education,2337213,23.37,60,866,100,46,2,0,50235,2.4449,7.2469,Moderate,1
28,salaried,78659,0,4,51128,home,3883071,38.83,120,540,80,64,6,5,52396,1.3161,4.1138,High,0
36,salaried,25898,2,0,0,home,873120,8.73,300,703,81,79,1,3,8243,0.3183,2.8095,Low,1
34,self_employed,20000,1,0,0,home,500000,5.0,360,842,99,36,0,0,4573,0.2286,2.0833,Low,1
32,self_employed,50722,3,4,32969,personal,341656,3.42,48,727,83,54,6,3,8747,0.8224,0.5613,High,0
43,salaried,84881,2,0,0,home,3006277,30.06,120,619,77,53,16,4,40565,0.4779,2.9515,High,0
35,not_employed,8000,2,3,5200,education,2686087,26.86,84,629,78,49,14,3,45289,6.3111,27.9801,High,0
48,salaried,74124,1,0,0,business,1523756,15.24,24,683,93,50,2,2,70665,0.9533,1.7131,High,0
54,salaried,32526,0,3,21141,home,1726960,17.27,240,688,78,64,6,2,17241,1.18,4.4246,High,0
22,salaried,41596,2,0,0,personal,230839,2.31,24,691,84,53,3,2,10705,0.2574,0.4625,Low,1
52,salaried,48602,1,2,18025,home,2449584,24.5,240,794,93,58,15,1,24456,0.8741,4.2001,Moderate,1
43,self_employed,67486,0,1,22067,business,884552,8.85,24,586,73,72,9,2,41022,0.9348,1.0923,High,0
42,salaried,51984,0,4,31353,home,2248663,22.49,180,672,84,36,14,1,24856,1.0813,3.6047,High,0
45,salaried,63678,0,0,0,education,1094476,10.94,36,599,77,67,17,1,35573,0.5586,1.4323,High,0
42,self_employed,117603,2,0,0,home,3594295,35.94,360,632,74,67,15,1,32878,0.2796,2.5469,High,0
42,salaried,62042,0,1,5191,personal,369464,3.69,36,783,88,29,15,1,12008,0.2772,0.4963,Low,1
62,salaried,64353,1,1,6423,business,812892,8.13,60,900,98,48,7,1,17472,0.3713,1.0526,Low,1
26,salaried,18970,1,1,1722,personal,139446,1.39,36,585,66,94,2,4,4532,0.3297,0.6126,High,0
35,salaried,50520,1,2,13805,home,2708100,27.08,300,818,90,53,16,2,25569,0.7794,4.467,Moderate,1
63,salaried,65362,3,0,0,personal,124671,1.25,36,705,82,58,5,3,4052,0.062,0.1589,Low,1
57,self_employed,107275,3,2,60394,personal,673391,6.73,36,799,88,54,3,0,21886,0.767,0.5231,Moderate,1
53,salaried,32357,1,0,0,home,1697310,16.97,360,600,89,60,15,0,15525,0.4798,4.3713,Moderate,1
28,salaried,33010,0,0,0,home,1439653,14.4,360,744,87,48,3,2,13169,0.3989,3.6344,Low,1
64,self_employed,37824,1,2,14031,education,1899993,19.0,60,643,72,49,11,4,40838,1.4506,4.186,High,0
64,self_employed,91962,2,2,36827,business,1249286,12.49,24,728,95,57,15,3,57936,1.0305,1.1321,Moderate,0
25,salaried,91156,1,0,0,business,2276809,22.77,84,745,84,43,2,1,38388,0.4211,2.0814,Low,1
59,salaried,38388,2,1,10829,home,1570205,15.7,180,661,71,56,15,4,17357,0.7342,3.4086,High,0
24,salaried,84522,0,3,23692,education,2525487,25.25,120,669,69,53,2,1,34077,0.6835,2.49,High,0
26,salaried,52790,2,1,4691,home,2276983,22.77,180,672,84,65,4,3,25169,0.5656,3.5944,Moderate,1
52,salaried,45498,0,1,14515,home,1298546,12.99,120,665,81,59,7,3,17521,0.7041,2.3784,High,0
50,salaried,43181,2,1,14325,home,2115353,21.15,240,589,79,89,16,4,21119,0.8208,4.0823,High,0
55,self_employed,108802,1,1,36146,vehicle,877866,8.78,84,615,79,50,11,1,14801,0.4683,0.6724,High,0
60,salaried,59596,2,2,12864,personal,396850,3.97,24,643,84,59,3,3,18404,0.5247,0.5549,High,0
36,self_employed,369778,0,0,0,vehicle,2028214,20.28,60,739,83,44,2,2,43594,0.1179,0.4571,Low,1
33,salaried,29397,1,1,3701,personal,203938,2.04,48,705,84,30,9,3,5221,0.3035,0.5781,Low,1
62,self_employed,90624,2,1,18783,personal,404196,4.04,36,715,81,48,8,2,13137,0.3522,0.3717,Low,1
50,salaried,35684,0,3,21100,personal,237354,2.37,48,555,80,67,14,2,6077,0.7616,0.5543,High,0
39,self_employed,29868,2,2,19414,education,1098419,10.98,84,622,71,73,12,1,18520,1.2701,3.0646,High,0
37,salaried,48702,2,2,13280,personal,253066,2.53,48,645,85,59,18,1,6479,0.4057,0.433,Moderate,1
39,salaried,53231,1,1,9256,business,719778,7.2,84,829,88,51,6,2,12135,0.4019,1.1268,Low,1
48,salaried,282350,1,1,50093,business,5000000,50.0,60,710,80,50,13,2,107469,0.558,1.4757,Moderate,1
46,self_employed,51672,1,2,20883,education,1511362,15.11,84,624,78,76,11,3,25482,0.8973,2.4374,High,0
57,salaried,24881,1,1,8590,home,880335,8.8,300,822,85,21,23,0,8311,0.6793,2.9485,Low,1
46,salaried,57745,1,0,0,vehicle,458465,4.58,36,711,81,42,0,1,14901,0.258,0.6616,Low,1
43,salaried,15000,2,1,4334,business,341907,3.42,24,791,93,36,18,2,15856,1.346,1.8995,Moderate,0
29,salaried,46389,1,0,0,home,1498191,14.98,180,596,84,67,7,4,16560,0.357,2.6914,High,0
32,salaried,49494,0,1,7159,education,1920073,19.2,120,598,77,58,13,3,25908,0.6681,3.2328,High,0
21,salaried,78965,0,2,26582,home,3098326,30.98,240,674,93,58,1,0,30933,0.7284,3.2697,High,0
21,not_employed,8000,0,0,0,home,536538,5.37,120,607,82,72,1,3,7239,0.9049,5.5889,High,0
54,self_employed,130469,1,1,16903,home,4218104,42.18,120,735,87,36,18,3,56916,0.5658,2.6942,Moderate,1
52,not_employed,0,2,0,0,home,500000,5.0,120,826,90,32,22,1,6746,6746.0,41666.6667,High,0
45,salaried,27031,2,1,4743,personal,197437,1.97,48,494,62,78,16,3,5055,0.3625,0.6087,High,0
60,self_employed,38447,0,1,9300,home,2200331,22.0,360,595,76,62,3,2,20127,0.7654,4.7692,High,0
21,self_employed,23882,3,1,6128,education,2165943,21.66,36,716,86,58,1,0,70398,3.2043,7.5578,High,0
36,self_employed,73487,1,0,0,vehicle,296748,2.97,60,636,70,67,4,0,6378,0.0868,0.3365,High,0
59,salaried,111432,3,0,0,vehicle,520955,5.21,84,754,92,46,7,0,8783,0.0788,0.3896,Low,1
25,salaried,26919,2,2,16674,home,685453,6.85,300,611,75,58,0,1,6471,0.8598,2.122,High,0
42,self_employed,20000,2,0,0,education,530855,5.31,84,739,85,55,12,1,8950,0.4475,2.2119,Low,1
49,salaried,94332,0,1,20244,personal,247540,2.48,36,563,78,67,13,4,8045,0.2999,0.2187,High,0
23,salaried,124527,0,1,32135,education,2922590,29.23,60,652,85,48,4,4,62817,0.7625,1.9558,High,0
32,salaried,15000,0,0,0,personal,50000,0.5,36,837,80,46,1,0,1625,0.1083,0.2778,Low,1
46,not_employed,12000,2,2,2321,personal,50000,0.5,48,540,80,74,15,4,1280,0.3001,0.3472,High,0
36,self_employed,21896,1,1,6644,education,818495,8.18,60,765,84,54,15,3,17592,1.1069,3.1151,Moderate,0
57,not_employed,0,2,1,0,personal,50962,0.51,12,737,96,55,21,1,4492,4492.0,4246.8333,High,0
42,salaried,43969,1,4,28579,personal,208534,2.09,12,786,94,50,19,0,18381,1.068,0.3952,Moderate,1
49,salaried,55893,2,2,21363,business,1113688,11.14,36,564,68,57,8,3,36197,1.0298,1.6604,High,0
34,salaried,37504,0,0,0,personal,114777,1.15,12,759,95,41,5,0,10117,0.2698,0.255,Low,1
48,salaried,43460,0,3,28249,personal,187962,1.88,24,761,93,52,9,1,8716,0.8506,0.3604,Moderate,1
25,salaried,61114,1,2,21067,personal,375651,3.76,24,606,74,70,2,2,17421,0.6298,0.5122,High,0
50,salaried,91515,1,0,0,personal,196619,1.97,12,598,71,59,23,3,17331,0.1894,0.179,High,0
25,salaried,15168,1,4,9859,personal,50000,0.5,36,701,82,58,2,2,1625,0.7571,0.2747,High,0
32,salaried,39286,2,0,0,business,453894,4.54,36,665,83,46,1,2,14752,0.3755,0.9628,Low,1
36,not_employed,5000,0,0,0,home,542039,5.42,120,660,81,54,6,3,7314,1.4628,9.034,High,0
46,salaried,55730,1,1,5097,business,375976,3.76,36,674,79,51,14,0,12220,0.3107,0.5622,Moderate,1
46,self_employed,20000,2,1,3862,personal,121140,1.21,60,835,88,36,2,1,2603,0.3232,0.5048,Low,1
41,salaried,31277,0,2,10999,home,1137934,11.38,360,611,80,73,11,0,10409,0.6845,3.0319,High,0
59,salaried,27249,3,4,14039,education,1181035,11.81,60,698,86,55,16,2,25385,1.4468,3.6119,High,0
56,salaried,89657,4,1,9343,education,2454033,24.54,120,721,83,56,11,2,33113,0.4735,2.2809,Low,1
53,salaried,31462,0,2,20450,education,419820,4.2,36,649,82,89,3,2,13645,1.0837,1.112,High,0
50,salaried,22661,1,2,10425,vehicle,200000,2.0,48,642,78,59,15,1,5120,0.686,0.7355,High,0
57,self_employed,92917,1,1,28382,personal,521992,5.22,60,763,78,48,1,0,11219,0.4262,0.4682,Low,1
43,salaried,28417,2,3,18471,home,1196207,11.96,240,612,73,61,4,1,11942,1.0702,3.5079,High,0
30,salaried,39718,1,1,13803,business,356059,3.56,60,774,85,36,9,0,7653,0.5402,0.7471,Low,1
25,salaried,204574,2,0,0,personal,1500000,15.0,60,646,85,58,3,1,32240,0.1576,0.611,Low,1
56,not_employed,8000,2,0,0,personal,63846,0.64,12,644,80,63,19,4,5627,0.7034,0.6651,High,0
54,self_employed,37469,0,0,0,personal,161193,1.61,36,682,87,32,19,1,5239,0.1398,0.3585,Low,1
51,self_employed,45296,2,0,0,education,1668972,16.69,60,756,87,57,15,1,35872,0.7919,3.0705,High,0
30,salaried,57431,2,2,35640,personal,245835,2.46,48,565,77,65,4,1,6294,0.7302,0.3567,High,0
39,self_employed,52868,1,2,26475,personal,143252,1.43,24,782,89,35,6,1,6643,0.6264,0.2258,Low,1
52,self_employed,133266,3,1,36161,home,5099295,50.99,120,769,88,52,20,0,68807,0.7877,3.1887,Moderate,0
21,salaried,211577,2,1,64986,education,1481854,14.82,60,773,87,55,2,1,31850,0.4577,0.5837,Low,1
25,not_employed,0,0,1,0,personal,50000,0.5,24,576,75,66,0,7,2318,2318.0,4166.6667,High,0
24,salaried,15000,1,1,4785,personal,102253,1.02,12,552,71,56,2,3,9013,0.9199,0.5681,High,0
36,not_employed,5000,1,0,0,education,411263,4.11,120,624,78,55,9,2,5549,1.1098,6.8544,High,0
44,self_employed,311691,0,1,90379,vehicle,2246380,22.46,84,642,77,60,9,2,37875,0.4115,0.6006,High,0
36,salaried,52276,3,1,16732,education,2971871,29.72,36,671,85,80,15,1,96593,2.1678,4.7375,High,0
22,salaried,25665,0,0,0,business,423425,4.23,84,731,84,56,0,2,7139,0.2782,1.3748,Low,1
48,not_employed,12000,2,1,3839,home,555685,5.56,120,641,83,66,19,2,7498,0.9448,3.8589,High,0
52,salaried,33524,1,1,7353,personal,229028,2.29,12,790,100,37,22,2,20188,0.8215,0.5693,Moderate,1
47,salaried,69678,0,0,0,home,4147925,41.48,300,656,84,64,22,0,39163,0.5621,4.9608,Moderate,1
40,not_employed,8000,3,0,0,business,300000,3.0,60,688,73,57,1,2,6448,0.806,3.125,High,0
44,salaried,30804,3,1,3461,home,705800,7.06,360,606,70,73,22,1,6456,0.3219,1.9094,High,0
32,salaried,79739,1,2,46309,business,1183379,11.83,60,636,82,63,13,1,25435,0.8997,1.2367,High,0
55,salaried,29537,0,0,0,vehicle,330981,3.31,48,842,96,42,15,0,8474,0.2869,0.9338,Low,1
53,salaried,72072,0,1,17492,personal,274977,2.75,12,773,85,26,15,2,24238,0.579,0.3179,Low,1
53,salaried,49933,1,0,0,personal,272739,2.73,48,632,77,70,11,2,6983,0.1398,0.4552,Moderate,0
63,salaried,15000,1,0,0,personal,56095,0.56,36,816,96,38,2,3,1823,0.1215,0.3116,Low,1
57,salaried,34730,1,1,9335,home,982689,9.83,300,698,80,71,7,2,9278,0.5359,2.3579,Moderate,1
32,salaried,59928,3,1,13406,personal,424712,4.25,60,672,80,67,4,1,9128,0.376,0.5906,Low,1
23,self_employed,43269,1,2,24632,business,1050953,10.51,36,578,80,73,3,3,34158,1.3587,2.0241,High,0
21,salaried,15000,3,1,4387,personal,50000,0.5,36,624,73,64,2,1,1625,0.4008,0.2778,High,0
53,salaried,108277,2,0,0,personal,463975,4.64,12,560,74,72,5,0,40898,0.3777,0.3571,High,0
60,self_employed,68562,1,3,44565,personal,493182,4.93,12,738,86,55,21,1,43473,1.2841,0.5994,Moderate,0
30,salaried,63974,3,2,29107,vehicle,703286,7.03,36,618,78,46,1,2,22858,0.8123,0.9161,High,0
63,salaried,36902,1,0,0,education,2068781,20.69,60,682,89,55,11,4,44466,1.205,4.6718,High,0
64,salaried,67433,3,1,12151,vehicle,311053,3.11,84,657,78,61,4,1,5244,0.258,0.3844,Moderate,1
49,self_employed,259849,1,1,54169,vehicle,2500000,25.0,36,408,66,83,10,2,81256,0.5212,0.8017,High,0
33,salaried,31538,0,2,16594,home,1174529,11.75,180,814,88,35,8,0,12983,0.9378,3.1035,Low,1
32,salaried,133280,3,1,18476,personal,488513,4.89,36,644,85,57,12,1,15877,0.2578,0.3054,Low,1
51,self_employed,82359,1,4,53533,personal,295851,2.96,60,617,74,49,19,3,6358,0.7272,0.2994,High,0
22,salaried,29095,3,2,9843,personal,177741,1.78,12,522,77,64,2,4,15667,0.8768,0.5091,High,0
55,salaried,184874,3,1,21633,education,2509638,25.1,120,538,62,61,14,1,33863,0.3002,1.1312,High,0
43,salaried,62005,0,1,7402,personal,97744,0.98,48,584,81,63,2,0,2502,0.1597,0.1314,Moderate,1
37,salaried,73562,1,1,18769,personal,262904,2.63,60,681,80,45,17,3,5650,0.332,0.2978,Low,1
46,self_employed,48267,1,1,10358,education,794790,7.95,120,727,82,55,21,1,10724,0.4368,1.3722,Low,1
28,salaried,30400,2,2,6646,education,540897,5.41,120,695,72,57,6,2,7298,0.4587,1.4827,Moderate,1
49,salaried,54213,2,2,13672,education,818357,8.18,84,556,73,51,9,4,13798,0.5067,1.2579,High,0
46,salaried,126611,1,0,0,home,4520022,45.2,120,655,78,56,5,1,60990,0.4817,2.975,Moderate,0
30,self_employed,46736,1,0,0,business,920180,9.2,36,598,87,70,9,1,29908,0.6399,1.6407,High,0
46,salaried,48240,2,2,18271,home,1995955,19.96,240,793,94,43,4,1,19927,0.7918,3.448,Moderate,1
54,salaried,117453,0,2,52071,personal,334905,3.35,12,750,92,45,7,2,29521,0.6947,0.2376,Moderate,0
61,salaried,40937,2,0,0,business,407183,4.07,84,591,77,65,8,2,6865,0.1677,0.8289,High,0
27,salaried,66580,2,2,14616,vehicle,363599,3.64,36,656,90,52,1,1,11817,0.397,0.4551,Low,1
24,salaried,82984,3,2,20810,personal,220038,2.2,36,771,88,35,0,0,7151,0.3369,0.221,Low,1
31,salaried,43561,1,0,0,home,2173389,21.73,360,877,97,34,3,0,19880,0.4564,4.1578,Low,1
49,salaried,59035,0,2,38372,home,1298104,12.98,180,759,93,65,9,0,14349,0.893,1.8324,Moderate,1
56,salaried,72886,1,1,22152,personal,186308,1.86,36,854,84,44,4,0,6055,0.387,0.213,Low,1
45,salaried,38539,0,0,0,business,300000,3.0,24,555,79,71,20,3,13912,0.361,0.6487,High,0
41,not_employed,12000,3,2,6180,personal,50000,0.5,48,598,83,64,3,6,1280,0.6217,0.3472,High,0
56,salaried,79974,0,0,0,business,1128362,11.28,36,495,69,81,17,5,36674,0.4586,1.1758,High,0
30,self_employed,270706,2,0,0,education,813612,8.14,60,709,87,59,4,4,17487,0.0646,0.2505,Moderate,1
57,salaried,19147,1,0,0,home,790364,7.9,240,836,95,50,15,0,7890,0.4121,3.4399,Low,1
29,salaried,24031,1,1,3243,personal,50000,0.5,36,735,83,62,2,1,1625,0.2026,0.1734,Low,1
44,salaried,51179,0,1,17836,personal,141624,1.42,12,750,92,67,2,1,12483,0.5924,0.2306,Low,1
55,salaried,52804,2,0,0,personal,422370,4.22,24,720,78,49,21,2,19587,0.3709,0.6666,Moderate,1
55,salaried,42583,1,1,10002,personal,138827,1.39,24,676,84,62,1,2,6438,0.3861,0.2717,Low,1
56,not_employed,0,1,3,0,home,500000,5.0,300,619,81,50,9,3,4720,4720.0,41666.6667,High,0
38,salaried,18468,3,1,3829,business,300000,3.0,60,699,96,50,18,2,6448,0.5565,1.3537,Low,1
59,not_employed,5000,1,0,0,home,500000,5.0,360,730,87,60,10,2,4573,0.9146,8.3333,High,0
52,salaried,164975,1,0,0,business,3960305,39.6,36,677,85,62,16,1,128719,0.7802,2.0005,High,0
44,self_employed,164761,1,1,15520,home,8884366,88.84,360,835,96,5,11,1,81268,0.5874,4.4936,Low,1
43,salaried,36785,0,1,5994,business,705119,7.05,60,732,86,67,9,2,15155,0.5749,1.5974,Moderate,1
52,self_employed,41482,3,1,4822,vehicle,533655,5.34,60,682,89,41,5,0,11470,0.3927,1.0721,Moderate,1
57,salaried,43253,1,3,28114,personal,275727,2.76,12,599,79,59,4,1,24304,1.2119,0.5312,High,0
32,self_employed,52630,0,0,0,business,1189385,11.89,60,690,78,60,7,4,25564,0.4857,1.8832,High,0
33,salaried,72898,1,0,0,education,537507,5.38,84,761,89,68,12,2,9062,0.1243,0.6145,Low,1
43,self_employed,35006,2,1,3704,business,537078,5.37,36,563,74,75,3,5,17456,0.6045,1.2785,High,0
45,salaried,83571,1,1,12351,education,1216665,12.17,60,659,89,67,22,2,26150,0.4607,1.2132,Low,1
55,self_employed,120547,2,3,78355,home,2447774,24.48,120,782,90,46,12,0,33029,0.924,1.6921,Moderate,0
61,salaried,60221,0,1,13278,personal,469017,4.69,60,672,86,56,23,5,10081,0.3879,0.649,Low,1
50,self_employed,282572,1,3,183671,personal,1158455,11.58,24,686,88,55,4,0,53724,0.8401,0.3416,High,0
37,self_employed,167697,2,4,76370,home,3772527,37.73,360,654,85,62,18,0,34508,0.6612,1.8747,High,0
40,self_employed,140896,0,0,0,vehicle,1464849,14.65,60,665,73,69,7,1,31485,0.2235,0.8664,Low,1
45,salaried,51005,3,1,11536,business,475978,4.76,36,682,87,47,2,1,15470,0.5295,0.7777,Low,1
42,salaried,60540,0,0,0,home,1586231,15.86,120,753,85,53,19,0,21403,0.3535,2.1834,Low,1
33,not_employed,8000,2,0,0,business,300000,3.0,36,691,78,41,12,2,9750,1.2188,3.125,High,0
39,salaried,67123,1,3,43629,business,1225292,12.25,24,695,75,51,7,2,56824,1.4966,1.5212,High,0
56,salaried,95597,2,1,30646,personal,165295,1.65,36,703,89,68,15,2,5372,0.3768,0.1441,Low,1
32,self_employed,24972,0,1,7431,personal,133374,1.33,12,704,86,58,7,3,11756,0.7683,0.4451,High,0
61,self_employed,97524,0,1,10787,personal,216232,2.16,12,796,87,43,4,1,19060,0.306,0.1848,Low,1
39,salaried,15000,0,1,3052,business,300000,3.0,24,648,75,59,4,1,13912,1.1309,1.6667,High,0
32,self_employed,102926,0,1,11168,business,1228017,12.28,84,695,77,52,9,2,20705,0.3097,0.9943,Moderate,1
29,self_employed,25244,1,4,14734,personal,70684,0.71,60,585,76,70,10,4,1519,0.6438,0.2333,High,0
27,salaried,57884,1,0,0,personal,332461,3.32,48,837,96,30,3,0,8512,0.1471,0.4786,Low,1
48,self_employed,177348,1,1,39911,business,3655646,36.56,24,653,83,47,24,4,169534,1.181,1.7177,High,0
34,salaried,80308,2,1,23161,vehicle,1137771,11.38,36,635,73,55,2,1,36980,0.7489,1.1806,High,0
51,salaried,102194,2,1,24998,business,2415770,24.16,24,698,85,43,0,3,112033,1.3409,1.9699,High,0
39,salaried,96038,2,2,16663,education,2765441,27.65,84,659,87,59,18,2,46627,0.659,2.3996,High,0
36,salaried,35790,1,1,11407,personal,64511,0.65,60,493,73,67,2,1,1386,0.3574,0.1502,High,0
25,self_employed,96631,1,0,0,home,3171179,31.71,240,540,67,61,2,1,31660,0.3276,2.7348,High,0
55,salaried,17414,1,1,5748,personal,117591,1.18,24,647,85,54,10,3,5453,0.6432,0.5627,High,0
32,salaried,32462,2,1,6617,business,300000,3.0,36,740,85,59,13,0,9750,0.5042,0.7701,Low,1
45,salaried,113050,0,4,60512,home,5138646,51.39,240,664,86,48,16,1,51303,0.9891,3.7879,High,0
41,salaried,38908,0,0,0,business,897661,8.98,60,881,100,42,16,0,19294,0.4959,1.9226,Low,1
56,salaried,15981,2,2,10051,home,936951,9.37,360,689,91,42,3,2,8570,1.1652,4.8858,High,0
43,salaried,164098,0,1,35910,business,1789056,17.89,36,817,87,37,4,1,58148,0.5732,0.9085,Low,1
36,salaried,68689,3,2,38384,home,1953116,19.53,240,689,81,29,16,3,19499,0.8427,2.3695,High,0
59,self_employed,110368,3,0,0,home,3935712,39.36,300,545,79,68,7,2,37160,0.3367,2.9717,High,0
62,salaried,27220,0,0,0,education,1943463,19.43,60,637,78,65,22,0,41772,1.5346,5.9499,High,0
59,salaried,58129,0,1,18130,personal,105393,1.05,60,877,100,25,3,0,2265,0.3509,0.1511,Low,1
34,salaried,57213,1,3,37188,vehicle,622092,6.22,36,581,74,73,5,1,20219,1.0034,0.9061,High,0
51,self_employed,31033,2,2,14685,home,818558,8.19,360,583,72,57,15,3,7487,0.7145,2.1981,High,0
25,salaried,44272,1,1,12803,home,1013504,10.14,240,575,78,88,3,4,10118,0.5177,1.9077,High,0
55,salaried,19924,2,2,8977,business,300000,3.0,36,688,82,57,7,2,9750,0.9399,1.2548,High,0
43,salaried,39814,1,0,0,business,329676,3.3,60,540,78,74,24,4,7086,0.178,0.69,High,0
49,not_employed,0,1,3,0,home,500000,5.0,180,601,70,62,20,3,5526,5526.0,41666.6667,High,0
63,salaried,85775,0,1,21442,vehicle,845231,8.45,48,618,76,74,23,2,21640,0.5023,0.8212,High,0
31,self_employed,71400,2,1,9773,personal,304364,3.04,36,676,80,52,3,1,9892,0.2754,0.3552,Low,1
38,salaried,58990,0,2,18674,personal,307365,3.07,36,687,83,62,14,2,9990,0.4859,0.4342,Low,1
32,salaried,65706,2,0,0,home,3351561,33.52,180,533,73,78,11,3,37048,0.5638,4.2507,High,0
29,self_employed,63735,1,1,17670,home,3643986,36.44,360,570,78,64,3,2,33332,0.8002,4.7645,High,0
30,salaried,36670,1,4,23835,home,1063819,10.64,180,713,81,54,7,0,11759,0.9707,2.4176,Moderate,0
64,self_employed,147816,3,3,52310,home,4719507,47.2,240,839,99,36,1,2,47118,0.6726,2.6607,Moderate,1
37,self_employed,67880,3,0,0,home,3292866,32.93,360,706,79,47,13,0,30121,0.4437,4.0425,Moderate,0
58,self_employed,52439,1,1,8305,business,1199876,12.0,36,858,84,40,16,0,38998,0.9021,1.9068,Moderate,1
27,salaried,48766,0,2,25498,home,1182309,11.82,180,643,80,54,5,6,13069,0.7909,2.0204,High,0
33,self_employed,58455,2,4,34790,vehicle,783087,7.83,60,889,97,33,13,0,16831,0.8831,1.1164,Moderate,1
60,salaried,44114,1,1,9499,business,404036,4.04,60,659,78,47,7,3,8684,0.4122,0.7632,Moderate,0
62,self_employed,85552,0,0,0,personal,255579,2.56,60,450,64,69,0,3,5493,0.0642,0.249,High,0
29,salaried,27958,3,1,5582,personal,102298,1.02,12,614,83,72,4,0,9017,0.5222,0.3049,High,0
47,self_employed,30024,0,1,5342,home,1192611,11.93,240,665,83,57,13,1,11906,0.5745,3.3102,Moderate,1
22,salaried,68566,0,0,0,business,1629719,16.3,36,840,95,43,3,0,52969,0.7725,1.9807,Low,1
25,salaried,44929,0,1,7661,personal,232341,2.32,24,850,97,49,6,0,10775,0.4103,0.4309,Low,1
49,salaried,87801,2,0,0,personal,267972,2.68,60,718,81,52,20,4,5759,0.0656,0.2543,Low,1
57,self_employed,83042,2,0,0,vehicle,350498,3.5,48,717,82,49,13,1,8973,0.1081,0.3517,Low,1
58,salaried,35186,1,0,0,education,405219,4.05,36,887,98,28,22,0,13170,0.3743,0.9597,Low,1
39,salaried,69220,1,1,8001,personal,144755,1.45,36,625,80,66,5,4,4704,0.1835,0.1743,Moderate,0
28,self_employed,156022,1,1,41651,personal,1220125,12.2,48,683,77,56,7,1,31239,0.4672,0.6517,Moderate,1
21,salaried,64099,2,1,19038,business,1268405,12.68,24,546,71,66,1,5,58823,1.2147,1.649,High,0
42,salaried,73082,0,1,16089,business,1159117,11.59,84,568,75,71,8,2,19543,0.4876,1.3217,High,0
37,salaried,44220,3,2,17288,personal,298733,2.99,12,600,76,70,14,1,26332,0.9864,0.563,High,0
27,salaried,88949,0,2,35106,home,5098370,50.98,240,720,86,59,2,1,50901,0.9669,4.7765,Moderate,0
45,salaried,34599,4,1,9869,business,300000,3.0,84,782,87,47,6,2,5058,0.4314,0.7226,Low,1
24,salaried,60061,0,0,0,business,1344935,13.45,60,651,82,57,2,2,28907,0.4813,1.8661,Low,1
56,salaried,229051,2,0,0,business,5000000,50.0,60,634,77,66,6,2,107469,0.4692,1.8191,High,0
26,salaried,67732,0,0,0,home,3087424,30.87,240,768,87,62,6,0,30824,0.4551,3.7986,Low,1
51,self_employed,42763,0,1,6080,vehicle,546655,5.47,60,900,100,38,15,1,11749,0.4169,1.0653,Low,1
39,salaried,38025,3,1,11236,home,2033702,20.34,120,747,83,46,7,1,27441,1.0171,4.4569,Moderate,1
64,salaried,46966,3,2,16758,personal,283126,2.83,36,617,81,64,10,3,9202,0.5527,0.5024,High,0
59,self_employed,118302,1,4,76896,education,2497597,24.98,120,702,82,64,20,1,33701,0.9349,1.7593,High,0
47,salaried,53501,2,1,16349,home,2289304,22.89,180,786,95,51,19,1,25305,0.7786,3.5658,Low,1
30,salaried,33219,1,2,18755,business,378092,3.78,24,804,94,42,2,0,17534,1.0924,0.9485,Low,1
46,self_employed,35587,3,0,0,personal,275992,2.76,24,654,80,91,13,2,12799,0.3597,0.6463,Moderate,0
39,not_employed,5000,1,1,1563,business,300000,3.0,36,737,81,47,4,1,9750,2.2626,5.0,High,0
59,self_employed,67618,1,1,17887,personal,334946,3.35,24,762,97,45,3,1,15533,0.4942,0.4128,Low,1
23,self_employed,45353,1,1,13943,education,1659741,16.6,60,528,70,98,0,8,35674,1.094,3.0497,High,0
33,self_employed,110928,1,0,0,personal,775293,7.75,36,849,91,45,5,0,25198,0.2272,0.5824,Low,1
48,salaried,26048,3,1,2950,education,2950451,29.5,84,729,92,62,17,1,49746,2.023,9.4391,High,0
40,self_employed,84309,0,1,23406,education,2819016,28.19,120,546,75,63,20,8,38038,0.7288,2.7864,High,0
48,salaried,17656,0,0,0,home,784893,7.85,240,731,80,67,1,1,7836,0.4438,3.7046,Low,1
28,self_employed,38212,1,1,7335,personal,294334,2.94,48,534,74,74,2,3,7535,0.3891,0.6419,High,0
61,salaried,40227,2,0,0,home,923066,9.23,240,515,68,61,14,4,9215,0.2291,1.9122,High,0
59,salaried,133909,0,1,17735,business,2582938,25.83,84,607,78,64,11,2,43550,0.4577,1.6074,High,0
21,salaried,41569,1,1,7639,home,2285361,22.85,300,684,85,55,2,0,21577,0.7028,4.5815,Moderate,0
23,self_employed,20000,3,2,11561,personal,76267,0.76,60,808,87,39,4,1,1639,0.66,0.3178,Moderate,0
33,salaried,15000,0,1,1291,personal,109121,1.09,24,693,73,53,2,3,5060,0.4234,0.6062,Moderate,1
48,self_employed,61526,2,3,39991,vehicle,292507,2.93,60,614,76,57,16,3,6287,0.7522,0.3962,High,0
45,self_employed,97832,2,0,0,home,2617911,26.18,180,898,100,52,0,3,28938,0.2958,2.2299,Low,1
53,salaried,61406,1,2,16465,personal,167691,1.68,24,720,91,33,3,1,7776,0.3948,0.2276,Low,1
58,self_employed,68463,3,1,14102,business,1418883,14.19,84,607,81,61,19,3,23923,0.5554,1.7271,High,0
26,self_employed,151722,2,1,48584,education,2471988,24.72,36,697,83,52,7,1,80345,0.8498,1.3577,High,0
64,salaried,35463,1,1,3558,personal,253726,2.54,36,793,96,49,13,0,8246,0.3329,0.5962,Low,1
52,salaried,83863,1,3,54510,vehicle,952415,9.52,48,428,65,82,12,1,24385,0.9408,0.9464,High,0
41,salaried,18412,2,1,3798,education,1414797,14.15,120,694,88,50,10,0,19090,1.2431,6.4034,High,0
36,salaried,28482,1,0,0,home,600962,6.01,300,832,90,43,11,0,5674,0.1992,1.7583,Low,1
41,salaried,16577,3,2,3327,home,596624,5.97,180,831,91,57,11,1,6595,0.5985,2.9993,Low,1
31,self_employed,48056,1,0,0,business,488773,4.89,36,576,78,78,7,3,15886,0.3306,0.8476,High,0
57,salaried,47678,1,1,5875,personal,298926,2.99,24,706,81,70,8,2,13863,0.414,0.5225,Low,1
56,self_employed,65596,0,0,0,personal,424247,4.24,60,840,88,49,2,0,9118,0.139,0.539,Low,1
55,salaried,50875,0,1,5954,personal,390996,3.91,36,643,79,67,8,3,12708,0.3668,0.6405,High,0
39,salaried,28098,0,0,0,business,460853,4.61,60,507,72,68,4,3,9905,0.3525,1.3668,High,0
40,self_employed,51421,3,0,0,home,2521084,25.21,360,699,85,63,12,3,23061,0.4485,4.0857,Low,1
38,self_employed,20000,2,0,0,education,929078,9.29,120,707,93,64,5,1,12536,0.6268,3.8712,Moderate,1
61,salaried,111072,2,2,66290,personal,547732,5.48,36,700,83,39,9,3,17802,0.7571,0.4109,High,0
34,salaried,40856,2,1,8856,education,1209547,12.1,120,731,78,54,7,1,16321,0.6162,2.4671,Moderate,0
35,salaried,36558,2,0,0,business,468569,4.69,36,780,97,45,9,1,15229,0.4166,1.0681,Low,1
51,salaried,127180,1,0,0,home,7264795,72.65,120,712,81,69,14,2,98027,0.7708,4.7602,High,0
21,salaried,23263,3,0,0,business,564710,5.65,60,845,94,45,2,0,12137,0.5217,2.0229,Low,1
23,salaried,24950,1,1,6977,home,903119,9.03,180,837,90,33,3,1,9983,0.6798,3.0164,Moderate,1
36,salaried,25393,3,1,4719,business,548290,5.48,36,621,82,61,3,3,17820,0.8876,1.7993,High,0
43,self_employed,56709,2,0,0,personal,270968,2.71,36,656,75,59,6,1,8807,0.1553,0.3982,Low,1
31,salaried,63511,1,2,22638,home,1485268,14.85,360,625,74,58,7,0,13586,0.5704,1.9488,High,0
32,salaried,76405,1,2,33389,vehicle,853971,8.54,84,812,88,42,1,0,14398,0.6254,0.9314,Low,1
30,salaried,229394,1,2,149091,vehicle,2338801,23.39,36,462,54,92,8,2,76016,0.9813,0.8496,High,0
52,self_employed,20000,0,3,13000,personal,85880,0.86,48,723,81,54,23,0,2198,0.7599,0.3578,Moderate,0
36,self_employed,97439,1,1,14784,home,3424852,34.25,120,704,79,53,13,3,46213,0.626,2.9291,High,0
28,salaried,35091,1,3,21437,personal,157003,1.57,60,626,75,65,3,2,3374,0.707,0.3728,High,0
58,self_employed,37453,0,0,0,business,788083,7.88,36,586,77,67,4,4,25614,0.6839,1.7535,High,0
32,salaried,33797,3,1,3863,home,892989,8.93,120,553,71,77,2,3,12049,0.4708,2.2018,High,0
44,salaried,28416,2,1,6579,home,1382280,13.82,240,655,75,64,22,1,13800,0.7172,4.0537,High,0
48,salaried,134687,3,0,0,personal,586848,5.87,24,622,73,51,18,3,27215,0.2021,0.3631,High,0
28,salaried,81257,2,0,0,vehicle,457510,4.58,36,632,85,58,7,3,14870,0.183,0.4692,Low,1
48,self_employed,60995,1,3,39646,home,3515340,35.15,240,652,82,60,0,0,35096,1.2254,4.8028,High,0
56,self_employed,176453,1,2,63189,personal,1188649,11.89,36,718,82,67,18,3,38633,0.577,0.5614,Moderate,1
46,salaried,19781,2,2,8349,home,1056168,10.56,240,597,80,63,24,0,10544,0.9551,4.4494,High,0
28,salaried,22061,3,0,0,personal,50000,0.5,60,612,84,68,4,4,1074,0.0487,0.1889,High,0
48,salaried,15000,1,0,0,education,2729187,27.29,120,533,73,75,18,4,36826,2.4551,15.1622,High,0
48,salaried,32220,3,0,0,vehicle,200000,2.0,84,589,76,52,17,2,3372,0.1047,0.5173,High,0
57,salaried,54015,3,0,0,business,813293,8.13,84,706,77,53,2,1,13712,0.2539,1.2547,Low,1
61,salaried,52141,2,4,19455,home,1153505,11.54,180,757,88,47,21,2,12750,0.6177,1.8436,Low,1
56,salaried,53616,3,1,10833,business,674124,6.74,24,669,74,53,0,2,31263,0.7851,1.0478,High,0
47,salaried,21022,1,0,0,home,764888,7.65,360,720,81,45,24,4,6996,0.3328,3.0321,Low,1
37,salaried,79371,3,1,9563,personal,311690,3.12,24,613,78,79,4,4,14454,0.3026,0.3273,High,0
29,salaried,56600,2,2,19216,vehicle,541183,5.41,48,692,78,66,10,2,13856,0.5843,0.7968,High,0
53,self_employed,107628,0,1,29406,personal,670412,6.7,60,630,85,57,13,2,14409,0.4071,0.5191,Moderate,0
40,salaried,15746,3,3,10234,home,615581,6.16,360,673,72,63,13,0,5630,1.0075,3.2579,High,0
33,not_employed,0,1,1,0,vehicle,200000,2.0,60,554,76,64,2,0,4298,4298.0,16666.6667,High,0
48,salaried,59094,1,1,16992,personal,462253,4.62,60,692,80,48,18,1,9935,0.4557,0.6519,Low,1
49,self_employed,24007,1,2,5186,business,399221,3.99,60,749,87,33,17,0,8580,0.5734,1.3858,Low,1
33,self_employed,24996,0,1,7237,vehicle,200000,2.0,36,618,79,69,7,2,6500,0.5496,0.6668,High,0
55,self_employed,41168,1,1,6986,home,1176824,11.77,180,612,82,59,21,2,13008,0.4857,2.3822,High,0
26,salaried,32406,2,1,7867,personal,171714,1.72,60,731,85,53,6,1,3690,0.3566,0.4416,Low,1
38,self_employed,218485,0,4,142015,home,10896515,108.97,300,712,83,46,17,2,102882,1.1209,4.1561,High,0
25,salaried,36233,1,0,0,personal,212169,2.12,48,621,78,57,6,2,5432,0.1499,0.488,High,0
45,salaried,23160,0,0,0,home,1026810,10.27,180,707,90,36,8,1,11350,0.4901,3.6946,Low,1
22,salaried,23954,1,0,0,business,300000,3.0,36,627,72,59,1,3,9750,0.407,1.0437,High,0
30,salaried,43897,2,1,9966,home,1341246,13.41,300,682,80,67,6,2,12663,0.5155,2.5462,Moderate,1
50,salaried,16427,2,0,0,home,753136,7.53,180,539,72,57,12,3,8325,0.5068,3.8206,High,0
25,not_employed,5000,3,1,1400,home,595931,5.96,180,794,89,45,3,1,6587,1.5974,9.9322,High,0
53,self_employed,95744,2,0,0,home,3956665,39.57,360,626,82,57,12,1,36193,0.378,3.4438,High,0
21,salaried,32707,1,0,0,business,463582,4.64,36,776,89,46,1,1,15067,0.4607,1.1811,Low,1
38,not_employed,12000,3,4,7800,personal,64409,0.64,36,595,78,58,18,2,2093,0.8244,0.4473,High,0
52,salaried,51024,2,2,20637,business,1071754,10.72,24,638,84,74,19,2,49703,1.3786,1.7504,High,0
31,not_employed,5000,1,2,2876,home,586652,5.87,180,761,89,39,4,1,6484,1.872,9.7775,High,0
41,salaried,30416,2,1,9452,personal,93267,0.93,48,814,96,33,18,1,2387,0.3892,0.2555,Low,1
46,salaried,34815,3,3,22629,personal,185326,1.85,48,801,100,44,15,1,4744,0.7862,0.4436,Low,1
45,self_employed,23311,2,0,0,home,1189565,11.9,360,605,73,69,13,1,10881,0.4668,4.2525,High,0
42,self_employed,61520,1,1,17517,education,1046153,10.46,84,587,77,53,12,2,17638,0.5714,1.4171,High,0
47,self_employed,23101,2,1,2957,personal,134951,1.35,12,713,87,38,10,3,11895,0.6429,0.4868,Moderate,1
33,not_employed,0,0,0,0,vehicle,200000,2.0,36,694,80,63,13,1,6500,6500.0,16666.6667,High,0
53,self_employed,20000,1,1,2955,home,906602,9.07,300,663,78,55,7,3,8559,0.5757,3.7775,High,0
54,salaried,117548,1,1,33104,vehicle,528762,5.29,36,749,88,40,2,0,17186,0.4278,0.3749,Low,1
61,self_employed,89459,0,1,9168,personal,301134,3.01,60,669,77,66,7,3,6472,0.1748,0.2805,Moderate,0
55,self_employed,101268,0,0,0,home,5627524,56.28,180,692,85,57,15,1,62206,0.6143,4.6309,Moderate,1
21,salaried,26861,0,0,0,personal,119858,1.2,60,440,63,66,1,3,2576,0.0959,0.3718,High,0
41,self_employed,57856,2,0,0,personal,154213,1.54,36,720,89,57,1,2,5012,0.0866,0.2221,Low,1
26,salaried,54823,2,1,11845,business,722637,7.23,36,758,92,61,6,0,23487,0.6445,1.0984,Low,1
48,self_employed,49500,4,0,0,personal,129826,1.3,36,674,84,52,5,1,4219,0.0852,0.2186,Low,1
37,self_employed,20000,1,0,0,home,740997,7.41,300,805,100,35,1,0,6996,0.3498,3.0875,Low,1
25,self_employed,548506,1,0,0,personal,1384118,13.84,12,754,87,52,5,1,122008,0.2224,0.2103,Low,1
51,self_employed,116851,3,4,75953,home,6910260,69.1,180,743,90,58,23,2,76385,1.3037,4.9281,High,0
25,self_employed,83823,0,2,51829,business,1886205,18.86,84,747,90,37,3,2,31802,0.9977,1.8752,High,0
58,salaried,107832,2,1,29201,education,1895562,18.96,60,728,83,47,12,1,40743,0.6486,1.4649,Low,1
23,self_employed,100243,2,0,0,business,1455275,14.55,36,742,79,47,4,0,47299,0.4718,1.2098,Moderate,1
43,salaried,32652,0,1,5013,home,1642207,16.42,300,575,79,63,14,1,15505,0.6284,4.1912,High,0
57,salaried,103763,3,2,21293,vehicle,656464,6.56,60,588,76,71,4,1,14109,0.3412,0.5272,Moderate,0
57,salaried,81742,2,2,17490,education,386689,3.87,120,584,73,59,3,4,5217,0.2778,0.3942,High,0
30,salaried,33403,0,3,16247,home,1131754,11.32,360,751,94,51,10,2,10352,0.7963,2.8235,Moderate,1
30,salaried,78748,0,1,16665,home,3762249,37.62,360,747,80,60,2,0,34414,0.6486,3.9813,Low,1
39,self_employed,49392,0,1,12558,vehicle,654170,6.54,60,857,87,49,1,2,14060,0.5389,1.1037,Low,1
37,salaried,55552,1,3,15189,home,1773395,17.73,360,675,78,59,1,0,16221,0.5654,2.6603,Moderate,0
41,salaried,70248,1,3,45661,education,2227388,22.27,36,791,81,40,4,0,72395,1.6806,2.6423,Moderate,1
34,salaried,111424,1,2,40925,home,5424884,54.25,360,491,65,78,10,5,49623,0.8126,4.0572,High,0
29,salaried,33269,1,1,10466,personal,206401,2.06,48,556,74,81,8,3,5284,0.4734,0.517,High,0
21,salaried,61021,3,1,13690,business,383952,3.84,24,782,83,50,2,3,17806,0.5162,0.5243,Low,1
33,salaried,164297,1,0,0,education,583575,5.84,84,668,84,51,12,4,9839,0.0599,0.296,Low,1
24,salaried,44106,0,0,0,home,2268483,22.68,120,592,76,63,1,4,30609,0.694,4.286,High,0
21,salaried,55156,1,1,15089,education,1732716,17.33,60,622,75,58,1,3,37242,0.9488,2.6179,High,0
60,salaried,164150,1,1,19483,personal,275676,2.76,12,644,86,54,7,2,24300,0.2667,0.14,Low,1
52,salaried,71860,1,1,12638,business,1308596,13.09,24,639,74,52,7,4,60687,1.0204,1.5175,High,0
54,salaried,20243,1,1,6376,vehicle,200000,2.0,48,637,74,57,6,6,5120,0.5679,0.8233,High,0
48,self_employed,31685,0,2,6506,business,760149,7.6,36,654,78,60,19,3,24706,0.9851,1.9992,High,0
51,self_employed,103949,2,3,64669,home,5012941,50.13,120,558,75,69,22,3,67642,1.2728,4.0188,High,0
28,salaried,63183,4,2,14887,home,2700512,27.01,240,729,92,32,2,1,26961,0.6623,3.5618,Moderate,0
59,not_employed,5000,1,1,719,business,300000,3.0,24,616,84,40,20,2,13912,2.9262,5.0,High,0
46,salaried,44684,1,1,3778,home,1677382,16.77,360,660,72,45,21,5,15343,0.4279,3.1282,High,0
54,salaried,29244,2,0,0,home,1098673,10.99,120,614,80,67,0,3,14824,0.5069,3.1308,High,0
23,not_employed,8000,2,0,0,vehicle,200000,2.0,60,774,100,37,1,1,4298,0.5372,2.0833,High,0
32,salaried,46765,1,0,0,home,1135739,11.36,300,592,77,68,4,1,10723,0.2293,2.0238,High,0
21,not_employed,0,3,0,0,home,500000,5.0,240,681,75,51,2,6,4991,4991.0,41666.6667,High,0
64,salaried,33277,1,1,2923,personal,176682,1.77,36,557,76,65,15,6,5742,0.2604,0.4425,High,0
25,salaried,94288,1,1,11125,personal,392794,3.93,36,728,85,61,5,1,12766,0.2534,0.3472,Low,1
50,salaried,31292,2,3,20339,personal,246447,2.46,12,663,86,62,24,3,21723,1.3442,0.6563,High,0
50,self_employed,20000,3,0,0,vehicle,200000,2.0,84,719,97,40,12,1,3372,0.1686,0.8333,Low,1
37,salaried,48399,2,1,4237,home,1345896,13.46,240,659,89,73,7,1,13437,0.3652,2.3174,Low,1
43,self_employed,75722,0,3,49219,home,3502991,35.03,240,436,71,79,18,3,34973,1.1119,3.8551,High,0
35,salaried,56934,1,0,0,business,951734,9.52,24,583,66,70,16,3,44137,0.7752,1.393,High,0
57,salaried,40295,1,0,0,education,591238,5.91,84,533,74,72,4,6,9968,0.2474,1.2227,High,0
41,salaried,52830,1,0,0,education,2829058,28.29,84,661,71,66,16,2,47699,0.9029,4.4625,High,0
34,salaried,121694,2,1,31747,personal,760686,7.61,12,636,72,52,12,1,67053,0.8119,0.5209,High,0
22,self_employed,81258,2,1,14919,business,1662111,16.62,36,604,83,66,3,2,54022,0.8484,1.7046,High,0
31,salaried,39182,2,0,0,personal,107034,1.07,12,757,91,53,1,1,9434,0.2408,0.2276,Low,1
59,self_employed,40128,4,0,0,personal,110297,1.1,12,659,72,54,6,1,9722,0.2423,0.2291,Moderate,1
58,self_employed,52266,1,0,0,personal,150830,1.51,12,550,71,66,1,4,13295,0.2544,0.2405,High,0
54,salaried,130881,3,2,30499,personal,260581,2.61,36,660,75,66,7,0,8469,0.2977,0.1659,Low,1
58,salaried,43915,2,1,7577,personal,111160,1.11,12,503,61,74,3,3,9798,0.3957,0.2109,High,0
54,salaried,48442,1,0,0,education,2564128,25.64,84,724,86,46,21,1,43232,0.8924,4.411,High,0
38,salaried,36702,2,1,7464,personal,78013,0.78,36,675,90,49,16,3,2535,0.2724,0.1771,Low,1
50,salaried,94787,0,1,22755,education,2734079,27.34,84,699,83,90,12,2,46098,0.7264,2.4037,High,0
35,salaried,158879,2,1,25728,personal,286759,2.87,60,728,86,59,0,3,6163,0.2007,0.1504,Low,1
47,salaried,64239,1,1,16751,personal,209606,2.1,36,624,84,60,22,2,6812,0.3668,0.2719,Moderate,1
54,salaried,51516,1,0,0,home,2362694,23.63,240,887,100,30,20,0,23588,0.4579,3.8219,Low,1
58,salaried,50114,2,1,4789,vehicle,277099,2.77,36,736,81,39,21,0,9006,0.2753,0.4608,Low,1
53,salaried,15000,2,0,0,business,300000,3.0,24,683,77,53,18,1,13912,0.9275,1.6667,High,0
44,self_employed,108675,0,1,34109,vehicle,960079,9.6,48,638,63,55,18,1,24581,0.5401,0.7362,High,0
35,self_employed,66658,0,3,19774,education,2198523,21.99,36,581,74,80,6,4,71457,1.3686,2.7485,High,0
50,salaried,63386,1,1,15048,education,1104439,11.04,120,379,62,90,1,5,14902,0.4725,1.452,High,0
62,salaried,31988,1,0,0,education,2538983,25.39,60,568,68,78,21,5,54572,1.706,6.6144,High,0
37,self_employed,44021,3,2,24734,education,731722,7.32,120,781,94,45,8,0,9873,0.7861,1.3852,Moderate,0
25,salaried,38306,3,3,9456,personal,240506,2.41,36,522,72,58,5,3,7817,0.4509,0.5232,High,0
49,self_employed,135577,1,0,0,home,2871977,28.72,120,691,85,51,23,5,38753,0.2858,1.7653,Low,1
24,salaried,39055,2,2,20391,home,1698310,16.98,300,573,68,85,4,1,16035,0.9327,3.6238,High,0
30,salaried,171030,1,3,48968,home,3487136,34.87,300,564,74,92,5,2,32924,0.4788,1.6991,High,0
37,salaried,63482,2,1,14832,home,1396270,13.96,180,642,77,74,5,2,15434,0.4768,1.8329,High,0
30,salaried,22801,0,0,0,personal,137404,1.37,24,575,63,56,2,1,6372,0.2795,0.5022,High,0
37,salaried,45382,1,1,11099,home,1869021,18.69,180,821,87,36,13,2,20660,0.6998,3.432,Moderate,1
40,salaried,33156,2,0,0,personal,199499,1.99,12,661,82,57,6,3,17585,0.5304,0.5014,Moderate,0
44,self_employed,20000,0,0,0,vehicle,208387,2.08,84,678,79,77,4,3,3513,0.1756,0.8683,Moderate,0
25,self_employed,215254,2,1,44437,personal,617169,6.17,12,721,85,62,2,1,54402,0.4592,0.2389,Low,1
54,salaried,74748,2,2,25779,personal,446025,4.46,60,676,81,68,12,3,9586,0.4731,0.4973,Low,1
26,self_employed,91726,1,0,0,business,1328950,13.29,24,740,83,51,3,2,61631,0.6719,1.2074,High,0
22,salaried,54135,1,4,35187,home,2908163,29.08,180,590,73,66,3,0,32146,1.2438,4.4767,High,0
33,salaried,21392,3,0,0,personal,92145,0.92,60,577,85,43,10,1,1980,0.0926,0.359,Moderate,1
63,self_employed,40664,2,2,8929,home,2137457,21.37,360,741,83,55,17,3,19552,0.7004,4.3803,High,0
63,salaried,81232,1,0,0,personal,407264,4.07,36,560,71,59,22,2,13237,0.163,0.4178,High,0
31,salaried,26088,1,0,0,personal,173095,1.73,24,744,89,43,6,1,8027,0.3077,0.5529,Low,1
43,salaried,15000,2,0,0,personal,119556,1.2,36,753,81,42,5,5,3885,0.259,0.6642,Low,1
36,salaried,42776,1,2,23259,home,2326100,23.26,180,725,87,46,13,1,25712,1.1448,4.5316,Moderate,0
51,self_employed,53454,0,4,34745,business,1230463,12.3,24,646,72,57,9,1,57064,1.7175,1.9183,High,0
31,self_employed,66732,1,1,17931,home,2674859,26.75,180,703,78,65,11,0,29567,0.7118,3.3403,High,0
36,self_employed,107238,3,4,69704,education,2920731,29.21,120,557,62,52,14,2,39410,1.0175,2.2697,High,0
28,self_employed,99716,2,2,64815,personal,765992,7.66,24,730,82,49,2,1,35523,1.0062,0.6401,Moderate,0
24,salaried,57254,4,0,0,home,2610218,26.1,180,658,72,63,3,1,28853,0.5039,3.7992,High,0
60,salaried,100440,2,2,62216,business,2067533,20.68,84,799,97,52,11,0,34859,0.9665,1.7154,Low,1
24,salaried,19704,3,3,8096,personal,133119,1.33,12,768,89,58,2,0,11734,1.0064,0.563,Moderate,1
45,salaried,66353,0,1,17500,business,1200068,12.0,24,743,85,72,7,1,55654,1.1025,1.5072,Moderate,1
23,salaried,71390,2,0,0,home,3404520,34.05,300,780,83,43,0,0,32144,0.4503,3.9741,Low,1
52,not_employed,0,0,1,0,business,300000,3.0,24,657,81,72,6,1,13912,13912.0,25000.0,High,0
23,salaried,18960,2,0,0,personal,147931,1.48,24,660,86,64,4,2,6860,0.3618,0.6502,Low,1
47,salaried,24432,1,1,5445,home,611426,6.11,180,691,87,70,24,1,6758,0.4995,2.0855,Low,1
49,salaried,24656,1,1,5255,business,429253,4.29,36,721,89,60,22,0,13951,0.779,1.4508,High,0
52,salaried,79304,3,0,0,business,1780881,17.81,36,798,93,52,5,0,57882,0.7299,1.8714,Moderate,1
39,self_employed,206764,3,0,0,personal,802038,8.02,48,583,81,53,10,2,20534,0.0993,0.3233,Moderate,0
41,salaried,78753,0,0,0,vehicle,1163521,11.64,84,658,70,40,10,2,19617,0.2491,1.2312,Moderate,1
25,salaried,42543,2,0,0,personal,129735,1.3,24,743,81,37,3,0,6016,0.1414,0.2541,Low,1
38,self_employed,78747,1,1,23013,personal,607881,6.08,48,557,73,71,6,4,15563,0.4899,0.6433,High,0
48,salaried,29089,1,0,0,home,1144598,11.45,240,811,98,57,7,0,11427,0.3928,3.279,Low,1
62,salaried,94686,2,0,0,business,1923400,19.23,36,830,92,28,23,0,62515,0.6602,1.6928,Low,1
42,self_employed,84594,1,2,27474,vehicle,1214595,12.15,84,605,77,72,6,6,20478,0.5668,1.1965,High,0
41,self_employed,111141,3,3,72241,home,2332101,23.32,300,569,72,62,12,7,22019,0.8481,1.7486,High,0
26,salaried,31681,0,0,0,personal,243482,2.43,12,697,73,67,4,2,21462,0.6774,0.6405,High,0
21,self_employed,52319,2,0,0,education,2856996,28.57,36,732,85,31,0,2,92859,1.7749,4.5506,High,0
25,self_employed,106943,2,1,10840,personal,364381,3.64,24,776,89,41,0,2,16898,0.2594,0.2839,Low,1
61,salaried,116553,1,0,0,home,2516282,25.16,240,596,72,60,5,4,25122,0.2155,1.7991,High,0
32,not_employed,12000,1,0,0,home,500000,5.0,300,622,83,65,6,3,4720,0.3933,3.4722,High,0
46,self_employed,85170,2,2,37260,personal,383574,3.84,48,701,87,64,16,1,9820,0.5528,0.3753,Moderate,0
54,self_employed,28704,2,0,0,home,1332804,13.33,180,550,67,62,12,2,14732,0.5132,3.8694,High,0
34,self_employed,100495,1,1,19535,home,3045054,30.45,300,657,81,44,6,3,28750,0.4805,2.525,Low,1
46,salaried,18458,1,1,2543,education,1477927,14.78,120,758,84,49,19,1,19942,1.2182,6.6725,Moderate,0
47,salaried,21994,0,1,7574,education,1259290,12.59,84,668,73,54,5,2,21232,1.3097,4.7713,High,0
29,salaried,176552,0,0,0,personal,808163,8.08,24,825,94,49,6,2,37479,0.2123,0.3815,Low,1
46,salaried,36095,1,0,0,personal,200459,2.0,60,656,82,57,19,2,4308,0.1194,0.4628,Low,1
42,salaried,75940,0,0,0,personal,449444,4.49,60,718,83,52,18,1,9660,0.1272,0.4932,Low,1
50,self_employed,232962,2,0,0,personal,1500000,15.0,36,794,88,52,19,1,48753,0.2093,0.5366,Low,1
63,self_employed,20000,2,1,6017,education,2963339,29.63,36,806,85,55,20,1,96315,5.1166,12.3472,High,0
37,salaried,96350,3,3,38905,vehicle,1375623,13.76,60,651,77,61,14,3,29567,0.7107,1.1898,High,0
46,self_employed,100624,2,1,25353,education,2149984,21.5,120,566,78,73,1,3,29010,0.5403,1.7805,High,0
56,self_employed,222418,3,1,43860,education,2379753,23.8,84,669,74,58,18,2,40124,0.3776,0.8916,High,0
21,salaried,24126,1,0,0,home,903451,9.03,240,582,72,72,1,1,9019,0.3738,3.1206,High,0
28,salaried,117096,2,1,22052,personal,207562,2.08,48,644,70,70,0,3,5314,0.2337,0.1477,High,0
55,salaried,31456,4,2,18003,vehicle,442487,4.42,36,697,79,53,19,3,14381,1.0295,1.1722,High,0
35,self_employed,139221,2,0,0,vehicle,1834165,18.34,84,460,64,84,11,2,30925,0.2221,1.0979,High,0
42,salaried,47972,0,0,0,home,1879813,18.8,300,731,92,38,1,2,17748,0.37,3.2655,Low,1
34,self_employed,110925,2,3,72101,personal,796374,7.96,24,463,68,68,9,6,36932,0.9829,0.5983,High,0
46,salaried,50479,3,2,9661,business,1209534,12.1,84,667,87,59,9,3,20393,0.5954,1.9968,Moderate,1
48,self_employed,20000,2,1,4512,personal,127731,1.28,60,801,86,37,18,1,2745,0.3628,0.5322,Low,1
43,self_employed,20000,1,2,4254,business,300000,3.0,84,877,89,32,19,3,5058,0.4656,1.25,Low,1
34,self_employed,70822,2,0,0,business,977596,9.78,36,843,95,10,10,2,31774,0.4486,1.1503,Low,1
44,not_employed,5000,4,1,1568,personal,50000,0.5,24,555,71,71,17,6,2318,0.7772,0.8333,High,0
22,self_employed,48485,0,3,31515,vehicle,477259,4.77,36,653,83,47,2,2,15512,0.9699,0.8203,High,0
46,self_employed,20000,2,3,4896,vehicle,200000,2.0,48,685,83,44,16,4,5120,0.5008,0.8333,High,0
34,not_employed,0,1,0,0,vehicle,200000,2.0,84,843,99,58,4,0,3372,3372.0,16666.6667,High,0
27,self_employed,160711,2,0,0,home,7119473,71.19,360,685,79,62,0,0,65124,0.4052,3.6917,Moderate,0
23,self_employed,61401,2,0,0,personal,129409,1.29,60,515,72,82,2,3,2781,0.0453,0.1756,High,0
43,salaried,74164,0,2,47615,home,4321888,43.22,360,569,70,71,5,1,39534,1.1751,4.8562,High,0
63,salaried,94148,0,0,0,home,2107643,21.08,240,900,97,28,10,0,21042,0.2235,1.8655,Low,1
38,salaried,74233,2,1,24325,personal,544057,5.44,48,676,84,53,1,4,13929,0.5153,0.6108,Moderate,0
58,salaried,57749,0,1,6234,home,2241374,22.41,240,726,92,82,9,2,22377,0.4954,3.2344,Low,1
55,salaried,26932,1,1,4887,education,1116386,11.16,36,719,75,64,22,1,36285,1.5287,3.4543,High,0
35,not_employed,8000,2,1,1587,personal,64155,0.64,60,628,79,78,16,1,1378,0.3706,0.6683,High,0
45,self_employed,20000,1,0,0,home,1067882,10.68,180,698,81,62,12,2,11804,0.5902,4.4495,Moderate,1
57,self_employed,36907,1,4,23989,personal,203446,2.03,36,738,85,55,7,1,6612,0.8291,0.4594,High,0
48,salaried,50248,3,1,16971,business,706291,7.06,84,674,80,73,3,2,11908,0.5747,1.1713,High,0
30,salaried,79455,0,0,0,education,823466,8.23,84,789,77,53,2,0,13884,0.1747,0.8637,Low,1
59,salaried,44143,1,0,0,personal,280254,2.8,48,671,84,39,16,2,7175,0.1625,0.5291,Low,1
37,salaried,49770,2,2,14973,vehicle,555899,5.56,84,685,86,57,10,1,9372,0.4892,0.9308,Low,1
59,salaried,34580,2,2,10603,personal,179968,1.8,36,669,76,41,11,2,5849,0.4758,0.4337,Moderate,1
42,salaried,19790,3,0,0,home,657930,6.58,360,584,75,57,0,1,6018,0.3041,2.7705,High,0
46,self_employed,20000,3,1,2662,business,453982,4.54,84,567,66,63,12,6,7654,0.5158,1.8916,High,0
64,self_employed,44730,2,2,22644,business,556607,5.57,36,731,86,45,6,3,18091,0.9107,1.037,High,0
45,salaried,51574,0,3,33523,personal,230136,2.3,24,705,80,63,12,0,10672,0.8569,0.3719,Moderate,0
37,salaried,37677,0,0,0,vehicle,200000,2.0,48,754,87,44,0,1,5120,0.1359,0.4424,Low,1
33,salaried,16554,1,2,8385,vehicle,239275,2.39,48,694,79,63,7,2,6126,0.8766,1.2045,High,0
40,salaried,55317,0,1,16855,home,1720263,17.2,300,720,82,40,20,3,16242,0.5983,2.5915,Low,1
45,not_employed,5000,2,1,1029,home,500000,5.0,180,649,72,66,22,4,5526,1.311,8.3333,High,0
24,salaried,56086,2,1,8998,personal,317363,3.17,36,694,82,39,4,1,10315,0.3443,0.4715,Low,1
30,salaried,66242,0,0,0,home,2777094,27.77,240,717,92,48,4,1,27725,0.4185,3.4936,Low,1
23,salaried,39978,2,1,5722,home,853279,8.53,360,664,81,59,1,3,7805,0.3384,1.7786,Low,1
61,salaried,28833,0,0,0,business,671117,6.71,60,689,87,56,4,3,14424,0.5003,1.9397,Moderate,1
38,salaried,98342,1,0,0,home,2209958,22.1,360,848,90,49,3,1,20215,0.2056,1.8727,Low,1
56,self_employed,77329,2,1,13747,education,1658725,16.59,120,666,80,45,2,4,22382,0.4672,1.7875,Moderate,0
42,self_employed,20000,1,2,7251,personal,50073,0.5,12,879,100,20,4,0,4413,0.5832,0.2086,Low,1
54,salaried,74022,1,1,14057,personal,382351,3.82,36,601,76,83,0,4,12427,0.3578,0.4304,High,0
28,salaried,65624,0,1,11560,personal,179110,1.79,48,864,99,41,2,0,4585,0.246,0.2274,Low,1
60,salaried,40328,1,4,26213,personal,321813,3.22,60,471,69,76,3,2,6917,0.8215,0.665,High,0
64,self_employed,218786,2,2,142210,home,7986736,79.87,240,765,85,38,2,1,79737,1.0144,3.0421,Moderate,0
39,salaried,33829,3,1,7605,business,395164,3.95,60,626,73,76,10,1,8493,0.4759,0.9734,High,0
62,salaried,44294,1,2,23737,education,551395,5.51,84,603,68,61,19,0,9296,0.7458,1.0374,High,0
61,salaried,77744,1,3,50533,home,3103572,31.04,240,542,62,87,18,7,30985,1.0485,3.3267,High,0
57,salaried,51331,2,4,33365,education,2488589,24.89,36,663,80,67,6,3,80885,2.2258,4.0401,High,0
26,salaried,21361,3,2,11464,home,1141825,11.42,360,680,80,79,1,3,10444,1.0256,4.4545,High,0
46,salaried,54736,1,1,9194,home,1202573,12.03,120,614,79,55,17,4,16226,0.4644,1.8309,High,0
54,salaried,38229,1,2,24703,personal,93470,0.93,60,743,80,65,12,0,2009,0.6987,0.2038,Moderate,1
26,self_employed,118847,2,0,0,education,1906137,19.06,120,693,83,68,1,2,25720,0.2164,1.3365,Low,1
57,salaried,53676,2,1,9977,personal,339315,3.39,60,540,79,82,8,4,7293,0.3217,0.5268,High,0
53,not_employed,0,0,4,0,personal,55596,0.56,36,590,76,46,6,0,1807,1807.0,4633.0,High,0
42,salaried,120695,2,0,0,home,3078032,30.78,180,799,89,43,10,0,34024,0.2819,2.1252,Low,1
41,not_employed,8000,0,1,2052,vehicle,200000,2.0,36,555,66,60,7,0,6500,1.069,2.0833,High,0
26,self_employed,57851,1,0,0,education,2689277,26.89,36,666,87,42,6,2,87408,1.5109,3.8739,High,0
26,salaried,36076,1,1,11956,business,337113,3.37,36,689,75,43,5,0,10956,0.6351,0.7787,High,0
24,self_employed,20000,3,2,3930,education,1030749,10.31,36,710,86,61,5,1,33501,1.8716,4.2948,High,0
50,salaried,44310,1,4,28801,home,1058245,10.58,240,711,75,47,18,3,10565,0.8884,1.9902,High,0
31,self_employed,46128,1,0,0,education,1711854,17.12,60,849,89,38,8,1,36794,0.7977,3.0926,Moderate,1
50,salaried,61958,0,0,0,business,1524310,15.24,36,620,73,64,1,2,49543,0.7996,2.0502,High,0
51,salaried,44696,3,0,0,personal,290529,2.91,60,628,71,47,11,1,6244,0.1397,0.5417,High,0
44,salaried,40447,0,2,6944,home,1514078,15.14,360,628,80,65,6,7,13849,0.5141,3.1195,High,0
29,not_employed,5000,1,0,0,personal,63792,0.64,48,453,73,82,4,1,1633,0.3266,1.0632,High,0
23,salaried,16854,0,2,8030,home,584911,5.85,180,781,92,41,4,1,6465,0.86,2.892,Moderate,1
51,salaried,126769,2,2,71360,business,2102459,21.02,36,577,72,54,0,4,68335,1.102,1.3821,High,0
60,self_employed,68206,1,0,0,home,1721032,17.21,120,407,72,94,15,2,23222,0.3405,2.1027,High,0
57,self_employed,119248,1,3,50548,home,6402955,64.03,180,582,74,60,0,1,70778,1.0174,4.4745,High,0
56,salaried,76506,1,1,19429,business,1163366,11.63,36,656,72,71,13,6,37812,0.7482,1.2672,High,0
44,salaried,38971,3,0,0,home,1985251,19.85,120,839,97,43,16,1,26787,0.6874,4.2451,Low,1
51,salaried,173630,1,4,112859,home,7170192,71.7,180,665,84,55,12,2,79259,1.1065,3.4413,High,0
26,salaried,34691,2,0,0,business,866912,8.67,84,657,79,63,5,0,14616,0.4213,2.0825,Moderate,0
22,salaried,51771,3,3,33651,home,3065851,30.66,240,741,94,57,3,2,30608,1.2412,4.935,High,0
40,not_employed,0,3,1,0,education,826785,8.27,84,628,75,48,18,1,13940,13940.0,68898.75,High,0
48,salaried,86858,1,2,15451,personal,385670,3.86,12,695,78,58,21,2,33996,0.5693,0.37,High,0
31,self_employed,115958,3,0,0,personal,582359,5.82,48,801,95,28,2,1,14910,0.1286,0.4185,Low,1
24,salaried,41033,0,1,4131,home,2217827,22.18,360,517,75,62,1,4,20287,0.5951,4.5042,High,0
35,salaried,20390,1,2,7596,home,500000,5.0,240,560,73,84,14,3,4991,0.6173,2.0435,High,0
26,salaried,109101,3,0,0,vehicle,776334,7.76,48,831,83,38,7,1,19876,0.1822,0.593,Low,1
50,salaried,69502,1,0,0,vehicle,989892,9.9,84,778,83,47,17,0,16690,0.2401,1.1869,Low,1
58,self_employed,46369,1,2,28297,business,404196,4.04,24,752,95,46,11,1,18745,1.0145,0.7264,Moderate,1
22,self_employed,92438,1,1,21476,personal,527984,5.28,36,778,79,44,1,1,17160,0.418,0.476,Low,1
35,salaried,51272,2,0,0,vehicle,389020,3.89,36,461,74,93,14,6,12644,0.2466,0.6323,High,0
31,not_employed,8000,1,1,666,education,2415396,24.15,60,577,78,60,4,2,51916,6.5728,25.1604,High,0
28,self_employed,171938,2,1,43661,home,10015299,100.15,240,773,96,29,4,1,99990,0.8355,4.8541,Low,1
46,salaried,28154,3,3,15453,education,2329892,23.3,60,632,81,51,2,1,50078,2.3276,6.8963,High,0
64,self_employed,133829,2,2,64606,personal,607362,6.07,12,697,90,52,15,3,53538,0.8828,0.3782,High,0
25,salaried,42523,0,3,23927,personal,295415,2.95,12,610,71,47,1,1,26040,1.1751,0.5789,High,0
26,salaried,53018,3,0,0,business,954242,9.54,84,724,86,62,3,1,16089,0.3035,1.4999,Low,1
46,self_employed,59810,1,3,16740,education,2434779,24.35,60,747,95,41,7,2,52332,1.1549,3.3924,Moderate,0
24,salaried,96233,0,0,0,home,2391400,23.91,360,564,72,92,5,2,21875,0.2273,2.0708,High,0
39,salaried,167573,0,0,0,home,5128025,51.28,120,542,68,64,2,4,69195,0.4129,2.5501,High,0
40,self_employed,24155,1,2,4003,vehicle,337067,3.37,36,680,81,48,20,2,10955,0.6193,1.1629,Moderate,0
53,salaried,27680,0,2,11173,education,1333534,13.34,120,504,66,76,17,4,17994,1.0537,4.0147,High,0
40,salaried,59450,0,0,0,home,3256403,32.56,120,704,82,49,21,2,43940,0.7391,4.5646,High,0
32,self_employed,31159,1,1,4064,personal,50000,0.5,60,565,71,73,4,1,1074,0.1649,0.1337,High,0
21,salaried,85832,1,1,22610,personal,166369,1.66,48,624,76,56,1,2,4259,0.313,0.1615,High,0
46,salaried,94510,2,1,8594,vehicle,874506,8.75,36,667,76,39,15,5,28423,0.3917,0.7711,High,0
34,self_employed,38666,2,1,11884,home,1718117,17.18,240,691,84,45,15,0,17153,0.751,3.7029,High,0
58,salaried,31004,2,2,18855,home,1255032,12.55,180,476,63,83,23,3,13873,1.0556,3.3733,High,0
57,salaried,41569,1,0,0,home,1202496,12.02,300,616,82,66,8,3,11353,0.2731,2.4106,Moderate,1
31,not_employed,0,0,3,0,business,300000,3.0,60,803,84,39,1,2,6448,6448.0,25000.0,High,0
56,self_employed,60227,3,0,0,education,1367559,13.68,36,695,87,51,8,3,44449,0.738,1.8922,High,0
33,salaried,20188,0,2,13122,education,1647795,16.48,120,668,78,44,11,2,22234,1.7513,6.8019,High,0
63,self_employed,40533,3,1,5775,home,2169158,21.69,180,782,91,33,3,5,23977,0.734,4.4597,High,0
23,self_employed,20000,0,0,0,personal,97742,0.98,48,802,94,45,1,1,2502,0.1251,0.4073,Low,1
53,salaried,74336,3,1,23966,vehicle,495593,4.96,36,707,89,59,1,2,16107,0.5391,0.5556,Moderate,1
26,salaried,75354,1,0,0,vehicle,540005,5.4,84,509,72,70,7,5,9104,0.1208,0.5972,High,0
30,salaried,17358,1,2,5507,vehicle,200000,2.0,48,781,87,53,11,1,5120,0.6122,0.9602,Low,1
25,self_employed,174051,2,2,113133,vehicle,2144597,21.45,60,765,90,37,6,0,46095,0.9148,1.0268,Moderate,0
43,salaried,219355,1,1,39168,business,5000000,50.0,60,795,91,38,4,2,107469,0.6685,1.8995,Moderate,1
30,salaried,50392,1,2,22470,education,410269,4.1,120,661,80,52,8,2,5535,0.5557,0.6785,Moderate,1
64,not_employed,8000,1,1,1985,business,300000,3.0,24,814,99,23,11,2,13912,1.9871,3.125,High,0
22,self_employed,76085,2,0,0,education,2902499,29.02,60,700,89,62,1,3,62386,0.82,3.179,High,0
33,salaried,37416,0,2,9942,personal,137208,1.37,60,698,85,66,2,3,2949,0.3445,0.3056,Low,1
60,salaried,75273,0,3,33343,home,4413357,44.13,180,552,75,76,6,2,48785,1.0911,4.8859,High,0
22,salaried,70023,1,2,21967,vehicle,825216,8.25,36,886,89,35,2,0,26821,0.6967,0.9821,Low,1
40,salaried,40295,0,0,0,home,1129192,11.29,120,707,84,42,3,3,15236,0.3781,2.3353,Low,1
21,self_employed,91712,2,0,0,business,684455,6.84,84,560,78,83,1,0,11540,0.1258,0.6219,High,0
57,self_employed,51404,0,2,23680,personal,180042,1.8,36,517,71,58,22,2,5851,0.5745,0.2919,High,0
29,salaried,19665,1,3,9615,home,664019,6.64,120,661,79,65,2,1,8959,0.9445,2.8139,High,0
37,salaried,84347,0,1,23895,home,3082459,30.82,360,842,97,46,18,0,28196,0.6176,3.0454,Low,1
29,self_employed,28985,1,0,0,personal,225372,2.25,12,595,79,52,1,1,19866,0.6854,0.648,High,0
31,salaried,83808,0,1,17629,personal,499636,5.0,48,651,85,47,7,3,12792,0.363,0.4968,Low,1
35,salaried,59540,0,1,9941,personal,364318,3.64,60,607,84,46,6,2,7830,0.2985,0.5099,Moderate,1
44,salaried,46596,0,1,6443,business,544216,5.44,24,733,82,58,12,1,25238,0.6799,0.9733,Moderate,0
58,salaried,15895,3,2,10331,personal,77117,0.77,24,614,81,61,14,2,3576,0.8749,0.4043,High,0
55,not_employed,8000,0,1,1960,personal,58582,0.59,24,670,78,58,20,2,2716,0.5845,0.6102,High,0
50,salaried,17502,2,0,0,personal,105690,1.06,36,773,83,46,10,0,3435,0.1963,0.5032,Low,1
51,salaried,21525,0,2,6761,education,854026,8.54,60,756,85,54,19,3,18356,1.1669,3.3063,Moderate,1
25,salaried,43189,0,1,14872,education,2127590,21.28,60,696,83,68,4,2,45730,1.4032,4.1052,Moderate,0
64,not_employed,0,1,1,0,education,2632000,26.32,60,600,75,59,23,1,56571,56571.0,219333.3333,High,0
34,salaried,115180,1,1,11091,home,4929063,49.29,120,698,87,59,13,1,66510,0.6737,3.5662,Moderate,0
31,salaried,62053,3,2,11101,personal,173599,1.74,12,876,100,40,11,0,15302,0.4255,0.2331,Low,1
29,salaried,65943,3,2,11367,business,445630,4.46,24,654,77,63,3,2,20666,0.4858,0.5632,Moderate,0
54,salaried,63920,2,2,15668,business,925333,9.25,36,741,81,40,4,0,30075,0.7156,1.2064,Moderate,0
32,salaried,50375,2,1,12151,personal,228078,2.28,12,705,89,58,2,1,20104,0.6403,0.3773,Low,1
55,salaried,122936,1,1,21145,home,3257829,32.58,360,479,67,80,2,5,29800,0.4144,2.2084,High,0
55,salaried,15000,1,1,2461,personal,50000,0.5,36,638,72,51,8,2,1625,0.2724,0.2778,Moderate,0
21,salaried,53515,3,1,9467,personal,237840,2.38,24,781,96,45,2,1,11030,0.383,0.3704,Low,1
60,self_employed,147833,2,1,21323,business,2877419,28.77,24,886,96,42,12,1,133443,1.0469,1.622,Low,1
42,salaried,15758,1,4,10242,home,882557,8.83,360,589,83,62,7,2,8073,1.1623,4.6672,High,0
49,salaried,81044,0,0,0,personal,456541,4.57,60,779,88,45,12,1,9812,0.1211,0.4694,Low,1
28,salaried,31048,0,1,9746,personal,149079,1.49,36,730,92,52,3,3,4845,0.4699,0.4001,Low,1
31,not_employed,8000,3,0,0,vehicle,200000,2.0,60,742,86,62,0,1,4298,0.5372,2.0833,High,0
61,salaried,52359,1,1,11935,business,1300796,13.01,24,801,99,46,7,1,60325,1.3801,2.0703,Low,1
57,self_employed,62736,1,0,0,business,956588,9.57,60,664,72,58,21,1,20560,0.3277,1.2707,Low,1
34,self_employed,36934,0,2,13266,home,1257915,12.58,240,660,89,55,9,0,12558,0.6992,2.8382,High,0
50,salaried,39897,2,0,0,education,1257838,12.58,120,852,97,40,23,1,16972,0.4254,2.6273,Low,1
55,not_employed,8000,0,2,4038,home,500000,5.0,120,689,81,43,8,1,6746,1.348,5.2083,High,0
41,salaried,15000,2,3,9750,personal,80169,0.8,36,750,75,57,12,0,2605,0.8237,0.4454,High,0
57,salaried,29123,0,2,17813,home,1614182,16.14,240,790,72,39,18,3,16115,1.165,4.6189,High,0
25,self_employed,89809,3,0,0,home,4863417,48.63,120,670,79,60,6,2,65624,0.7307,4.5127,High,0
39,self_employed,218118,2,2,107183,personal,714112,7.14,36,719,97,64,12,2,23210,0.5978,0.2728,Low,1
34,salaried,80468,0,0,0,business,1316128,13.16,36,809,96,50,12,1,42777,0.5316,1.363,Low,1
46,salaried,257175,1,1,26299,personal,976883,9.77,48,670,79,50,17,1,25011,0.1995,0.3165,Low,1
24,salaried,19299,1,2,8783,home,1022944,10.23,120,721,82,28,2,3,13803,1.1703,4.4171,Moderate,0
45,self_employed,39941,0,3,15510,personal,138271,1.38,12,519,66,83,14,4,12188,0.6935,0.2885,High,0
62,salaried,27838,3,1,3817,home,1385315,13.85,180,529,73,79,18,4,15313,0.6872,4.147,High,0
45,salaried,102500,1,1,28199,personal,441012,4.41,48,711,96,62,0,1,11291,0.3853,0.3585,Low,1
38,salaried,42944,1,2,25772,personal,341469,3.41,60,571,83,68,8,1,7339,0.771,0.6626,High,0
60,salaried,54924,0,2,11079,home,1872695,18.73,360,656,81,44,4,1,17130,0.5136,2.8413,Moderate,1
28,self_employed,99404,1,0,0,home,4140099,41.4,240,732,89,55,7,4,41333,0.4158,3.4708,Low,1
59,salaried,20478,3,1,4394,home,690123,6.9,120,858,95,69,18,0,9312,0.6693,2.8084,Low,1
60,not_employed,12000,1,0,0,personal,72670,0.73,48,675,81,49,0,2,1860,0.155,0.5047,High,0
34,salaried,33765,3,1,6415,home,778738,7.79,180,687,76,54,8,0,8608,0.4449,1.922,Moderate,1
52,self_employed,20000,3,1,5972,home,613512,6.14,120,505,78,90,9,3,8278,0.7125,2.5563,High,0
58,salaried,39263,0,1,3421,personal,286732,2.87,24,751,87,48,13,2,13297,0.4258,0.6086,Low,1
53,salaried,68905,0,0,0,business,662678,6.63,60,636,78,62,5,1,14243,0.2067,0.8014,Moderate,0
43,salaried,26364,3,2,17136,home,1444293,14.44,120,864,95,38,13,0,19488,1.3892,4.5652,Low,1
35,salaried,40454,1,1,7216,home,1245181,12.45,120,652,86,63,15,2,16801,0.5937,2.565,Moderate,0
53,salaried,15000,0,3,9750,vehicle,200000,2.0,48,759,86,46,14,3,5120,0.9913,1.1111,Moderate,1
45,not_employed,8000,1,2,4588,business,300000,3.0,24,800,95,41,4,0,13912,2.3125,3.125,High,0
37,self_employed,31353,1,1,6560,vehicle,200000,2.0,84,818,89,49,17,0,3372,0.3168,0.5316,Low,1
53,salaried,152326,2,0,0,education,2873572,28.74,120,783,95,52,24,0,38774,0.2545,1.5721,Low,1
22,salaried,38317,0,0,0,home,1561436,15.61,360,647,83,51,1,2,14283,0.3728,3.3959,Moderate,1
34,salaried,53484,0,2,34376,personal,412850,4.13,24,584,73,76,14,4,19146,1.0007,0.6433,High,0
60,salaried,107151,3,2,44059,education,2501099,25.01,36,596,83,62,8,2,81291,1.1698,1.9452,High,0
60,self_employed,65398,2,0,0,vehicle,746696,7.47,60,694,88,61,23,4,16049,0.2454,0.9515,Moderate,1
59,not_employed,0,1,0,0,education,2012872,20.13,84,661,80,54,23,2,33938,33938.0,167739.3333,High,0
26,salaried,16959,2,1,3480,business,300000,3.0,24,560,78,73,7,1,13912,1.0255,1.4741,High,0
26,salaried,61086,1,1,4993,home,2632858,26.33,180,876,95,29,4,0,29103,0.5582,3.5917,Low,1
23,salaried,38936,2,4,25308,home,1230765,12.31,240,720,78,46,3,0,12287,0.9656,2.6342,High,0
27,self_employed,70391,1,2,31597,vehicle,508687,5.09,84,638,74,58,7,2,8576,0.5707,0.6022,High,0
28,salaried,48497,0,0,0,business,612603,6.13,36,604,77,58,4,1,19911,0.4106,1.0526,High,0
62,self_employed,27415,2,2,14894,vehicle,200000,2.0,48,597,74,57,5,5,5120,0.73,0.6079,High,0
35,self_employed,57745,1,1,12642,business,1117787,11.18,60,637,82,52,2,3,24025,0.635,1.6131,High,0
49,salaried,23391,4,0,0,home,961163,9.61,360,659,83,54,20,2,8792,0.3759,3.4243,Low,1
53,self_employed,182184,1,1,59398,home,5832950,58.33,240,613,84,53,22,1,58234,0.6457,2.6681,High,0
50,salaried,21729,3,0,0,vehicle,200000,2.0,84,702,93,73,16,3,3372,0.1552,0.767,Low,1
59,self_employed,51193,3,0,0,home,3033266,30.33,240,452,58,84,22,3,30283,0.5915,4.9376,High,0
47,salaried,26229,0,3,12335,personal,78374,0.78,12,710,77,52,8,3,6908,0.7337,0.249,High,0
56,salaried,69026,2,1,15489,home,1397281,13.97,360,547,70,78,8,2,12781,0.4096,1.6869,High,0
49,self_employed,45929,1,1,8830,home,1569074,15.69,240,647,80,58,2,4,15665,0.5333,2.8469,High,0
58,self_employed,39539,3,0,0,personal,92612,0.93,12,826,90,48,19,1,8163,0.2065,0.1952,Low,1
53,self_employed,118487,1,0,0,business,809418,8.09,24,633,77,60,13,2,37537,0.3168,0.5693,High,0
57,salaried,49894,2,2,28084,personal,109416,1.09,36,626,74,57,9,2,3556,0.6341,0.1827,High,0
47,self_employed,90519,1,1,22972,home,4786291,47.86,120,739,88,35,22,0,64583,0.9673,4.4063,Moderate,0
53,salaried,27206,0,0,0,business,663823,6.64,84,586,81,70,7,2,11192,0.4114,2.0333,Moderate,0
24,self_employed,20000,0,0,0,home,500000,5.0,300,686,81,70,3,1,4720,0.236,2.0833,Low,1
42,salaried,52277,1,2,22228,business,960656,9.61,60,754,83,58,21,0,20648,0.8202,1.5314,Moderate,0
22,not_employed,0,2,0,0,home,500000,5.0,300,588,78,40,1,2,4720,4720.0,41666.6667,High,0
30,not_employed,12000,2,0,0,vehicle,200000,2.0,60,858,95,49,8,0,4298,0.3582,1.3889,High,0
25,self_employed,46393,2,0,0,personal,241162,2.41,36,662,83,87,2,4,7838,0.1689,0.4332,High,0
30,salaried,19247,1,0,0,personal,73520,0.74,24,625,79,66,0,1,3409,0.1771,0.3183,Moderate,0
53,salaried,268363,1,2,174435,business,1785763,17.86,24,673,82,43,17,2,82816,0.9586,0.5545,High,0
58,self_employed,43804,0,3,28472,business,300000,3.0,36,779,88,55,23,0,9750,0.8726,0.5707,Moderate,1
33,salaried,54724,2,3,35570,personal,111189,1.11,24,694,80,53,8,3,5156,0.7442,0.1693,High,0
51,self_employed,37803,4,0,0,vehicle,336459,3.36,84,524,67,62,6,6,5672,0.15,0.7417,High,0
56,salaried,33861,1,2,9325,home,1718958,17.19,120,660,82,50,1,3,23194,0.9604,4.2304,High,0
44,salaried,30610,0,0,0,vehicle,352079,3.52,36,662,84,62,13,1,11443,0.3738,0.9585,Low,1
35,self_employed,96858,0,0,0,home,2180980,21.81,240,837,91,42,4,2,21774,0.2248,1.8764,Low,1
49,salaried,21026,2,1,3509,home,1219243,12.19,180,777,92,49,6,1,13477,0.8079,4.8323,Moderate,0
28,salaried,60989,2,0,0,home,1395154,13.95,360,475,67,71,1,4,12762,0.2093,1.9063,High,0
25,salaried,15000,2,1,4739,home,500000,5.0,240,746,88,52,1,0,4991,0.6487,2.7778,Low,1
49,salaried,57763,1,1,18319,home,2582540,25.83,300,590,77,73,20,1,24383,0.7393,3.7258,High,0
24,self_employed,118103,2,0,0,home,3805124,38.05,300,625,74,58,0,0,35927,0.3042,2.6849,High,0
32,salaried,22817,2,0,0,personal,163771,1.64,48,825,92,44,12,0,4193,0.1838,0.5981,Low,1
22,not_employed,8000,1,1,1640,personal,50000,0.5,60,535,65,72,0,2,1074,0.3392,0.5208,High,0
47,self_employed,61300,1,1,18055,personal,215109,2.15,36,701,80,54,5,2,6991,0.4086,0.2924,Low,1
51,salaried,24466,0,2,15902,business,443843,4.44,60,900,100,34,2,0,9539,1.0399,1.5118,Low,1
56,self_employed,41089,1,1,5576,home,1737010,17.37,120,757,80,50,16,1,23438,0.7061,3.5229,Moderate,0
56,salaried,91108,3,1,10012,business,1728154,17.28,24,653,90,53,17,1,80144,0.9896,1.5807,High,0
46,salaried,26419,1,0,0,vehicle,217103,2.17,36,665,78,55,1,3,7056,0.2671,0.6848,Low,1
63,not_employed,8000,2,0,0,education,2538518,25.39,36,684,87,60,9,2,82508,10.3135,26.4429,High,0
47,salaried,43262,1,1,4760,vehicle,518054,5.18,48,868,99,42,7,0,13263,0.4166,0.9979,Low,1
25,salaried,18484,0,0,0,personal,81208,0.81,24,511,67,79,5,7,3766,0.2037,0.3661,High,0
40,salaried,15000,1,1,3671,personal,50000,0.5,24,695,89,73,8,1,2318,0.3993,0.2778,Low,1
31,salaried,58599,1,2,30272,home,3042499,30.42,360,673,82,41,9,1,27830,0.9915,4.3267,Moderate,0
30,salaried,53300,1,0,0,home,3135984,31.36,120,703,89,57,2,1,42315,0.7939,4.903,Moderate,0
60,self_employed,47673,0,0,0,business,1173200,11.73,84,611,67,81,8,3,19780,0.4149,2.0508,High,0
58,salaried,45994,1,0,0,home,990160,9.9,180,601,76,51,23,2,10945,0.238,1.794,High,0
26,salaried,314575,0,2,177208,personal,897451,8.97,60,720,78,53,4,5,19289,0.6246,0.2377,High,0
28,salaried,41986,0,0,0,business,979828,9.8,84,808,97,40,0,0,16520,0.3935,1.9448,Low,1
43,salaried,66574,1,0,0,home,3696717,36.97,360,768,89,56,18,2,33815,0.5079,4.6273,Low,1
46,salaried,33202,1,4,21581,personal,131094,1.31,60,798,90,24,23,2,2817,0.7348,0.329,Low,1
63,salaried,58520,3,2,17724,home,2061591,20.62,120,663,83,60,4,2,27818,0.7782,2.9357,High,0
32,salaried,42491,1,0,0,vehicle,362044,3.62,60,593,78,70,5,1,7781,0.1831,0.71,Moderate,0
46,salaried,38318,2,2,20322,business,671411,6.71,36,522,62,70,18,5,21822,1.0998,1.4602,High,0
33,salaried,145996,1,1,33463,home,7288719,72.89,240,636,80,50,2,0,72769,0.7276,4.1603,High,0
60,salaried,99340,2,1,27679,home,3790217,37.9,300,559,72,58,10,0,35786,0.6389,3.1795,High,0
38,not_employed,0,1,0,0,personal,52859,0.53,36,563,76,71,16,4,1718,1718.0,4404.9167,High,0
45,not_employed,12000,3,1,3784,home,566137,5.66,180,566,70,66,17,5,6258,0.8368,3.9315,High,0
53,salaried,53212,1,0,0,business,361394,3.61,24,672,82,54,11,1,16760,0.315,0.566,Low,1
60,self_employed,54197,2,1,14617,home,1899328,18.99,240,576,75,73,13,5,18962,0.6196,2.9204,High,0
63,self_employed,20000,1,4,13000,personal,52329,0.52,24,769,84,49,12,2,2426,0.7713,0.218,High,0
32,salaried,22592,0,1,6947,vehicle,200000,2.0,36,634,84,69,2,3,6500,0.5952,0.7377,High,0
64,salaried,59703,2,2,33122,business,993627,9.94,60,606,73,68,21,4,21356,0.9125,1.3869,High,0
56,self_employed,75641,0,1,12667,education,2695886,26.96,60,697,85,46,19,1,57945,0.9335,2.97,High,0
24,self_employed,102540,1,1,32462,personal,197307,1.97,48,738,86,36,4,3,5051,0.3658,0.1603,Low,1
25,salaried,30680,0,3,10059,personal,146216,1.46,12,714,85,52,1,2,12888,0.7479,0.3972,High,0
57,self_employed,73710,2,1,15145,personal,385818,3.86,48,768,96,65,4,1,9878,0.3395,0.4362,Low,1
28,salaried,27791,4,4,18064,education,1597900,15.98,84,845,92,46,8,0,26941,1.6194,4.7914,Moderate,1
62,self_employed,73715,1,1,6415,personal,270963,2.71,24,586,64,72,1,2,12566,0.2575,0.3063,High,0
48,not_employed,8000,2,1,847,business,300000,3.0,36,573,66,61,21,0,9750,1.3246,3.125,High,0
51,salaried,37943,1,2,21489,vehicle,316054,3.16,84,732,75,52,22,1,5328,0.7068,0.6941,High,0
29,self_employed,25920,1,1,5077,home,876937,8.77,300,725,82,63,2,0,8279,0.5153,2.8194,Low,1
49,salaried,80279,3,3,38024,home,3329543,33.3,180,610,72,58,15,3,36804,0.9321,3.4562,High,0
34,self_employed,24518,3,0,0,education,1617856,16.18,120,774,83,43,12,0,21830,0.8904,5.4989,Moderate,0
60,self_employed,60840,2,3,39546,vehicle,370167,3.7,48,709,87,49,18,1,9477,0.8058,0.507,High,0
61,salaried,162773,1,2,43200,business,2313159,23.13,84,636,75,43,2,1,39001,0.505,1.1842,High,0
42,salaried,68332,1,0,0,personal,425385,4.25,48,554,74,86,7,2,10891,0.1594,0.5188,High,0
31,salaried,64244,0,0,0,personal,176396,1.76,60,591,62,59,4,2,3791,0.059,0.2288,High,0
43,self_employed,264567,1,0,0,business,5000000,50.0,60,849,94,36,3,0,107469,0.4062,1.5749,Low,1
21,salaried,103506,1,2,29977,education,788872,7.89,60,797,90,59,2,0,16955,0.4534,0.6351,Low,1
57,self_employed,94098,2,2,27855,personal,510693,5.11,12,704,89,71,23,2,45016,0.7744,0.4523,High,0
41,salaried,40682,3,1,14053,home,2097064,20.97,300,814,89,42,19,1,19800,0.8321,4.2956,Moderate,1
46,salaried,48357,1,0,0,business,337473,3.37,60,762,84,52,1,1,7253,0.15,0.5816,Low,1
56,salaried,46967,0,1,7575,personal,195596,1.96,60,585,78,59,4,2,4204,0.2508,0.347,High,0
43,self_employed,43427,3,0,0,business,539332,5.39,24,755,87,41,11,1,25012,0.576,1.0349,Low,1
21,self_employed,70942,0,1,12928,personal,142405,1.42,24,616,84,62,2,2,6604,0.2753,0.1673,Moderate,1
60,not_employed,12000,2,1,3609,business,300000,3.0,36,516,62,68,12,2,9750,1.1132,2.0833,High,0
35,self_employed,68082,0,1,6038,education,2123955,21.24,36,745,78,48,12,1,69033,1.1027,2.5998,High,0
41,self_employed,178029,1,1,16904,personal,329665,3.3,48,489,78,82,19,2,8440,0.1424,0.1543,High,0
29,salaried,42537,4,1,11270,business,989477,9.89,60,676,89,58,10,3,21267,0.7649,1.9385,High,0
29,salaried,45625,0,0,0,business,731877,7.32,24,592,81,61,3,7,33941,0.7439,1.3368,High,0
30,salaried,25288,1,2,16437,vehicle,361849,3.62,36,737,84,54,8,0,11760,1.115,1.1924,Moderate,0
46,self_employed,115432,1,2,37487,home,5954411,59.54,180,682,86,57,18,1,65819,0.895,4.2986,High,0
61,self_employed,69386,3,1,22689,education,2075818,20.76,36,494,70,59,13,0,67469,1.2994,2.4931,High,0
55,salaried,38100,3,0,0,education,2812958,28.13,120,724,91,52,24,4,37956,0.9962,6.1526,High,0
45,self_employed,20000,0,2,3302,home,734907,7.35,180,647,72,60,10,3,8123,0.5712,3.0621,High,0
46,self_employed,190142,0,0,0,business,1245071,12.45,24,703,90,59,23,1,57741,0.3037,0.5457,Low,1
31,salaried,23467,2,2,13403,personal,50981,0.51,48,518,70,75,10,1,1305,0.6268,0.181,High,0
58,salaried,34380,1,2,22347,personal,171699,1.72,24,622,76,42,19,5,7962,0.8816,0.4162,High,0
22,salaried,60779,2,0,0,home,3122729,31.23,240,825,100,30,0,0,31176,0.5129,4.2815,Low,1
27,salaried,23910,0,0,0,personal,182210,1.82,24,594,81,65,1,5,8450,0.3534,0.6351,High,0
38,self_employed,20000,0,3,7671,vehicle,200000,2.0,60,565,71,50,9,4,4298,0.5984,0.8333,High,0
47,salaried,15000,2,1,3348,education,879643,8.8,84,492,64,65,14,3,14831,1.2119,4.8869,High,0
54,salaried,75553,0,0,0,home,3340810,33.41,120,745,90,38,6,0,45079,0.5967,3.6848,Low,1
47,self_employed,38709,3,0,0,business,466720,4.67,84,677,85,72,7,3,7869,0.2033,1.0048,Low,1
37,self_employed,622697,0,1,193119,home,14249774,142.5,180,545,77,64,2,3,157516,0.5631,1.907,High,0
63,self_employed,27024,0,2,13398,home,599673,6.0,300,717,84,53,11,1,5662,0.7053,1.8492,High,0
64,salaried,28201,4,1,4530,personal,70002,0.7,48,774,93,45,6,1,1792,0.2242,0.2069,Low,1
44,salaried,34918,1,0,0,home,1588565,15.89,300,691,88,53,12,4,14998,0.4295,3.7912,Moderate,1
45,self_employed,72729,2,1,6378,personal,466340,4.66,24,674,81,40,12,2,21627,0.3851,0.5343,Moderate,1
27,salaried,36970,0,0,0,education,1574338,15.74,36,585,73,73,2,0,51169,1.3841,3.5487,High,0
26,salaried,70784,2,1,13662,home,4113471,41.13,300,789,85,41,4,2,38838,0.7417,4.8428,Moderate,0
44,salaried,27251,2,0,0,personal,207183,2.07,36,574,83,45,4,4,6733,0.2471,0.6336,Moderate,0
53,salaried,21397,1,1,4887,home,1148051,11.48,360,689,84,53,24,1,10501,0.7192,4.4712,High,0
49,salaried,16665,2,0,0,personal,105340,1.05,48,767,100,29,22,2,2697,0.1618,0.5268,Low,1
63,salaried,15000,2,3,4807,vehicle,200000,2.0,84,636,74,52,2,2,3372,0.5453,1.1111,High,0
42,salaried,35923,1,2,5753,personal,118949,1.19,60,664,82,56,9,4,2556,0.2313,0.2759,Low,1
46,salaried,40921,1,3,10474,business,326533,3.27,24,709,79,65,0,1,15143,0.626,0.665,Moderate,0
48,salaried,33561,1,2,11924,home,760222,7.6,120,551,74,83,5,1,10258,0.6609,1.8877,High,0
41,salaried,103367,0,2,38963,education,942885,9.43,60,522,73,73,21,5,20266,0.573,0.7601,High,0
27,self_employed,159919,1,0,0,personal,1126732,11.27,60,731,84,37,3,1,24217,0.1514,0.5871,Low,1
37,salaried,40099,1,2,7958,vehicle,249812,2.5,36,750,90,40,0,0,8119,0.4009,0.5192,Low,1
40,salaried,16708,1,3,4699,personal,65132,0.65,36,605,82,60,10,3,2116,0.4079,0.3249,Moderate,1
61,salaried,34890,2,1,9602,home,1144521,11.45,360,696,83,36,18,1,10469,0.5753,2.7336,Low,1
40,salaried,34204,1,1,4742,vehicle,269072,2.69,60,657,80,70,20,1,5783,0.3077,0.6556,Low,1
42,salaried,33048,3,2,19284,business,795174,7.95,84,667,72,61,4,0,13407,0.9892,2.0051,High,0
48,salaried,32253,1,3,17568,home,1085988,10.86,180,652,77,67,13,3,12004,0.9169,2.8059,High,0
60,self_employed,35497,1,1,6320,vehicle,436636,4.37,84,797,99,39,19,0,7361,0.3854,1.0251,Low,1
27,salaried,38873,2,0,0,education,325261,3.25,36,746,86,44,3,1,10571,0.2719,0.6973,Low,1
21,salaried,33479,1,2,11497,personal,239708,2.4,12,654,83,57,1,1,21129,0.9745,0.5967,High,0
52,self_employed,70732,1,1,13367,home,3168403,31.68,240,789,90,48,13,1,31632,0.6362,3.7329,Low,1
33,salaried,60853,0,2,39554,home,1340343,13.4,240,659,70,58,12,3,13381,0.8699,1.8355,High,0
50,salaried,28384,1,1,5884,home,1578204,15.78,180,549,71,81,24,1,17445,0.8219,4.6335,High,0
43,salaried,105097,1,2,53192,business,2604967,26.05,24,646,83,50,6,0,120808,1.6556,2.0655,High,0
39,self_employed,27335,4,0,0,home,1045596,10.46,300,613,78,70,19,0,9872,0.3611,3.1876,High,0
52,salaried,18570,1,0,0,personal,87826,0.88,36,700,79,56,1,1,2854,0.1537,0.3941,Low,1
50,salaried,61603,3,0,0,business,1427135,14.27,84,614,78,81,12,3,24062,0.3906,1.9306,High,0
49,salaried,30018,2,1,9094,personal,105552,1.06,12,687,84,41,19,1,9304,0.6129,0.293,Low,1
49,self_employed,77422,1,0,0,vehicle,451223,4.51,84,838,93,35,13,3,7607,0.0983,0.4857,Low,1
50,salaried,15000,1,1,4883,vehicle,200000,2.0,84,551,70,63,4,4,3372,0.5503,1.1111,High,0
36,not_employed,8000,2,2,4153,vehicle,200000,2.0,84,703,88,50,17,3,3372,0.9406,2.0833,High,0
60,salaried,113037,3,0,0,business,2250536,22.51,60,490,72,88,23,3,48372,0.4279,1.6591,High,0
39,not_employed,5000,0,0,0,personal,50000,0.5,60,606,72,57,15,1,1074,0.2148,0.8333,High,0
38,not_employed,12000,1,0,0,home,500000,5.0,180,726,84,63,8,2,5526,0.4605,3.4722,High,0
21,salaried,28352,1,0,0,personal,50000,0.5,36,760,88,46,0,0,1625,0.0573,0.147,Low,1
34,salaried,48838,0,0,0,personal,249780,2.5,24,835,91,46,1,0,11583,0.2372,0.4262,Low,1
22,salaried,46816,1,1,4554,education,1236871,12.37,60,711,81,58,3,2,26585,0.6651,2.2017,High,0
48,salaried,55166,3,0,0,personal,411767,4.12,60,790,77,30,3,2,8850,0.1604,0.622,Low,1
50,self_employed,41524,1,0,0,vehicle,510068,5.1,36,666,78,62,12,5,16578,0.3992,1.0236,High,0
58,salaried,52377,2,1,12898,vehicle,333259,3.33,36,666,78,45,18,3,10831,0.453,0.5302,Moderate,1
24,salaried,52985,2,1,7822,home,2127789,21.28,240,695,79,64,5,2,21243,0.5486,3.3465,High,0
21,salaried,84422,1,1,8957,home,3167407,31.67,180,719,83,52,1,3,35012,0.5208,3.1266,Moderate,1
28,self_employed,64499,0,0,0,home,3701810,37.02,360,568,85,66,4,4,33861,0.525,4.7828,High,0
49,salaried,52129,2,3,33883,business,800916,8.01,24,602,86,68,24,4,37143,1.3625,1.2803,High,0
59,salaried,66823,3,1,21887,education,2687243,26.87,84,751,80,49,22,1,45308,1.0056,3.3512,Moderate,1
23,salaried,82503,2,1,7339,personal,343216,3.43,24,540,70,97,3,3,15916,0.2819,0.3467,High,0
52,self_employed,27256,0,4,11634,home,843658,8.44,180,706,78,60,9,0,9325,0.769,2.5794,High,0
30,salaried,23123,0,1,3428,home,905581,9.06,300,568,73,77,0,5,8550,0.518,3.2636,High,0
30,salaried,135576,0,1,34490,vehicle,1548425,15.48,60,738,93,61,0,0,33281,0.4999,0.9518,Low,1
39,salaried,74790,1,1,11042,personal,404179,4.04,12,659,85,63,3,2,35627,0.624,0.4503,Moderate,0
54,salaried,42974,2,0,0,personal,194202,1.94,36,560,79,62,1,2,6312,0.1469,0.3766,High,0
53,salaried,49603,0,0,0,business,340944,3.41,36,586,78,42,12,5,11081,0.2234,0.5728,High,0
43,not_employed,8000,2,3,5200,business,300000,3.0,36,786,93,46,19,0,9750,1.8688,3.125,High,0
48,self_employed,29290,1,1,3923,business,573040,5.73,36,835,92,50,14,0,18625,0.7698,1.6304,Moderate,0
52,salaried,38840,2,2,9511,home,1709912,17.1,300,726,75,57,8,0,16144,0.6605,3.6687,High,0
27,self_employed,52004,4,0,0,education,1161298,11.61,60,697,81,53,5,1,24960,0.48,1.8609,Low,1
49,salaried,15000,0,1,4765,home,500000,5.0,300,434,68,71,9,3,4720,0.6323,2.7778,High,0
28,self_employed,227994,3,0,0,personal,1500000,15.0,36,736,95,45,1,1,48753,0.2138,0.5483,Low,1
21,self_employed,29111,0,0,0,home,761187,7.61,240,745,85,45,0,1,7599,0.261,2.179,Low,1
23,salaried,66399,1,1,10267,personal,387965,3.88,60,609,70,64,3,2,8338,0.2802,0.4869,High,0
44,self_employed,55861,3,1,11280,home,2298252,22.98,360,774,87,53,10,5,21023,0.5783,3.4285,Moderate,1
43,salaried,104252,3,1,11491,vehicle,436468,4.36,48,693,88,55,21,1,11175,0.2174,0.3489,Low,1
28,salaried,62544,1,0,0,personal,312754,3.13,48,608,83,70,7,5,8007,0.128,0.4167,Moderate,1
57,salaried,42575,1,2,27178,vehicle,272199,2.72,36,657,84,39,16,3,8847,0.8462,0.5328,High,0
23,salaried,28678,2,0,0,personal,58158,0.58,60,569,66,64,2,3,1250,0.0436,0.169,High,0
53,self_employed,113355,2,0,0,personal,661809,6.62,12,692,73,80,16,2,58337,0.5146,0.4865,High,0
48,not_employed,5000,0,0,0,education,1020244,10.2,84,757,83,56,19,0,17202,3.4404,17.0041,High,0
28,salaried,15929,2,1,4350,business,300000,3.0,24,782,91,49,6,1,13912,1.1465,1.5695,Moderate,1
54,self_employed,87648,1,1,23096,home,4956750,49.57,120,808,85,49,20,1,66883,1.0266,4.7127,Moderate,1
55,self_employed,20808,1,2,13525,business,450652,4.51,24,554,70,83,2,4,20899,1.6544,1.8048,High,0
52,salaried,95511,1,0,0,personal,257931,2.58,48,585,82,75,8,1,6603,0.0691,0.225,Moderate,0
44,salaried,49344,1,0,0,vehicle,716622,7.17,48,730,91,51,3,1,18347,0.3718,1.2102,Low,1
34,salaried,45759,3,0,0,personal,333896,3.34,60,847,96,51,3,0,7176,0.1568,0.6081,Low,1
52,self_employed,92671,1,2,54490,business,1013983,10.14,24,649,69,67,8,1,47024,1.0954,0.9118,High,0
63,not_employed,12000,3,1,1231,home,685284,6.85,240,668,79,51,9,2,6841,0.6727,4.7589,High,0
36,salaried,54059,0,0,0,business,964368,9.64,60,875,90,29,6,0,20728,0.3834,1.4866,Low,1
24,self_employed,25590,2,0,0,education,777534,7.78,84,679,74,58,1,0,13109,0.5123,2.532,High,0
57,salaried,45733,2,1,6844,personal,207921,2.08,36,652,77,55,7,2,6757,0.2974,0.3789,Low,1
41,salaried,70582,2,0,0,vehicle,900995,9.01,48,752,85,53,10,2,23068,0.3268,1.0638,Low,1
34,salaried,89089,2,2,28642,personal,418093,4.18,48,588,71,59,9,5,10704,0.4416,0.3911,High,0
51,salaried,18601,1,1,2129,personal,91509,0.92,60,634,83,60,19,3,1966,0.2201,0.41,Low,1
38,salaried,57080,3,2,26564,business,713767,7.14,36,710,83,69,18,0,23199,0.8718,1.0421,Moderate,0
27,salaried,28613,2,3,18350,personal,109266,1.09,12,782,89,48,1,2,9631,0.9779,0.3182,Moderate,0
30,salaried,34892,0,3,22679,personal,80515,0.81,12,663,77,68,8,3,7097,0.8534,0.1923,High,0
27,salaried,81430,2,1,27047,home,2368792,23.69,120,707,86,67,4,2,31963,0.7247,2.4242,Moderate,0
53,salaried,76707,1,0,0,business,1844273,18.44,36,731,77,48,13,2,59943,0.7815,2.0036,High,0
43,self_employed,34803,1,1,3211,personal,146014,1.46,24,635,79,40,12,2,6771,0.2868,0.3496,High,0
41,salaried,44591,3,1,12258,home,1263010,12.63,300,757,86,43,5,0,11925,0.5423,2.3604,Low,1
39,self_employed,38992,1,2,9393,education,2453052,24.53,60,799,95,56,9,0,52725,1.5931,5.2426,Low,1
39,salaried,277901,2,1,35502,business,5000000,50.0,24,595,73,52,13,4,231880,0.9621,1.4993,High,0
56,salaried,57931,1,1,7104,vehicle,601009,6.01,48,633,77,72,9,2,15387,0.3882,0.8645,High,0
49,not_employed,12000,0,3,5121,business,300000,3.0,36,635,73,65,2,2,9750,1.2392,2.0833,High,0
38,salaried,27595,1,0,0,education,329825,3.3,36,534,77,68,13,1,10720,0.3885,0.996,High,0
22,salaried,86513,0,2,35260,home,4913168,49.13,120,605,85,60,0,0,66295,1.1739,4.7326,High,0
21,self_employed,49353,2,0,0,personal,278809,2.79,36,512,75,67,1,3,9061,0.1836,0.4708,High,0
25,salaried,97893,1,1,10066,education,1863345,18.63,120,594,80,74,6,5,25143,0.3597,1.5862,High,0
40,salaried,31391,1,4,20404,vehicle,212674,2.13,60,697,70,73,2,2,4571,0.7956,0.5646,High,0
31,salaried,20407,0,0,0,business,310908,3.11,60,729,83,36,1,1,6682,0.3274,1.2696,Low,1
62,salaried,42381,1,1,4270,personal,241814,2.42,24,668,84,56,14,2,11214,0.3654,0.4755,Low,1
22,salaried,56339,2,2,36620,home,1851411,18.51,120,690,87,35,2,1,24982,1.0934,2.7385,High,0
23,salaried,35577,0,2,12258,education,1154355,11.54,60,678,81,66,0,5,24811,1.0419,2.7039,High,0
43,self_employed,20000,2,0,0,education,2852967,28.53,60,619,72,65,8,2,61321,3.066,11.8874,High,0
32,self_employed,81382,3,0,0,education,2303880,23.04,36,693,84,43,9,3,74881,0.9201,2.3591,High,0
40,self_employed,81079,2,1,18196,home,4785232,47.85,180,674,80,47,15,0,52895,0.8768,4.9183,High,0
25,salaried,74035,2,1,24065,personal,201808,2.02,60,660,73,55,0,0,4337,0.3836,0.2272,Moderate,0
57,self_employed,44161,0,0,0,vehicle,549782,5.5,84,839,94,58,6,0,9269,0.2099,1.0375,Low,1
58,salaried,37758,1,0,0,education,1180837,11.81,60,549,72,56,22,6,25380,0.6722,2.6062,High,0
50,self_employed,189521,3,0,0,personal,842113,8.42,60,697,83,50,19,5,18100,0.0955,0.3703,Low,1
29,self_employed,20000,2,0,0,home,740130,7.4,240,698,80,57,1,4,7389,0.3694,3.0839,Moderate,1
54,self_employed,49133,2,0,0,vehicle,631338,6.31,36,714,81,70,13,2,20520,0.4176,1.0708,Low,1
64,salaried,53390,2,1,8798,business,964753,9.65,36,678,80,66,24,3,31356,0.7521,1.5058,High,0
55,salaried,70517,1,0,0,home,3483131,34.83,180,867,92,47,1,0,38502,0.546,4.1162,Low,1
42,salaried,54277,0,2,14676,personal,363004,3.63,60,586,78,59,20,3,7802,0.4141,0.5573,High,0
64,self_employed,28635,2,1,4991,personal,167658,1.68,36,589,78,62,2,4,5449,0.3646,0.4879,High,0
44,salaried,98771,2,1,32806,personal,411664,4.12,60,587,73,70,24,2,8848,0.4217,0.3473,High,0
37,self_employed,59965,1,0,0,education,2342304,23.42,60,679,84,63,1,3,50345,0.8396,3.2551,High,0
30,salaried,18019,3,1,5598,home,631933,6.32,120,675,81,44,11,3,8526,0.7838,2.9225,High,0
50,salaried,55575,1,1,8600,education,1376503,13.77,36,854,91,51,5,1,44739,0.9598,2.064,Low,1
43,salaried,65196,1,1,17190,education,914419,9.14,36,699,83,47,14,4,29720,0.7195,1.1688,High,0
52,salaried,158966,3,3,43439,personal,827919,8.28,24,777,86,35,13,0,38395,0.5148,0.434,Low,1
37,salaried,62645,2,0,0,personal,225740,2.26,24,428,63,77,8,2,10468,0.1671,0.3003,High,0
37,salaried,20146,1,0,0,home,905292,9.05,360,661,75,71,5,1,8281,0.411,3.7447,Moderate,1
34,not_employed,12000,0,0,0,personal,90380,0.9,12,679,87,49,11,2,7966,0.6638,0.6276,High,0
29,salaried,81688,0,0,0,personal,625488,6.25,48,693,83,74,10,4,16014,0.196,0.6381,Low,1
60,salaried,102161,2,0,0,education,433255,4.33,60,763,86,53,10,0,9312,0.0912,0.3534,Low,1
22,self_employed,78461,1,0,0,business,845985,8.46,60,545,78,83,3,3,18183,0.2317,0.8985,High,0
45,self_employed,37279,2,0,0,business,431204,4.31,84,740,85,65,14,0,7270,0.195,0.9639,Low,1
59,self_employed,130688,3,3,46628,business,1661812,16.62,24,755,88,44,16,0,77068,0.9465,1.0597,High,0
29,salaried,49043,2,0,0,education,2207511,22.08,120,530,75,61,10,4,29787,0.6074,3.751,High,0
42,self_employed,103640,1,0,0,business,780867,7.81,24,760,83,68,5,1,36213,0.3494,0.6279,Low,1
63,self_employed,20000,2,3,13000,personal,147327,1.47,60,685,92,48,18,2,3166,0.8083,0.6139,High,0
24,salaried,64099,1,2,13881,vehicle,475587,4.76,36,730,76,54,3,1,15457,0.4577,0.6183,Low,1
46,salaried,33417,0,2,12712,personal,96059,0.96,24,638,74,78,18,2,4454,0.5137,0.2395,High,0
49,salaried,132188,0,0,0,personal,755346,7.55,12,751,95,50,4,2,66582,0.5037,0.4762,Low,1
54,salaried,71243,1,1,21514,personal,518696,5.19,60,706,87,53,17,0,11148,0.4585,0.6067,Low,1
43,self_employed,72539,3,2,46468,vehicle,571332,5.71,48,494,64,70,16,3,14628,0.8423,0.6564,High,0
57,salaried,65629,0,3,28409,vehicle,424266,4.24,84,632,77,61,9,3,7153,0.5419,0.5387,High,0
31,self_employed,26936,0,1,2261,business,421987,4.22,24,650,76,64,7,2,19570,0.8105,1.3055,High,0
26,salaried,129826,3,2,31608,education,2086871,20.87,36,856,100,27,6,0,67828,0.7659,1.3395,Low,1
38,salaried,161914,0,2,54705,home,5047044,50.47,360,786,91,57,18,1,46167,0.623,2.5976,Low,1
41,salaried,62053,2,1,5619,vehicle,441045,4.41,36,684,83,74,21,2,14335,0.3216,0.5923,Low,1
62,salaried,127292,1,0,0,education,2190173,21.9,36,823,93,37,15,0,71185,0.5592,1.4338,Low,1
56,self_employed,37974,0,3,9899,vehicle,368453,3.68,36,624,76,64,9,3,11975,0.576,0.8086,High,0
61,self_employed,31644,3,1,2799,personal,131394,1.31,24,881,95,36,6,2,6093,0.281,0.346,Low,1
58,salaried,50239,0,1,6360,home,1481172,14.81,180,821,88,37,18,1,16372,0.4525,2.4569,Low,1
54,salaried,63637,1,0,0,business,1382981,13.83,24,643,79,35,5,3,64137,1.0079,1.811,High,0
37,salaried,38700,1,2,15304,personal,296038,2.96,48,690,88,77,16,1,7579,0.5913,0.6375,Moderate,0
57,self_employed,92061,0,0,0,vehicle,1195395,11.95,48,577,75,80,11,3,30606,0.3325,1.0821,High,0
45,salaried,58913,0,1,6973,home,2780588,27.81,300,657,83,57,11,0,26253,0.564,3.9332,Moderate,1
58,salaried,26930,0,0,0,vehicle,304522,3.05,84,787,88,59,19,1,5134,0.1906,0.9423,Low,1
32,salaried,66921,0,1,9645,home,2843869,28.44,300,677,88,52,13,0,26851,0.5454,3.5413,Low,1
43,not_employed,0,2,1,0,education,2729300,27.29,84,871,88,33,2,1,46017,46017.0,227441.6667,High,0
62,salaried,68617,1,2,44601,home,1711151,17.11,120,689,77,47,23,2,23089,0.9865,2.0781,High,0
42,salaried,42103,1,0,0,education,729472,7.29,84,749,87,40,10,2,12299,0.2921,1.4438,Low,1
41,self_employed,72228,1,0,0,home,1972413,19.72,360,626,87,68,12,3,18042,0.2498,2.2757,Moderate,1
47,salaried,56266,3,0,0,vehicle,508471,5.08,60,554,67,73,20,4,10929,0.1942,0.7531,High,0
51,salaried,63080,3,0,0,education,726869,7.27,120,667,81,76,7,1,9808,0.1555,0.9602,Low,1
26,self_employed,76093,2,2,43398,personal,463244,4.63,24,692,85,55,6,0,21483,0.8527,0.5073,High,0
47,self_employed,83854,3,1,18883,vehicle,668357,6.68,48,792,91,40,24,1,17112,0.4293,0.6642,Low,1
60,salaried,104139,1,0,0,personal,282195,2.82,12,657,83,68,23,1,24875,0.2389,0.2258,Low,1
54,salaried,71993,1,1,21141,home,1947946,19.48,240,718,84,66,6,2,19447,0.5638,2.2548,Moderate,0
32,salaried,40048,2,1,6072,personal,87017,0.87,60,663,79,50,3,1,1870,0.1983,0.1811,Low,1
27,self_employed,55361,2,1,9832,business,1233413,12.33,84,725,81,61,4,2,20796,0.5532,1.8566,Moderate,1
30,salaried,102549,1,1,21703,personal,302737,3.03,12,603,81,50,1,6,26685,0.4719,0.246,High,0
37,self_employed,65508,1,1,17955,personal,228288,2.28,12,620,79,72,7,1,20123,0.5813,0.2904,High,0
46,salaried,39166,4,3,9565,vehicle,400252,4.0,60,659,78,63,18,1,8602,0.4638,0.8516,Moderate,1
41,salaried,33567,2,3,21818,business,300000,3.0,84,661,85,51,15,1,5058,0.8007,0.7448,High,0
48,self_employed,74490,1,2,46335,personal,150770,1.51,36,685,77,69,1,0,4900,0.6878,0.1687,High,0
22,not_employed,8000,2,1,2443,business,300000,3.0,36,709,81,42,1,1,9750,1.5241,3.125,High,0
63,salaried,53249,1,0,0,vehicle,237507,2.38,48,752,92,40,8,2,6080,0.1142,0.3717,Low,1
21,salaried,158572,0,0,0,personal,791830,7.92,36,640,87,78,2,4,25736,0.1623,0.4161,High,0
56,salaried,78781,1,1,24811,business,1878535,18.79,84,711,85,61,10,2,31673,0.717,1.9871,Moderate,0
46,self_employed,76456,1,3,49696,home,2894091,28.94,360,682,90,36,15,3,26473,0.9962,3.1544,High,0
49,not_employed,0,0,1,0,education,2843842,28.44,36,615,77,68,14,3,92431,92431.0,236986.8333,High,0
41,salaried,28130,2,4,18284,home,1316392,13.16,360,695,87,55,18,1,12041,1.078,3.8997,High,0
31,self_employed,50035,1,2,22379,education,1440100,14.4,84,663,79,52,3,1,24281,0.9325,2.3985,High,0
60,salaried,35712,1,1,6650,personal,178496,1.78,36,524,69,69,15,1,5801,0.3487,0.4165,High,0
31,salaried,51691,0,4,33599,business,1133509,11.34,60,508,72,68,5,2,24363,1.1213,1.8274,High,0
56,salaried,89755,0,3,22093,personal,303393,3.03,60,587,80,65,22,6,6521,0.3188,0.2817,Moderate,0
59,salaried,51162,3,1,13999,home,1727720,17.28,240,669,84,59,20,0,17249,0.6108,2.8141,Moderate,1
60,salaried,54036,2,2,35052,personal,319516,3.2,12,861,97,29,9,0,28164,1.1699,0.4928,Low,1
55,salaried,25993,3,0,0,business,300000,3.0,36,676,82,51,1,2,9750,0.3751,0.9618,Low,1
54,salaried,45232,4,0,0,personal,91928,0.92,12,715,75,49,15,1,8103,0.1791,0.1694,Low,1
44,self_employed,42727,1,1,3756,home,1154289,11.54,240,835,89,36,12,1,11524,0.3576,2.2513,Low,1
42,salaried,73790,1,4,41309,home,3712618,37.13,240,670,80,62,22,9,37066,1.0621,4.1928,High,0
25,salaried,30985,3,1,2990,business,315761,3.16,84,665,85,64,5,1,5323,0.2683,0.8492,Low,1
53,salaried,29249,4,1,5340,home,1364754,13.65,120,678,74,45,15,1,18415,0.8122,3.8883,High,0
56,self_employed,77183,2,0,0,business,1230654,12.31,60,730,91,50,19,1,26451,0.3427,1.3287,Low,1
40,salaried,160823,2,0,0,personal,1013249,10.13,12,747,84,58,6,0,89316,0.5554,0.525,Low,1
39,salaried,44109,2,1,15318,personal,283157,2.83,36,661,83,57,14,0,9203,0.5559,0.535,Moderate,1
55,not_employed,12000,1,0,0,home,500000,5.0,300,829,89,32,16,0,4720,0.3933,3.4722,High,0
63,salaried,80188,1,1,27791,vehicle,657827,6.58,48,613,78,61,0,2,16842,0.5566,0.6836,High,0
37,salaried,80048,2,2,52031,personal,557348,5.57,36,635,71,48,3,1,18115,0.8763,0.5802,High,0
63,self_employed,128446,2,4,83489,personal,685669,6.86,48,671,81,42,7,2,17555,0.7867,0.4448,High,0
54,salaried,101832,0,1,11183,personal,805235,8.05,12,755,93,38,20,0,70980,0.8068,0.659,Moderate,1
29,salaried,183727,1,1,54830,education,2832645,28.33,120,713,81,43,10,0,38222,0.5065,1.2848,Low,1
46,salaried,39590,0,1,10678,home,1891284,18.91,300,567,80,53,16,2,17857,0.7208,3.981,High,0
22,salaried,52351,0,2,15541,business,1008294,10.08,24,528,71,78,2,5,46760,1.1901,1.605,High,0
29,salaried,38182,3,2,15589,personal,154192,1.54,60,661,82,52,4,2,3314,0.4951,0.3365,Low,1
29,salaried,49078,0,0,0,personal,125002,1.25,48,763,95,38,10,1,3200,0.0652,0.2123,Low,1
60,salaried,122973,0,2,47421,personal,520894,5.21,24,702,93,49,14,3,24157,0.5821,0.353,Low,1
37,salaried,21872,1,2,9972,education,1261312,12.61,36,620,82,65,2,2,40995,2.3302,4.8057,High,0
21,self_employed,30066,2,1,8979,education,2182529,21.83,84,681,83,65,2,0,36798,1.5226,6.0493,High,0
45,salaried,112006,1,1,20771,personal,354276,3.54,24,870,90,35,18,1,16429,0.3321,0.2636,Low,1
63,salaried,90402,0,0,0,vehicle,689203,6.89,60,509,68,76,21,4,14813,0.1639,0.6353,High,0
60,self_employed,44779,0,3,12033,home,1942510,19.43,180,716,84,48,11,3,21472,0.7482,3.615,High,0
62,self_employed,118601,0,2,42029,education,1286400,12.86,120,867,100,24,19,1,17358,0.5007,0.9039,Low,1
45,salaried,60157,1,1,19791,home,2775577,27.76,240,782,91,52,9,0,27710,0.7896,3.8449,Moderate,1
59,not_employed,5000,1,0,0,personal,76829,0.77,60,709,80,69,2,3,1651,0.3302,1.2805,High,0
55,salaried,120591,3,1,34536,business,2551924,25.52,36,823,91,37,3,0,82943,0.9742,1.7635,Low,1
23,salaried,76852,1,2,34110,business,1402605,14.03,84,631,74,68,1,4,23648,0.7515,1.5209,High,0
57,self_employed,60925,0,1,17335,home,1634210,16.34,120,780,84,60,13,0,22051,0.6465,2.2353,Low,1
64,salaried,16120,2,2,9210,home,778403,7.78,180,629,73,54,13,2,8604,1.1051,4.024,High,0
64,salaried,55342,1,1,19320,personal,212668,2.13,24,744,85,68,23,2,9862,0.5273,0.3202,Low,1
50,salaried,57502,2,1,4979,education,2770711,27.71,84,773,88,28,0,2,46716,0.899,4.0154,Moderate,1
58,salaried,44953,1,1,5147,personal,258438,2.58,36,698,94,53,13,3,8399,0.3013,0.4791,Low,1
54,salaried,58570,1,0,0,business,505759,5.06,36,866,98,36,8,3,16438,0.2807,0.7196,Low,1
32,self_employed,22557,2,0,0,personal,153662,1.54,24,615,84,64,13,1,7126,0.3159,0.5677,Moderate,1
39,salaried,131218,3,0,0,personal,368358,3.68,36,758,86,47,10,2,11972,0.0912,0.2339,Low,1
57,self_employed,81162,1,1,8114,personal,232453,2.32,60,669,80,48,7,1,4996,0.1615,0.2387,Low,1
64,salaried,16912,1,0,0,personal,51857,0.52,12,557,78,55,1,6,4571,0.2703,0.2555,High,0
37,self_employed,59592,1,0,0,home,2542079,25.42,180,814,91,44,17,0,28100,0.4715,3.5548,Low,1
30,self_employed,82898,3,0,0,personal,259691,2.6,60,761,86,59,9,0,5581,0.0673,0.2611,Low,1
32,self_employed,24579,3,0,0,business,588391,5.88,60,764,100,47,13,3,12646,0.5145,1.9949,Low,1
36,salaried,67519,0,1,22987,personal,226840,2.27,48,736,81,77,16,1,5807,0.4265,0.28,Low,1
44,salaried,134397,0,2,85073,education,2821840,28.22,60,708,87,59,14,1,60652,1.0843,1.7497,Moderate,1
39,salaried,33302,1,0,0,home,719224,7.19,120,739,85,40,5,2,9704,0.2914,1.7998,Low,1
28,self_employed,84351,0,0,0,vehicle,586363,5.86,84,623,75,51,3,1,9886,0.1172,0.5793,High,0
51,self_employed,70747,1,0,0,vehicle,766108,7.66,60,712,77,68,16,0,16466,0.2327,0.9024,Low,1
41,salaried,87638,0,2,17326,business,1767578,17.68,36,724,85,44,5,0,57450,0.8532,1.6808,Moderate,0
37,salaried,45921,2,1,6747,business,691256,6.91,36,621,78,79,13,2,22467,0.6362,1.2544,High,0
43,salaried,25847,3,0,0,home,1247359,12.47,360,584,76,79,17,2,11410,0.4414,4.0216,High,0
57,salaried,84331,4,4,54815,business,954006,9.54,36,625,72,72,2,2,31007,1.0177,0.9427,High,0
36,salaried,26786,1,2,12559,vehicle,376996,3.77,60,721,82,42,15,2,8103,0.7714,1.1729,High,0
26,self_employed,254508,1,2,129433,personal,1372961,13.73,48,596,76,69,0,1,35152,0.6467,0.4495,High,0
28,not_employed,8000,3,3,3743,home,500000,5.0,180,641,75,73,8,2,5526,1.1586,5.2083,High,0
45,salaried,68628,0,1,18278,personal,536715,5.37,36,648,81,47,8,3,17444,0.5205,0.6517,High,0
38,salaried,50666,2,1,16087,home,1757726,17.58,360,688,74,59,2,2,16078,0.6348,2.891,High,0
45,salaried,36833,1,4,23941,home,2199926,22.0,240,624,70,64,14,3,21963,1.2463,4.9773,High,0
32,salaried,56114,0,1,11639,home,2684916,26.85,300,675,81,65,11,4,25350,0.6592,3.9873,High,0
35,salaried,126431,1,2,64296,home,4578444,45.78,180,798,87,27,12,0,50610,0.9088,3.0177,Low,1
46,salaried,22514,0,0,0,vehicle,200000,2.0,60,716,85,66,21,0,4298,0.1909,0.7403,Low,1
61,self_employed,35391,2,1,2996,home,758051,7.58,360,723,87,55,6,3,6934,0.2806,1.7849,Low,1
46,salaried,30963,1,2,10443,business,512524,5.13,60,627,77,61,22,2,11016,0.6931,1.3794,High,0
52,salaried,46320,1,1,13694,personal,284173,2.84,36,617,80,46,9,1,9236,0.495,0.5112,Moderate,1
30,self_employed,53722,0,0,0,home,3028905,30.29,360,509,70,70,8,6,27706,0.5157,4.6984,High,0
36,self_employed,111062,3,0,0,home,4382725,43.83,300,509,78,71,1,6,41380,0.3726,3.2885,High,0
27,salaried,50022,1,1,7107,personal,322130,3.22,60,630,73,54,6,1,6923,0.2805,0.5366,High,0
37,salaried,58790,1,0,0,home,2604830,26.05,300,714,87,51,6,0,24594,0.4183,3.6923,Low,1
43,salaried,62259,1,4,40468,home,2845835,28.46,240,592,83,66,0,2,28412,1.1063,3.8091,High,0
46,self_employed,72862,1,3,47360,home,2361882,23.62,120,531,75,80,3,1,31870,1.0874,2.7013,High,0
41,self_employed,105098,0,0,0,education,1718863,17.19,36,568,79,56,19,5,55867,0.5316,1.3629,High,0
42,self_employed,54292,2,0,0,home,1508494,15.08,360,646,79,62,21,3,13798,0.2541,2.3154,High,0
27,salaried,131639,0,0,0,personal,561211,5.61,12,748,93,35,5,1,49469,0.3758,0.3553,Low,1
34,self_employed,457391,0,2,241025,education,2700366,27.0,120,814,92,30,6,0,36437,0.6066,0.492,Low,1
35,salaried,74887,2,0,0,personal,530702,5.31,48,647,87,53,8,2,13587,0.1814,0.5906,Low,1
27,salaried,56206,0,1,12186,personal,293118,2.93,60,614,79,55,8,1,6300,0.3289,0.4346,High,0
29,salaried,71306,1,1,22814,personal,148441,1.48,60,611,82,83,3,0,3190,0.3647,0.1735,High,0
28,salaried,25320,1,1,8236,personal,90403,0.9,48,661,82,60,8,3,2314,0.4167,0.2975,Low,1
43,salaried,54614,1,1,15374,personal,157880,1.58,48,727,86,53,9,0,4042,0.3555,0.2409,Low,1
49,self_employed,33354,2,3,21680,personal,98620,0.99,36,591,69,70,22,3,3205,0.7461,0.2464,High,0
38,not_employed,0,2,0,0,personal,50000,0.5,12,617,79,59,4,4,4407,4407.0,4166.6667,High,0
51,salaried,57838,2,0,0,education,633059,6.33,84,797,90,61,16,0,10673,0.1845,0.9121,Low,1
50,salaried,40205,2,1,7901,personal,178498,1.78,36,552,79,69,20,3,5801,0.3408,0.37,High,0
59,salaried,34284,1,1,11487,home,1892712,18.93,360,509,70,71,1,3,17313,0.84,4.6006,High,0
55,salaried,46931,1,0,0,vehicle,403806,4.04,48,720,87,41,5,3,10338,0.2203,0.717,Low,1
38,salaried,44674,1,1,5894,business,717373,7.17,60,642,83,60,15,2,15419,0.4771,1.3382,Moderate,0
62,self_employed,25643,1,3,16667,personal,133448,1.33,12,679,80,43,2,3,11763,1.1087,0.4337,High,0
59,salaried,248967,4,1,26909,vehicle,2500000,25.0,60,728,85,39,4,2,53734,0.3239,0.8368,Low,1
37,salaried,79596,2,2,42699,home,2624798,26.25,240,585,79,63,6,2,26205,0.8657,2.748,High,0
34,salaried,56762,0,1,18141,personal,240407,2.4,48,717,82,30,7,2,6155,0.428,0.3529,Low,1
51,self_employed,64337,0,4,41819,vehicle,458236,4.58,84,558,80,59,19,7,7726,0.7701,0.5935,High,0
44,self_employed,156667,0,1,25118,business,2659642,26.6,84,539,74,62,15,7,44843,0.4466,1.4147,High,0
55,not_employed,12000,0,1,2384,home,500000,5.0,120,434,75,75,11,6,6746,0.7608,3.4722,High,0
64,self_employed,315040,0,0,0,education,429037,4.29,120,723,79,48,17,1,5789,0.0184,0.1135,Low,1
54,salaried,31036,1,0,0,education,2123367,21.23,120,756,84,35,3,0,28651,0.9232,5.7014,Moderate,0
23,salaried,55615,3,0,0,personal,337157,3.37,24,829,89,56,1,0,15636,0.2811,0.5052,Low,1
57,self_employed,203672,2,0,0,personal,550994,5.51,36,661,82,40,15,3,17908,0.0879,0.2254,Low,1
63,salaried,30734,0,1,7451,home,1162768,11.63,120,631,85,56,14,5,15689,0.7529,3.1528,High,0
60,salaried,99020,1,1,18299,vehicle,821002,8.21,48,676,82,61,9,3,21020,0.3971,0.6909,Low,1
46,salaried,120434,1,1,36761,personal,404551,4.05,48,765,90,41,14,1,10357,0.3912,0.2799,Low,1
43,salaried,30040,2,1,10414,business,300000,3.0,36,690,80,55,5,3,9750,0.6712,0.8322,High,0
64,salaried,20475,2,1,5229,personal,50000,0.5,24,883,95,49,6,0,2318,0.3686,0.2035,Low,1
59,salaried,58757,3,0,0,home,3274296,32.74,120,748,87,40,19,5,44181,0.7519,4.6438,High,0
35,self_employed,38641,1,1,11974,education,1018502,10.19,36,567,80,69,4,1,33103,1.1666,2.1965,High,0
24,salaried,150416,2,3,97770,education,876480,8.76,36,546,75,85,3,1,28487,0.8394,0.4856,High,0
49,salaried,50055,0,0,0,personal,317007,3.17,24,718,88,40,6,4,14701,0.2937,0.5278,Low,1
42,salaried,30293,1,1,6109,home,729063,7.29,360,703,82,48,9,1,6669,0.4218,2.0056,Low,1
45,salaried,24629,0,1,3017,home,673611,6.74,300,785,85,30,4,1,6360,0.3807,2.2792,Low,1
33,salaried,94272,1,2,61276,personal,558257,5.58,60,725,84,57,14,2,11999,0.7773,0.4935,High,0
38,salaried,34797,2,1,5418,personal,62048,0.62,12,706,79,47,6,1,5469,0.3129,0.1486,Low,1
53,salaried,50327,1,0,0,education,1702576,17.03,84,687,83,43,9,1,28706,0.5704,2.8192,Low,1
36,salaried,86984,0,1,14291,home,3006497,30.06,360,752,97,49,9,0,27501,0.4805,2.8803,Low,1
62,salaried,36660,0,3,23829,personal,211040,2.11,36,733,85,58,24,3,6859,0.8371,0.4797,Moderate,0
64,salaried,47688,0,1,11017,home,1251025,12.51,240,663,82,36,5,2,12489,0.4929,2.1861,Low,1
22,salaried,48535,0,0,0,vehicle,341351,3.41,48,785,93,46,0,0,8739,0.1801,0.5861,Low,1
55,salaried,73865,0,3,48012,personal,552347,5.52,60,724,93,55,23,1,11872,0.8107,0.6231,Moderate,1
62,salaried,69873,0,4,45417,education,2663418,26.63,84,679,87,65,14,2,44907,1.2927,3.1765,High,0
54,salaried,42956,0,2,8176,personal,134811,1.35,60,900,98,29,6,0,2897,0.2578,0.2615,Low,1
50,salaried,50929,4,1,14588,personal,373917,3.74,24,635,68,53,13,2,17340,0.6269,0.6118,High,0
33,salaried,39219,1,2,22584,personal,187963,1.88,24,647,79,56,6,0,8716,0.7981,0.3994,High,0
33,salaried,20199,0,0,0,home,926896,9.27,120,715,90,53,5,2,12507,0.6192,3.824,Low,1
38,self_employed,73576,1,4,47824,business,894343,8.94,60,870,92,36,18,1,19222,0.9112,1.0129,Moderate,1
52,self_employed,272053,3,0,0,personal,1494425,14.94,36,847,90,43,4,1,48572,0.1785,0.4578,Low,1
52,self_employed,29525,2,3,14008,education,2494487,24.94,84,593,78,59,16,3,42058,1.8989,7.0406,High,0
55,self_employed,32259,1,1,5525,home,1056271,10.56,360,588,74,61,1,2,9662,0.4708,2.7286,High,0
59,salaried,29072,1,4,12490,personal,105920,1.06,36,715,87,78,9,1,3442,0.548,0.3036,Moderate,1
49,self_employed,106902,2,1,20907,home,4883985,48.84,120,531,72,74,3,1,65902,0.812,3.8072,High,0
49,salaried,64157,2,0,0,business,833256,8.33,24,821,99,34,9,1,38643,0.6023,1.0823,Low,1
64,salaried,44572,2,1,5142,business,1091173,10.91,84,577,84,66,17,2,18397,0.5281,2.0401,High,0
36,salaried,28259,3,2,18368,business,520501,5.21,60,609,75,77,13,3,11187,1.0459,1.5349,High,0
64,salaried,51814,3,2,32353,home,2729903,27.3,300,752,86,39,3,1,25775,1.1219,4.3905,Moderate,0
30,self_employed,20000,1,1,3354,business,300000,3.0,24,715,93,47,6,1,13912,0.8633,1.25,High,0
50,salaried,53426,1,1,4933,personal,422391,4.22,24,590,79,48,18,0,19588,0.459,0.6588,High,0
45,self_employed,120236,2,3,42860,business,870966,8.71,36,703,80,33,10,1,28308,0.5919,0.6037,Moderate,1
59,salaried,23139,2,3,7119,vehicle,243948,2.44,36,706,85,63,17,1,7928,0.6503,0.8786,Moderate,0
40,salaried,19545,0,2,4731,personal,153779,1.54,48,653,81,55,0,2,3937,0.4435,0.6557,Low,1
25,salaried,126457,4,0,0,home,3130145,31.3,180,614,73,61,1,4,34600,0.2736,2.0627,High,0
21,salaried,33960,0,2,10573,education,1807158,18.07,60,651,77,61,2,2,38842,1.4551,4.4345,High,0
50,self_employed,148562,1,2,68300,education,2737335,27.37,120,757,87,40,4,3,36936,0.7084,1.5355,Moderate,0
23,salaried,44694,3,0,0,personal,178528,1.79,60,676,78,60,4,0,3837,0.0859,0.3329,Low,1
34,salaried,44481,0,3,26972,vehicle,222341,2.22,60,611,75,79,6,2,4778,0.7138,0.4165,High,0
50,self_employed,85027,1,2,36608,education,1419298,14.19,84,770,95,67,5,1,23930,0.712,1.391,Low,1
24,salaried,28842,0,1,4665,personal,177291,1.77,60,621,73,54,1,4,3810,0.2938,0.5122,High,0
38,not_employed,12000,1,0,0,personal,69806,0.7,36,843,80,44,5,1,2268,0.189,0.4848,High,0
57,salaried,53076,0,1,10554,business,771692,7.72,84,530,72,71,10,3,13011,0.444,1.2116,High,0
45,salaried,55147,1,1,14426,personal,317022,3.17,60,721,91,39,9,3,6814,0.3852,0.4791,Low,1
21,salaried,42590,1,1,3935,personal,78732,0.79,60,584,76,50,2,5,1692,0.1321,0.1541,High,0
35,salaried,49990,4,0,0,home,1235671,12.36,240,630,74,65,5,1,12336,0.2468,2.0599,High,0
29,salaried,35516,4,1,3770,education,1939121,19.39,60,768,83,28,1,4,41679,1.2797,4.5499,High,0
35,salaried,25182,0,0,0,education,533458,5.33,84,699,84,62,2,2,8994,0.3572,1.7653,Low,1
44,self_employed,97877,2,0,0,home,5561381,55.61,240,707,77,74,7,0,55523,0.5673,4.735,High,0
24,self_employed,20000,0,4,13000,business,300000,3.0,60,724,84,62,2,0,6448,0.9724,1.25,High,0
32,salaried,30304,0,0,0,vehicle,372257,3.72,36,746,81,52,4,2,12099,0.3993,1.0237,Low,1
57,salaried,78581,0,0,0,personal,497433,4.97,48,719,80,51,3,1,12735,0.1621,0.5275,Low,1
57,salaried,28552,3,2,11339,education,1591902,15.92,36,765,77,53,10,0,51740,2.2093,4.6462,High,0
63,salaried,62007,3,2,40304,vehicle,906397,9.06,60,694,83,51,16,1,19482,0.9642,1.2181,High,0
26,self_employed,31564,0,1,4119,education,1579483,15.79,84,690,81,68,3,2,26631,0.9742,4.1701,High,0
59,salaried,37290,0,2,24238,education,1053829,10.54,84,734,89,66,2,5,17768,1.1265,2.355,High,0
44,salaried,69213,0,1,18281,personal,312222,3.12,48,623,82,62,2,3,7993,0.3796,0.3759,High,0
31,salaried,22772,1,0,0,home,953066,9.53,360,612,76,63,7,3,8718,0.3828,3.4877,High,0
33,not_employed,12000,1,1,3340,home,500000,5.0,300,576,70,68,5,1,4720,0.6717,3.4722,High,0
54,salaried,76662,0,3,49830,education,1339134,13.39,120,728,90,45,6,6,18069,0.8857,1.4557,High,0
45,salaried,47851,2,2,12091,vehicle,608227,6.08,84,665,82,48,3,1,10255,0.467,1.0592,Low,1
27,salaried,15755,1,0,0,personal,104567,1.05,12,535,82,56,4,3,9217,0.585,0.5531,High,0
24,salaried,16687,3,1,2130,personal,68625,0.69,36,647,70,64,5,0,2230,0.2613,0.3427,Moderate,1
28,salaried,18958,2,1,3009,personal,83151,0.83,48,701,84,47,6,1,2128,0.271,0.3655,Low,1
40,salaried,36088,1,2,21522,business,865782,8.66,84,766,80,60,16,0,14597,1.0009,1.9992,Moderate,1
49,self_employed,44280,2,1,5704,personal,349082,3.49,36,806,100,57,4,1,11346,0.385,0.657,Low,1
30,salaried,20226,2,1,7039,education,1134865,11.35,84,665,86,81,4,2,19134,1.294,4.6758,High,0
63,salaried,90536,1,1,8117,home,1918057,19.18,300,686,72,58,3,1,18109,0.2897,1.7655,Low,1
54,not_employed,12000,1,0,0,home,500000,5.0,360,728,81,59,18,3,4573,0.3811,3.4722,High,0
46,self_employed,47739,3,0,0,personal,208729,2.09,48,756,92,40,12,2,5344,0.1119,0.3644,Low,1
61,salaried,22697,0,0,0,business,300000,3.0,60,728,87,55,7,2,6448,0.2841,1.1015,Low,1
23,salaried,111617,0,2,68777,home,2347470,23.47,300,659,86,55,4,1,22164,0.8148,1.7526,High,0
26,salaried,65954,1,0,0,vehicle,382449,3.82,36,562,77,67,1,2,12430,0.1885,0.4832,High,0
25,self_employed,31483,2,0,0,home,1236302,12.36,300,453,80,72,6,4,11672,0.3707,3.2724,High,0
25,salaried,98863,2,0,0,personal,582480,5.82,24,746,91,53,3,1,27013,0.2732,0.491,Low,1
43,salaried,87607,3,3,56694,personal,421125,4.21,36,688,93,49,1,1,13687,0.8034,0.4006,High,0
29,salaried,58301,1,1,11204,vehicle,663436,6.63,36,649,71,57,10,3,21563,0.562,0.9483,High,0
55,salaried,47870,0,1,8816,business,637829,6.38,60,606,72,74,14,4,13709,0.4705,1.1103,High,0
40,salaried,40983,1,0,0,personal,199465,1.99,12,429,64,71,13,4,17582,0.429,0.4056,High,0
62,salaried,35455,2,1,8494,education,1141381,11.41,120,637,85,77,6,3,15401,0.674,2.6827,High,0
55,salaried,21980,0,0,0,home,985615,9.86,360,572,69,70,3,5,9015,0.4101,3.7368,High,0
38,salaried,122638,0,0,0,personal,420604,4.21,24,741,85,40,5,1,19505,0.159,0.2858,Low,1
37,salaried,35871,0,1,6890,personal,273586,2.74,24,894,100,23,3,1,12687,0.5458,0.6356,Low,1
44,salaried,49857,1,1,16299,business,463429,4.63,36,634,82,75,7,4,15062,0.629,0.7746,High,0
23,salaried,28391,3,0,0,personal,135580,1.36,12,714,91,73,3,2,11951,0.4209,0.398,Low,1
52,salaried,41954,2,0,0,personal,197239,1.97,24,693,89,72,22,1,9147,0.218,0.3918,Low,1
55,salaried,271160,4,0,0,personal,1500000,15.0,48,574,73,86,21,3,38405,0.1416,0.461,High,0
58,self_employed,33496,0,1,6565,personal,199668,2.0,60,792,98,24,19,0,4291,0.3241,0.4967,Low,1
33,self_employed,190780,3,2,55498,home,5185411,51.85,240,677,85,55,2,1,51770,0.5623,2.265,Moderate,0
45,self_employed,58556,2,1,18658,personal,175578,1.76,48,649,80,53,11,1,4495,0.3954,0.2499,Moderate,0
29,salaried,73715,1,3,47914,personal,519030,5.19,60,788,93,47,8,1,11155,0.8013,0.5868,Moderate,1
24,salaried,103440,4,2,67156,vehicle,1526297,15.26,60,742,99,68,2,3,32806,0.9664,1.2296,Moderate,0
34,salaried,57720,1,0,0,personal,143585,1.44,36,708,98,53,5,2,4666,0.0808,0.2073,Low,1
57,salaried,39694,3,0,0,home,1042637,10.43,360,619,81,64,10,3,9537,0.2403,2.1889,Moderate,1
54,salaried,43841,3,0,0,home,1620143,16.2,180,638,70,95,12,1,17909,0.4085,3.0796,High,0
31,not_employed,0,2,2,0,home,597151,5.97,240,580,70,72,4,4,5961,5961.0,49762.5833,High,0
61,salaried,100667,1,0,0,business,701503,7.02,60,701,82,52,18,3,15078,0.1498,0.5807,Low,1
23,salaried,48080,0,1,13536,personal,339521,3.4,24,616,78,71,4,6,15745,0.609,0.5885,High,0
48,self_employed,55844,1,3,36298,business,899436,8.99,24,666,73,51,8,3,41712,1.3969,1.3422,High,0
49,not_employed,8000,1,4,5200,business,300000,3.0,24,518,60,70,19,2,13912,2.389,3.125,High,0
29,self_employed,269385,2,0,0,business,3485203,34.85,36,715,83,62,9,2,113277,0.4205,1.0781,Low,1
23,salaried,17318,2,1,3178,personal,104157,1.04,36,896,100,25,4,1,3385,0.379,0.5012,Low,1
45,salaried,18845,3,0,0,personal,146374,1.46,36,633,78,51,24,1,4757,0.2524,0.6473,Moderate,0
54,salaried,94102,0,2,53254,home,4614398,46.14,360,642,81,59,4,2,42209,1.0145,4.0863,High,0
32,salaried,32657,2,2,11309,business,585085,5.85,84,628,71,67,0,1,9864,0.6483,1.493,High,0
62,salaried,45262,3,1,8020,home,1869688,18.7,240,744,83,44,13,0,18666,0.5896,3.4423,Low,1
29,salaried,128986,2,0,0,personal,706963,7.07,24,581,77,74,0,0,32786,0.2542,0.4567,High,0
35,not_employed,0,0,1,0,personal,50000,0.5,60,602,70,66,3,4,1074,1074.0,4166.6667,High,0
60,salaried,37275,0,0,0,education,1206082,12.06,84,589,77,65,16,4,20335,0.5455,2.6964,High,0
45,self_employed,167300,0,2,27626,business,2416269,24.16,36,669,70,60,4,1,78534,0.6345,1.2036,High,0
25,self_employed,138009,2,3,89705,personal,352186,3.52,24,646,72,53,2,2,16332,0.7683,0.2127,High,0
31,salaried,48396,2,4,18518,personal,94171,0.94,48,625,81,68,3,2,2411,0.4325,0.1622,Moderate,1
54,self_employed,135377,4,1,23598,home,3823194,38.23,240,728,90,45,21,0,38169,0.4563,2.3534,Low,1
44,salaried,15000,1,2,5325,home,500000,5.0,300,559,78,76,20,2,4720,0.6697,2.7778,High,0
35,salaried,78825,1,0,0,education,306027,3.06,120,625,79,60,2,3,4129,0.0524,0.3235,Moderate,0
58,self_employed,24464,2,2,8863,business,608328,6.08,36,723,83,31,9,3,19772,1.1705,2.0722,High,0
28,salaried,141522,2,0,0,education,598610,5.99,84,750,89,34,8,1,10092,0.0713,0.3525,Low,1
25,not_employed,12000,3,1,3080,personal,50000,0.5,60,538,72,78,2,2,1074,0.3462,0.3472,High,0
46,salaried,25885,2,0,0,education,789728,7.9,84,718,87,48,19,0,13315,0.5144,2.5424,Moderate,1
38,salaried,24673,1,1,2351,vehicle,315049,3.15,36,593,74,81,1,2,10239,0.5103,1.0641,High,0
26,salaried,24846,2,1,7061,vehicle,227515,2.28,48,641,75,60,6,3,5825,0.5186,0.7631,High,0
57,salaried,30125,3,1,5828,business,370349,3.7,60,664,81,59,3,1,7960,0.4577,1.0245,Low,1
33,salaried,57805,1,0,0,personal,258312,2.58,60,722,86,49,4,2,5552,0.096,0.3724,Low,1
48,salaried,30899,0,0,0,business,366236,3.66,60,687,77,61,23,0,7871,0.2547,0.9877,Low,1
25,self_employed,72789,0,0,0,business,448203,4.48,84,750,95,33,1,1,7557,0.1038,0.5131,Low,1
33,self_employed,74004,0,1,16495,education,1966499,19.66,84,650,80,59,4,2,33156,0.6709,2.2144,High,0
37,salaried,36972,2,3,11066,personal,243581,2.44,24,560,75,72,11,3,11296,0.6048,0.549,High,0
60,self_employed,56947,0,1,12651,vehicle,789973,7.9,36,765,87,68,5,1,25676,0.673,1.156,Moderate,0
52,self_employed,39248,0,1,12392,home,1898240,18.98,120,522,75,66,11,2,25613,0.9683,4.0304,High,0
49,self_employed,46695,1,0,0,personal,255342,2.55,24,727,85,55,20,1,11841,0.2536,0.4557,Low,1
23,salaried,30172,1,0,0,personal,67375,0.67,48,897,98,35,3,1,1725,0.0572,0.1861,Low,1
60,salaried,51558,1,1,8929,education,2457065,24.57,36,580,64,56,24,4,79860,1.7221,3.9714,High,0
54,self_employed,37032,2,0,0,home,743119,7.43,300,648,80,77,13,2,7016,0.1895,1.6722,High,0
60,salaried,24351,0,0,0,personal,124659,1.25,24,602,69,71,4,2,5781,0.2374,0.4266,High,0
47,self_employed,96253,0,0,0,business,1190204,11.9,36,568,73,78,6,3,38684,0.4019,1.0304,High,0
33,salaried,71422,1,1,9041,business,1503319,15.03,36,613,89,46,14,1,48861,0.8107,1.754,High,0
53,salaried,95513,1,1,20083,business,995066,9.95,60,698,78,66,17,1,21387,0.4342,0.8682,Moderate,1
26,salaried,26512,1,1,9092,personal,103573,1.04,60,840,92,20,5,0,2226,0.4269,0.3256,Low,1
44,salaried,36733,0,0,0,education,1134997,11.35,84,611,79,44,18,2,19136,0.5209,2.5749,High,0
39,salaried,56291,3,3,36589,personal,305157,3.05,24,778,100,38,10,0,14151,0.9014,0.4518,Low,1
36,self_employed,40069,2,2,15723,personal,175699,1.76,48,685,85,62,15,3,4498,0.5047,0.3654,Moderate,0
60,salaried,69047,0,1,21916,home,2466689,24.67,360,646,76,53,4,2,22563,0.6442,2.9771,High,0
48,self_employed,89174,0,3,38642,business,686909,6.87,84,718,79,42,12,1,11581,0.5632,0.6419,High,0
53,self_employed,87854,4,0,0,home,3118267,31.18,180,626,85,62,10,3,34469,0.3923,2.9578,Moderate,0
61,salaried,117688,2,1,38022,personal,333702,3.34,24,599,73,74,7,4,15475,0.4546,0.2363,High,0
33,self_employed,100233,1,0,0,home,4274683,42.75,360,668,90,58,3,3,39102,0.3901,3.554,Moderate,1
63,not_employed,0,2,1,0,home,500000,5.0,300,625,87,46,9,3,4720,4720.0,41666.6667,High,0
45,self_employed,67718,2,2,31456,vehicle,836944,8.37,60,626,76,61,12,0,17989,0.7302,1.0299,High,0
62,self_employed,22757,2,1,7762,vehicle,298496,2.98,36,781,92,29,23,0,9701,0.7674,1.0931,Moderate,1
56,not_employed,0,1,1,0,personal,50000,0.5,24,666,83,72,1,4,2318,2318.0,4166.6667,High,0
47,salaried,50718,1,0,0,personal,198846,1.99,48,632,84,72,24,1,5091,0.1004,0.3267,Low,1
58,salaried,41388,0,1,6191,personal,254170,2.54,48,705,98,65,22,0,6507,0.3068,0.5118,Low,1
27,self_employed,57423,3,0,0,business,368465,3.68,24,647,87,55,1,2,17087,0.2976,0.5347,Moderate,0
25,salaried,80711,2,2,35638,personal,573083,5.73,12,572,78,59,3,4,50516,1.0674,0.5917,High,0
63,salaried,33674,0,1,5143,personal,230890,2.31,12,575,82,71,24,1,20352,0.7571,0.5714,High,0
51,salaried,112949,3,1,22574,home,6589918,65.9,180,648,77,50,7,3,72844,0.8448,4.862,High,0
43,self_employed,99356,3,1,15751,personal,366723,3.67,48,719,82,59,3,1,9389,0.253,0.3076,Low,1
62,salaried,16081,4,2,9571,personal,76150,0.76,12,579,84,62,16,1,6712,1.0126,0.3946,High,0
30,self_employed,39644,3,0,0,home,2164951,21.65,240,655,76,61,7,4,21614,0.5452,4.5508,High,0
52,salaried,15000,4,0,0,personal,55785,0.56,60,561,73,73,1,1,1199,0.0799,0.3099,High,0
63,salaried,43564,0,1,11666,home,2102701,21.03,360,694,85,64,3,3,19234,0.7093,4.0222,High,0
50,salaried,36352,2,2,19217,vehicle,467453,4.67,48,661,78,61,2,2,11968,0.8579,1.0716,High,0
59,salaried,80895,2,1,15095,personal,456192,4.56,24,578,75,66,22,1,21156,0.4481,0.4699,High,0
51,self_employed,29589,0,0,0,home,1415628,14.16,240,765,91,46,14,0,14133,0.4776,3.9869,Low,1
38,self_employed,81649,0,0,0,vehicle,658155,6.58,48,778,88,36,3,1,16850,0.2064,0.6717,Low,1
56,self_employed,94379,4,1,9924,business,2350319,23.5,84,597,68,60,12,2,39627,0.525,2.0752,High,0
22,salaried,57200,1,3,37180,home,2945384,29.45,300,599,72,69,3,1,27809,1.1362,4.2911,High,0
34,salaried,97156,3,2,63112,education,2691830,26.92,36,838,95,44,1,0,87491,1.5501,2.3089,Low,1
33,self_employed,313210,0,1,96659,personal,1500000,15.0,36,741,85,66,14,1,48753,0.4643,0.3991,Low,1
49,self_employed,65483,0,0,0,education,336502,3.37,36,490,63,73,1,2,10937,0.167,0.4282,High,0
32,salaried,62511,1,0,0,vehicle,835396,8.35,60,704,93,46,9,1,17955,0.2872,1.1137,Low,1
59,salaried,28906,0,2,5792,home,1719670,17.2,360,625,76,71,24,1,15730,0.7446,4.9577,High,0
22,salaried,26589,2,4,17282,home,688919,6.89,360,712,89,48,0,2,6301,0.8869,2.1592,High,0
52,self_employed,136907,1,2,40077,personal,1027478,10.27,48,675,80,65,7,1,26306,0.4849,0.6254,Low,1
33,salaried,84197,0,1,7718,education,1025251,10.25,120,819,86,53,11,1,13834,0.256,1.0147,Low,1
47,salaried,26429,0,2,6649,home,1265360,12.65,240,587,67,79,16,2,12633,0.7296,3.9898,High,0
61,salaried,22360,1,1,3144,education,2431852,24.32,60,900,100,30,4,0,52269,2.4782,9.0633,Low,1
37,self_employed,35632,0,0,0,personal,104468,1.04,24,900,100,41,17,2,4844,0.1359,0.2443,Low,1
60,salaried,45034,2,1,5661,home,1447322,14.47,180,755,95,72,10,3,15998,0.4809,2.6782,Low,1
51,salaried,38350,1,2,11055,home,1080156,10.8,120,784,85,51,11,1,14575,0.6683,2.3471,Moderate,1
54,salaried,53976,0,0,0,personal,318187,3.18,36,778,95,40,15,3,10341,0.1916,0.4912,Low,1
44,salaried,84985,1,1,13337,personal,428014,4.28,12,735,86,35,2,3,37728,0.6009,0.4197,Low,1
55,salaried,64683,0,1,19418,personal,261722,2.62,12,556,77,68,19,8,23070,0.6569,0.3372,High,0
26,self_employed,91940,0,0,0,education,2348087,23.48,60,698,84,71,3,4,50469,0.5489,2.1283,High,0
39,self_employed,20000,0,0,0,education,850548,8.51,84,791,93,37,1,1,14340,0.717,3.544,Moderate,1
50,self_employed,20000,3,0,0,business,300000,3.0,60,709,96,45,8,2,6448,0.3224,1.25,Low,1
27,self_employed,31660,3,1,7171,personal,222984,2.23,24,463,65,80,8,2,10341,0.5531,0.5869,High,0
30,salaried,33562,2,1,9842,vehicle,482611,4.83,36,683,87,45,6,0,15686,0.7606,1.1983,High,0
61,self_employed,117226,1,0,0,business,2483080,24.83,36,770,86,37,11,0,80706,0.6885,1.7652,Moderate,0
52,salaried,28930,1,1,5300,home,1465542,14.66,300,780,79,53,23,0,13837,0.6615,4.2215,High,0
54,self_employed,102083,1,1,34799,personal,735462,7.35,24,712,97,60,4,1,34107,0.675,0.6004,Moderate,0
48,not_employed,8000,2,1,2771,personal,78202,0.78,60,727,87,52,19,2,1680,0.5564,0.8146,High,0
35,salaried,62427,4,0,0,vehicle,407329,4.07,84,856,95,23,4,1,6867,0.11,0.5437,Low,1
50,salaried,64487,0,0,0,personal,300302,3.0,48,787,98,38,3,1,7688,0.1192,0.3881,Low,1
57,salaried,20833,0,0,0,home,757124,7.57,120,666,80,49,17,1,10216,0.4904,3.0285,Low,1
49,salaried,36911,2,1,6105,personal,149721,1.5,24,734,88,55,9,1,6943,0.3535,0.338,Low,1
42,salaried,100467,2,0,0,business,867720,8.68,36,782,89,47,23,0,28203,0.2807,0.7197,Low,1
24,self_employed,45457,2,1,7786,personal,184715,1.85,48,766,83,42,3,0,4729,0.2753,0.3386,Low,1
40,not_employed,0,2,0,0,home,500000,5.0,300,705,76,44,12,1,4720,4720.0,41666.6667,High,0
52,salaried,70894,3,0,0,home,3269964,32.7,240,741,81,50,19,1,32646,0.4605,3.8437,Low,1
56,salaried,67320,1,3,32627,home,3772436,37.72,360,774,93,50,16,3,34507,0.9972,4.6698,Moderate,0
24,salaried,53676,3,2,26328,home,1920205,19.2,240,751,86,36,5,1,19170,0.8476,2.9812,Moderate,1
47,self_employed,37028,3,1,5351,home,966225,9.66,180,540,80,57,17,2,10680,0.4329,2.1745,High,0
37,salaried,103303,2,1,24779,business,1133820,11.34,60,757,81,59,16,3,24370,0.4758,0.9146,Low,1
32,salaried,35993,1,1,4967,business,612259,6.12,36,736,85,51,0,1,19899,0.6909,1.4175,Moderate,1
42,salaried,31610,0,0,0,business,517866,5.18,36,625,77,45,4,0,16831,0.5325,1.3652,High,0
37,salaried,83002,1,2,33015,personal,386509,3.87,48,810,81,35,8,2,9895,0.517,0.3881,Low,1
30,salaried,53500,1,1,11363,business,1318180,13.18,36,568,69,68,8,3,42844,1.0132,2.0532,High,0
21,self_employed,177416,3,2,80785,personal,1106366,11.06,60,556,76,69,2,5,23780,0.5894,0.5197,High,0
42,salaried,47211,0,1,15562,personal,124927,1.25,24,589,79,62,14,5,5793,0.4523,0.2205,High,0
46,self_employed,35571,1,2,7834,vehicle,278279,2.78,48,684,88,58,20,0,7124,0.4205,0.6519,Low,1
38,salaried,57805,2,0,0,business,1381188,13.81,36,732,81,37,12,3,44891,0.7766,1.9912,High,0
34,self_employed,41852,0,2,25586,home,2320999,23.21,240,674,84,60,7,0,23172,1.165,4.6214,High,0
49,self_employed,36405,1,1,8362,business,676126,6.76,60,705,83,63,7,1,14532,0.6289,1.5477,Moderate,0
32,salaried,80751,1,1,16034,vehicle,396222,3.96,84,665,77,73,5,1,6680,0.2813,0.4089,Low,1
56,salaried,147109,2,1,16077,education,2092858,20.93,36,657,82,65,0,2,68022,0.5717,1.1855,Moderate,1
55,salaried,42282,0,4,27483,education,1839617,18.4,84,703,98,41,9,2,31017,1.3836,3.6257,Moderate,0
32,self_employed,27452,3,1,4540,business,300000,3.0,24,774,88,54,10,2,13912,0.6722,0.9107,Moderate,0
27,salaried,44708,1,0,0,personal,353836,3.54,12,831,95,40,2,0,31190,0.6976,0.6595,Low,1
49,not_employed,0,3,1,0,personal,50000,0.5,48,545,69,77,21,3,1280,1280.0,4166.6667,High,0
31,salaried,49963,1,1,9158,business,710795,7.11,84,820,85,49,5,0,11984,0.4232,1.1855,Low,1
53,self_employed,63610,1,1,19064,home,3563278,35.63,180,794,90,39,24,1,39388,0.9189,4.6681,Moderate,0
26,self_employed,42368,0,0,0,personal,92420,0.92,24,651,73,74,4,4,4286,0.1012,0.1818,High,0
35,self_employed,165739,0,1,47204,personal,405532,4.06,48,645,85,62,15,4,10382,0.3474,0.2039,Moderate,0
52,salaried,24301,1,1,6218,home,1062495,10.62,360,644,72,64,9,4,9719,0.6558,3.6435,High,0
31,salaried,31806,0,1,11062,vehicle,423838,4.24,48,716,76,51,5,2,10851,0.689,1.1105,High,0
43,self_employed,553474,1,0,0,education,997881,9.98,120,730,82,57,6,3,13464,0.0243,0.1502,Low,1
46,salaried,26296,1,1,2752,home,664039,6.64,300,657,78,55,10,1,6269,0.3431,2.1044,Moderate,1
54,salaried,21758,1,0,0,vehicle,200000,2.0,60,844,89,48,10,0,4298,0.1975,0.766,Low,1
54,salaried,76167,0,1,9292,vehicle,723520,7.24,60,632,77,65,19,4,15551,0.3262,0.7916,High,0
49,salaried,15000,2,4,9750,home,781121,7.81,240,760,88,51,22,1,7798,1.1699,4.3396,Moderate,0
24,salaried,42567,3,0,0,vehicle,259244,2.59,84,586,76,57,3,3,4371,0.1027,0.5075,High,0
37,salaried,177636,0,1,39810,home,9501605,95.02,360,626,81,71,13,3,86914,0.7134,4.4574,High,0
55,salaried,19400,0,2,9677,personal,141462,1.41,60,625,67,59,9,1,3040,0.6555,0.6077,High,0
33,self_employed,20000,3,0,0,personal,50000,0.5,36,668,78,46,9,1,1625,0.0812,0.2083,Moderate,1
61,self_employed,20000,0,2,11265,education,2995639,29.96,36,618,93,42,8,3,97365,5.4315,12.4818,High,0
59,self_employed,122846,4,1,39776,home,4762011,47.62,300,705,79,55,19,1,44962,0.6898,3.2303,High,0
35,not_employed,8000,0,3,5200,education,2755799,27.56,84,744,91,71,0,1,46464,6.458,28.7062,High,0
49,salaried,96265,3,1,33602,education,637110,6.37,84,644,79,63,6,3,10742,0.4606,0.5515,High,0
49,salaried,63834,1,0,0,personal,126485,1.26,24,577,73,53,2,2,5865,0.0919,0.1651,High,0
31,salaried,17306,3,0,0,personal,73606,0.74,24,745,88,40,9,3,3413,0.1972,0.3544,Low,1
52,salaried,56852,1,0,0,home,1939471,19.39,360,592,78,47,18,1,17741,0.3121,2.8429,High,0
22,not_employed,5000,2,3,3250,personal,69294,0.69,24,667,81,64,3,2,3213,1.2926,1.1549,High,0
34,salaried,138524,0,0,0,education,657048,6.57,120,775,89,51,4,3,8865,0.064,0.3953,Low,1
40,salaried,15000,0,4,9750,home,879749,8.8,360,620,80,57,11,3,8047,1.1865,4.8875,High,0
42,salaried,44850,2,2,8342,home,1761845,17.62,360,703,85,55,14,0,16116,0.5453,3.2736,Moderate,1
31,salaried,39315,1,1,10560,personal,135953,1.36,48,710,82,54,10,2,3480,0.3571,0.2882,Low,1
47,self_employed,41434,3,1,10772,education,1755725,17.56,84,886,100,21,23,0,29602,0.9744,3.5312,Low,1
23,salaried,59199,1,2,21438,business,1323949,13.24,36,871,100,23,0,0,43031,1.089,1.8637,Low,1
37,not_employed,12000,3,2,2975,vehicle,200000,2.0,60,584,79,64,15,3,4298,0.6061,1.3889,High,0
64,salaried,32644,1,0,0,business,446231,4.46,84,675,83,55,0,1,7523,0.2305,1.1391,Low,1
48,salaried,15000,4,0,0,home,740622,7.41,120,635,86,68,13,0,9993,0.6662,4.1146,High,0
49,self_employed,122250,3,1,22319,personal,767809,7.68,60,755,86,46,7,1,16503,0.3176,0.5234,Low,1
41,salaried,37943,1,2,19453,education,1558094,15.58,84,722,83,34,12,0,26270,1.205,3.422,Moderate,0
36,self_employed,93218,3,1,23870,vehicle,840521,8.41,60,746,76,61,12,0,18066,0.4499,0.7514,Low,1
57,not_employed,5000,2,0,0,personal,52241,0.52,48,713,83,60,12,1,1337,0.2674,0.8707,High,0
40,self_employed,52190,0,0,0,personal,193791,1.94,24,701,80,39,16,2,8987,0.1722,0.3094,Low,1
26,self_employed,144175,2,1,36500,personal,809191,8.09,48,569,66,68,2,2,20718,0.3969,0.4677,High,0
39,salaried,60754,0,2,22941,business,760614,7.61,84,741,90,63,2,4,12824,0.5887,1.0433,Moderate,1
25,not_employed,8000,2,2,4234,home,500000,5.0,120,646,77,69,0,1,6746,1.3725,5.2083,High,0
23,salaried,50955,0,4,28144,personal,270431,2.7,48,549,71,94,3,1,6923,0.6882,0.4423,High,0
21,self_employed,95985,0,1,23274,business,1334849,13.35,36,676,75,71,1,2,43385,0.6945,1.1589,High,0
58,self_employed,48763,1,4,26199,home,1087655,10.88,360,727,87,61,19,0,9949,0.7413,1.8587,High,0
35,not_employed,5000,1,1,867,home,500000,5.0,180,696,82,68,4,2,5526,1.2786,8.3333,High,0
54,self_employed,48770,3,1,6958,home,2421207,24.21,300,822,91,47,11,1,22860,0.6114,4.1371,Low,1
55,salaried,21977,4,0,0,personal,113433,1.13,48,714,83,52,13,0,2904,0.1321,0.4301,Low,1
45,not_employed,0,1,1,0,home,500000,5.0,240,671,77,36,5,2,4991,4991.0,41666.6667,High,0
44,salaried,76390,0,0,0,home,2692686,26.93,240,690,86,59,14,2,26883,0.3519,2.9374,Low,1
32,not_employed,12000,2,0,0,home,525849,5.26,120,699,87,69,7,3,7095,0.5913,3.6517,High,0
38,self_employed,36834,1,0,0,business,696670,6.97,24,596,66,53,9,3,32308,0.8771,1.5761,High,0
35,salaried,35986,1,3,23390,education,2828033,28.28,84,803,88,68,7,0,47682,1.975,6.5489,Moderate,0
64,salaried,45437,1,2,17651,personal,241796,2.42,48,736,80,60,12,3,6190,0.5247,0.4435,Low,1
36,salaried,63810,1,3,40295,home,1888182,18.88,300,755,88,49,2,0,17827,0.9109,2.4659,Moderate,1
47,self_employed,165110,1,1,35132,business,1592735,15.93,84,614,74,66,19,3,26854,0.3754,0.8039,High,0
28,salaried,48308,2,2,22511,personal,317379,3.17,24,682,83,44,1,2,14718,0.7707,0.5475,High,0
45,salaried,20882,1,0,0,personal,132724,1.33,48,627,79,65,1,1,3398,0.1627,0.5297,Moderate,0
37,salaried,81268,3,0,0,home,4010280,40.1,360,614,82,52,8,1,36683,0.4514,4.1122,Moderate,1
49,self_employed,109531,1,1,23229,education,2969247,29.69,36,642,78,63,1,2,96507,1.0932,2.2591,High,0
28,salaried,15288,0,0,0,personal,68498,0.68,60,488,74,81,1,0,1472,0.0963,0.3734,High,0
35,salaried,48909,3,1,10710,business,623770,6.24,60,851,91,29,11,1,13407,0.4931,1.0628,Low,1
47,salaried,18881,1,2,3796,education,596417,5.96,120,693,82,48,8,2,8047,0.6272,2.6324,Low,1
27,salaried,32899,0,0,0,vehicle,200000,2.0,60,644,77,49,4,3,4298,0.1306,0.5066,Moderate,0
23,salaried,28518,2,2,14548,personal,149822,1.5,48,772,90,50,2,0,3835,0.6446,0.4378,Low,1
49,salaried,79662,1,0,0,business,1536062,15.36,24,578,72,67,14,3,71236,0.8942,1.6069,High,0
64,salaried,52580,2,2,22418,personal,230000,2.3,60,632,90,57,5,2,4943,0.5204,0.3645,High,0
44,not_employed,5000,1,1,1718,home,500000,5.0,240,746,82,45,13,1,4991,1.3418,8.3333,High,0
23,self_employed,21408,2,3,11355,home,743414,7.43,300,701,82,52,2,0,7019,0.8583,2.8938,High,0
40,salaried,31268,0,0,0,home,1602731,16.03,120,672,85,63,4,2,21626,0.6916,4.2715,Moderate,0
35,not_employed,8000,1,0,0,business,300000,3.0,84,733,82,40,5,4,5058,0.6322,3.125,High,0
45,salaried,40717,4,0,0,personal,61104,0.61,36,552,74,74,2,2,1986,0.0488,0.1251,High,0
50,salaried,76311,2,0,0,home,1629616,16.3,180,739,89,49,3,0,18013,0.236,1.7796,Low,1
34,salaried,32095,0,1,10722,personal,78391,0.78,24,846,98,54,1,0,3635,0.4473,0.2035,Low,1
27,salaried,60827,1,2,26531,business,865848,8.66,84,736,83,59,8,0,14598,0.6762,1.1862,Moderate,0
37,salaried,51521,1,1,4204,personal,154148,1.54,12,636,84,81,7,5,13587,0.3453,0.2493,High,0
64,salaried,119297,2,0,0,business,2637767,26.38,84,744,85,52,1,4,44474,0.3728,1.8426,Low,1
40,salaried,26383,2,0,0,business,415066,4.15,84,616,76,55,1,1,6998,0.2652,1.311,Moderate,0
56,self_employed,53006,2,2,12649,business,1239688,12.4,24,740,89,57,4,0,57491,1.3232,1.949,Moderate,0
29,salaried,33375,1,2,16934,personal,178532,1.79,24,678,86,55,1,2,8279,0.7554,0.4458,High,0
58,salaried,50356,2,0,0,education,1971005,19.71,120,787,91,61,18,0,26595,0.5281,3.2618,Low,1
42,salaried,67505,1,0,0,personal,224023,2.24,12,617,73,83,4,1,19747,0.2925,0.2766,High,0
22,salaried,33153,0,1,10715,business,362357,3.62,36,597,80,54,2,5,11777,0.6784,0.9108,High,0
44,salaried,39400,1,2,13719,business,803377,8.03,60,777,95,43,17,1,17267,0.7864,1.6992,Low,1
28,salaried,87520,3,1,14345,home,4868387,48.68,180,900,97,40,6,0,53815,0.7788,4.6355,Low,1
31,self_employed,177346,2,4,115274,business,1798442,17.98,60,574,72,66,11,5,38655,0.868,0.8451,High,0
33,salaried,65914,1,1,12805,personal,324676,3.25,36,720,90,37,14,2,10552,0.3544,0.4105,Low,1
37,salaried,45126,2,1,7772,home,1606871,16.07,360,900,100,46,9,0,14698,0.4979,2.9674,Low,1
28,self_employed,49688,3,0,0,personal,340025,3.4,60,826,100,47,3,2,7308,0.1471,0.5703,Low,1
41,salaried,68109,1,1,22559,vehicle,740992,7.41,84,672,73,66,17,0,12493,0.5146,0.9066,Moderate,0
38,salaried,56199,1,1,5769,business,688958,6.89,36,574,74,55,7,3,22392,0.5011,1.0216,High,0
50,self_employed,20000,4,3,9155,business,300000,3.0,60,782,89,52,23,3,6448,0.7802,1.25,High,0
38,salaried,69108,3,0,0,vehicle,379240,3.79,84,601,80,63,11,2,6394,0.0925,0.4573,Moderate,1
51,salaried,29250,1,0,0,home,1383270,13.83,120,804,90,51,2,0,18665,0.6381,3.9409,Low,1
58,salaried,20948,1,1,4756,vehicle,228334,2.28,48,845,88,29,3,0,5846,0.5061,0.9083,Low,1
52,salaried,18015,1,1,4931,home,755947,7.56,300,856,100,45,14,0,7137,0.6699,3.4968,Low,1
31,salaried,43059,0,0,0,business,1046333,10.46,84,639,79,56,1,1,17641,0.4097,2.025,High,0
45,salaried,26637,3,2,6783,business,300000,3.0,60,568,68,63,7,7,6448,0.4967,0.9385,High,0
53,salaried,15000,1,2,7776,personal,78330,0.78,60,799,92,62,13,0,1683,0.6306,0.4352,Low,1
58,salaried,39534,3,1,8302,home,2062246,20.62,120,687,80,78,23,1,27826,0.9138,4.347,High,0
61,self_employed,40438,0,1,4106,personal,118360,1.18,24,640,76,59,19,6,5489,0.2373,0.2439,High,0
28,salaried,44804,1,2,8512,vehicle,400035,4.0,84,583,72,62,4,4,6744,0.3405,0.744,High,0
31,salaried,33612,0,0,0,personal,264300,2.64,60,661,88,69,6,2,5680,0.169,0.6553,Low,1
42,salaried,146913,2,1,41082,home,2991915,29.92,360,632,74,51,21,2,27368,0.4659,1.6971,High,0
44,self_employed,90569,1,0,0,business,2178003,21.78,36,618,83,35,21,0,70790,0.7816,2.004,High,0
61,salaried,36323,2,3,23609,personal,181657,1.82,12,723,93,38,18,1,16012,1.0908,0.4168,Moderate,0
37,self_employed,56902,0,1,11945,home,1472414,14.72,240,685,74,44,10,2,14700,0.4683,2.1564,Moderate,1
32,salaried,114552,0,2,38639,education,1966046,19.66,84,707,70,35,12,2,33148,0.6267,1.4302,Moderate,0
52,salaried,87026,0,1,28488,personal,310644,3.11,48,585,70,51,20,1,7953,0.4187,0.2975,High,0
35,salaried,21210,1,3,13786,business,521150,5.21,36,733,88,53,15,2,16938,1.4486,2.0476,High,0
36,salaried,27321,2,0,0,personal,119000,1.19,12,637,79,62,11,5,10489,0.3839,0.363,High,0
42,salaried,30665,1,0,0,personal,231560,2.32,60,732,90,39,20,0,4977,0.1623,0.6293,Low,1
48,salaried,37653,2,0,0,home,1346086,13.46,360,612,80,63,21,5,12313,0.327,2.9791,High,0
40,salaried,34294,1,1,5652,home,1859772,18.6,240,655,82,59,19,5,18567,0.7062,4.5192,High,0
53,salaried,50031,1,1,12386,vehicle,410742,4.11,48,655,72,54,4,0,10516,0.4578,0.6841,Moderate,1
30,self_employed,107858,0,2,60098,business,2395859,23.96,24,581,77,78,5,2,111110,1.5873,1.8511,High,0
60,self_employed,123269,0,2,21865,home,4514563,45.15,180,809,83,37,1,0,49903,0.5822,3.052,Low,1
52,salaried,40292,2,0,0,home,966083,9.66,240,690,77,60,7,2,9645,0.2394,1.9981,Low,1
53,salaried,18383,2,2,8233,home,500000,5.0,120,778,89,60,17,1,6746,0.8148,2.2666,Moderate,0
22,salaried,26258,0,1,2473,personal,134210,1.34,36,779,94,66,3,0,4362,0.2603,0.4259,Low,1
53,self_employed,39504,0,0,0,home,1620315,16.2,180,640,90,50,3,2,17910,0.4534,3.418,Moderate,0
53,salaried,23224,3,1,7245,business,424283,4.24,24,690,85,50,6,1,19676,1.1592,1.5224,High,0
61,not_employed,12000,2,3,7744,personal,70802,0.71,60,603,68,72,24,3,1521,0.7721,0.4917,High,0
33,salaried,65274,2,1,19903,personal,149685,1.5,60,766,84,43,7,1,3217,0.3542,0.1911,Low,1
50,salaried,120048,1,1,26356,home,4315289,43.15,360,686,72,46,15,5,39473,0.5484,2.9955,High,0
53,salaried,71920,1,3,46748,personal,162353,1.62,24,513,63,63,4,5,7529,0.7547,0.1881,High,0
33,self_employed,253074,4,3,105476,education,2602493,26.02,84,763,84,36,7,2,43879,0.5902,0.857,Moderate,1
46,salaried,114177,2,1,35105,home,5380852,53.81,180,662,78,39,7,1,59479,0.8284,3.9273,High,0
42,salaried,36590,1,0,0,home,1528378,15.28,240,572,72,72,16,3,15259,0.417,3.4809,High,0
59,not_employed,0,2,2,0,personal,54832,0.55,24,484,61,98,2,0,2542,2542.0,4569.3333,High,0
22,salaried,29441,2,2,14440,vehicle,208631,2.09,84,456,60,66,1,7,3517,0.6099,0.5905,High,0
58,self_employed,40684,1,0,0,personal,249227,2.49,12,808,93,50,1,0,21969,0.54,0.5105,Low,1
59,salaried,67400,1,1,17801,business,1484772,14.85,36,678,78,64,18,1,48258,0.9801,1.8358,High,0
46,self_employed,35215,0,1,6879,home,1958459,19.58,240,656,75,69,1,3,19552,0.7506,4.6345,High,0
35,salaried,50138,0,3,32589,business,371963,3.72,60,602,74,77,11,3,7994,0.8094,0.6182,High,0
54,salaried,40586,2,1,3929,business,804154,8.04,84,762,94,46,20,1,13558,0.4309,1.6511,Low,1
62,self_employed,66402,1,3,25462,personal,169461,1.69,48,561,73,69,8,5,4338,0.4488,0.2127,High,0
64,salaried,15000,2,1,4454,business,300000,3.0,24,589,68,60,14,2,13912,1.2244,1.6667,High,0
60,salaried,16353,4,0,0,education,2743681,27.44,120,712,87,57,14,2,37021,2.2639,13.9815,High,0
31,salaried,70939,0,1,10285,personal,165768,1.66,36,661,80,73,3,0,5387,0.2209,0.1947,Low,1
23,salaried,91336,1,2,42447,personal,237318,2.37,48,704,83,52,2,0,6076,0.5313,0.2165,Low,1
26,salaried,28387,2,2,18254,education,2780566,27.81,36,763,86,41,3,1,90375,3.8267,8.1627,High,0
29,salaried,42344,2,1,11680,education,455791,4.56,84,648,76,60,6,2,7684,0.4573,0.897,High,0
26,salaried,58502,2,1,10752,business,1206937,12.07,24,627,79,63,4,1,55972,1.1405,1.7192,High,0
29,salaried,74304,1,1,24166,business,925461,9.25,84,603,78,67,9,0,15603,0.5352,1.0379,High,0
59,salaried,15000,1,1,2473,education,1199304,11.99,120,526,71,56,18,2,16182,1.2437,6.6628,High,0
51,salaried,28807,1,1,5691,business,300000,3.0,24,678,74,61,15,1,13912,0.6805,0.8678,High,0
52,self_employed,45886,4,0,0,home,1032129,10.32,120,672,77,62,4,3,13927,0.3035,1.8744,Low,1
61,self_employed,105083,1,1,22431,personal,598997,5.99,36,803,89,36,12,0,19468,0.3987,0.475,Low,1
32,self_employed,441858,3,1,78633,vehicle,2500000,25.0,48,537,74,73,5,3,64008,0.3228,0.4715,High,0
28,salaried,42753,1,1,13557,personal,79900,0.8,36,675,87,67,3,0,2596,0.3778,0.1557,Low,1
28,salaried,21074,4,3,13698,home,919133,9.19,240,778,89,59,0,1,9176,1.0854,3.6345,Moderate,1
48,salaried,62402,2,0,0,business,1274455,12.74,60,641,85,43,21,0,27393,0.439,1.7019,Moderate,1
40,salaried,108293,1,4,70390,home,5314675,53.15,180,580,78,63,15,3,58748,1.1925,4.0897,High,0
27,salaried,52302,2,0,0,personal,159099,1.59,60,652,84,47,7,2,3419,0.0654,0.2535,Low,1
31,salaried,28453,1,0,0,personal,60101,0.6,60,527,75,77,8,5,1291,0.0454,0.176,High,0
40,salaried,87098,1,0,0,education,1753136,17.53,60,698,87,54,4,2,37681,0.4326,1.6774,Low,1
36,not_employed,12000,0,0,0,vehicle,200000,2.0,36,704,71,70,15,5,6500,0.5417,1.3889,High,0
24,salaried,72993,0,0,0,home,2102314,21.02,180,619,79,52,5,0,23238,0.3184,2.4001,Moderate,0
26,salaried,99808,1,3,64875,home,2686990,26.87,240,723,87,38,2,0,26826,0.9188,2.2435,High,0
42,salaried,22875,2,1,6944,personal,103514,1.04,48,746,85,36,7,3,2650,0.4194,0.3771,Low,1
46,salaried,39845,2,2,25365,personal,260097,2.6,48,722,82,41,2,1,6659,0.8037,0.544,High,0
23,self_employed,233775,0,4,151953,personal,1177704,11.78,48,479,66,75,2,3,30153,0.779,0.4198,High,0
61,salaried,25922,3,3,16849,personal,108627,1.09,24,592,76,93,5,0,5037,0.8443,0.3492,High,0
62,salaried,113361,2,0,0,home,6458013,64.58,360,590,74,66,2,3,59073,0.5211,4.7474,High,0
34,salaried,41464,3,1,11005,personal,102957,1.03,24,687,83,45,2,0,4774,0.3805,0.2069,Low,1
31,salaried,52111,2,3,28248,personal,176730,1.77,60,682,89,71,4,3,3798,0.615,0.2826,Moderate,1
38,salaried,106392,0,1,8861,education,2447007,24.47,36,607,86,75,9,2,79533,0.8308,1.9167,High,0
32,self_employed,40616,1,0,0,business,310200,3.1,24,565,78,73,2,3,14385,0.3542,0.6364,High,0
43,self_employed,99192,2,0,0,vehicle,1470930,14.71,48,590,82,75,4,1,37660,0.3797,1.2358,High,0
32,self_employed,121500,0,1,36536,education,2172853,21.73,84,604,80,76,2,4,36635,0.6022,1.4903,High,0
33,salaried,33173,0,0,0,personal,202626,2.03,36,517,73,88,2,3,6585,0.1985,0.509,High,0
45,self_employed,32560,0,1,4398,business,386276,3.86,60,727,90,70,1,2,8302,0.39,0.9886,Low,1
39,salaried,42737,1,0,0,personal,182936,1.83,60,735,92,38,9,2,3932,0.092,0.3567,Low,1
56,salaried,43547,1,1,4414,education,1920044,19.2,120,578,85,74,5,2,25908,0.6963,3.6743,High,0
28,salaried,25658,1,1,2269,business,598059,5.98,60,611,81,49,2,1,12854,0.5894,1.9424,High,0
49,salaried,33357,0,0,0,business,663704,6.64,24,618,78,56,9,8,30779,0.9227,1.6581,High,0
52,salaried,15000,2,1,3595,vehicle,216369,2.16,36,673,84,49,16,7,7032,0.7085,1.202,High,0
64,self_employed,45824,1,0,0,business,485908,4.86,84,504,68,63,14,5,8192,0.1788,0.8836,High,0
38,salaried,83837,1,1,25687,education,2319809,23.2,36,618,79,72,6,3,75399,1.2057,2.3059,High,0
26,salaried,18033,0,2,4162,personal,120127,1.2,36,764,90,32,7,1,3904,0.4473,0.5551,Low,1
38,salaried,37127,0,1,9709,vehicle,303461,3.03,36,694,76,64,17,3,9863,0.5272,0.6811,High,0
39,self_employed,422466,1,0,0,personal,1042221,10.42,48,645,82,59,9,3,26684,0.0632,0.2056,Moderate,1
42,not_employed,0,0,2,0,vehicle,200000,2.0,36,642,85,62,18,1,6500,6500.0,16666.6667,High,0
57,self_employed,26086,1,2,15789,personal,142466,1.42,60,845,94,39,20,0,3062,0.7226,0.4551,Moderate,0
52,salaried,106452,2,2,53444,personal,610312,6.1,48,720,79,56,20,2,15626,0.6488,0.4778,Moderate,0
61,salaried,69842,1,1,20793,business,736984,7.37,36,721,85,50,21,1,23953,0.6407,0.8793,Low,1
23,salaried,225085,0,1,37923,personal,1436179,14.36,36,800,95,51,2,1,46679,0.3759,0.5317,Low,1
48,salaried,51072,1,1,16455,business,1012414,10.12,24,778,91,37,13,1,46951,1.2415,1.6519,Moderate,1
30,salaried,135979,2,0,0,personal,512436,5.12,24,749,86,37,3,0,23764,0.1748,0.314,Low,1
55,salaried,16082,3,1,5432,business,347740,3.48,24,786,92,39,4,2,16126,1.3405,1.8019,Moderate,0
49,salaried,20991,2,2,13644,education,586929,5.87,120,707,94,52,14,3,7919,1.0272,2.3301,High,0
35,not_employed,0,1,1,0,education,2426049,24.26,120,771,76,29,6,3,32735,32735.0,202170.75,High,0
53,salaried,35551,1,2,11152,home,1102204,11.02,180,710,92,49,7,0,12183,0.6564,2.5836,Moderate,0
27,salaried,33668,1,1,5530,personal,224942,2.25,48,825,87,36,8,3,5759,0.3353,0.5568,Low,1
32,salaried,67739,3,0,0,business,1357785,13.58,36,640,72,64,12,3,44131,0.6515,1.6704,High,0
50,self_employed,93983,0,1,17129,personal,445649,4.46,24,773,91,53,17,1,20667,0.4022,0.3952,Low,1
41,self_employed,104370,4,1,31264,home,4752735,47.53,180,638,75,66,20,1,52536,0.8029,3.7948,High,0
51,self_employed,76178,2,0,0,education,1359940,13.6,60,649,84,42,24,1,29230,0.3837,1.4877,Moderate,0
44,self_employed,20000,2,0,0,home,860751,8.61,300,653,85,62,8,4,8127,0.4064,3.5865,Moderate,0
40,salaried,17404,0,1,4542,personal,100945,1.01,24,625,73,68,15,2,4681,0.5299,0.4833,High,0
57,salaried,45066,2,3,11397,personal,329672,3.3,36,721,95,54,12,3,10715,0.4907,0.6096,Low,1
24,salaried,51992,1,2,22946,personal,187833,1.88,36,797,90,49,4,1,6105,0.5588,0.3011,Low,1
48,salaried,104005,0,1,10886,business,740426,7.4,36,588,80,70,14,1,24065,0.3361,0.5933,Low,1
64,salaried,51363,1,1,7261,personal,329050,3.29,12,760,78,42,13,2,29005,0.7061,0.5339,High,0
40,salaried,27294,3,0,0,vehicle,401772,4.02,60,586,60,78,18,0,8635,0.3164,1.2267,High,0
44,not_employed,0,1,1,0,personal,50000,0.5,60,685,87,56,5,1,1074,1074.0,4166.6667,High,0
52,not_employed,8000,1,2,3833,personal,72572,0.73,48,696,78,51,22,1,1858,0.7114,0.756,High,0
61,self_employed,101694,0,1,19868,home,2930290,29.3,180,671,77,55,3,1,32391,0.5139,2.4012,High,0
56,self_employed,278580,2,4,181077,personal,1500000,15.0,48,608,76,51,12,5,38405,0.7879,0.4487,High,0
54,self_employed,20000,2,0,0,education,402784,4.03,120,745,89,45,12,2,5434,0.2717,1.6783,Low,1
56,salaried,36388,2,0,0,business,306944,3.07,60,620,80,51,12,2,6597,0.1813,0.7029,Moderate,1
22,salaried,39885,1,1,8821,personal,110325,1.1,36,826,92,47,3,1,3585,0.311,0.2305,Low,1
35,self_employed,192053,1,0,0,business,1174367,11.74,60,692,76,55,8,2,25241,0.1314,0.5096,Moderate,1
54,self_employed,87573,1,2,47309,home,1898328,18.98,180,778,89,34,4,0,20984,0.7798,1.8064,Moderate,1
56,salaried,66158,0,1,6521,personal,154010,1.54,48,733,87,58,24,1,3943,0.1582,0.194,Low,1
26,self_employed,164043,3,1,54553,personal,1176308,11.76,24,702,76,82,7,2,54552,0.6651,0.5976,High,0
59,salaried,44003,1,2,13825,vehicle,347956,3.48,36,445,81,84,23,8,11309,0.5712,0.659,High,0
62,salaried,72503,1,0,0,personal,214343,2.14,60,792,91,53,1,1,4607,0.0635,0.2464,Low,1
32,self_employed,39159,1,1,6894,business,526099,5.26,36,607,72,52,2,1,17099,0.6127,1.1196,High,0
23,salaried,26056,2,1,8883,home,1321888,13.22,300,900,91,39,2,0,12481,0.8199,4.2277,Low,1
38,salaried,143846,0,1,13924,personal,567996,5.68,24,628,83,58,18,2,26341,0.2799,0.3291,Low,1
60,salaried,61170,1,3,16561,home,2483973,24.84,180,824,97,44,9,0,27457,0.7196,3.384,Low,1
41,self_employed,100280,2,3,65182,business,1132205,11.32,84,779,84,61,22,2,19089,0.8404,0.9409,Moderate,0
35,salaried,25639,1,3,10299,business,496809,4.97,60,689,82,66,0,2,10678,0.8182,1.6148,Moderate,0
53,self_employed,90064,2,0,0,home,2356084,23.56,360,770,88,50,23,0,21552,0.2393,2.18,Low,1
55,salaried,142477,0,1,28733,business,1249531,12.5,84,551,70,74,9,4,21067,0.3495,0.7308,High,0
46,salaried,41503,2,0,0,personal,87767,0.88,36,704,77,57,16,2,2852,0.0687,0.1762,Moderate,1
28,not_employed,0,0,3,0,vehicle,200000,2.0,84,659,75,57,0,4,3372,3372.0,16666.6667,High,0
56,salaried,23075,0,1,2860,business,347008,3.47,36,627,80,65,18,2,11278,0.6127,1.2532,High,0
50,not_employed,0,3,2,0,education,2869008,28.69,120,624,72,51,23,2,38712,38712.0,239084.0,High,0
43,salaried,15000,1,1,4945,business,361606,3.62,60,684,72,75,22,0,7772,0.8478,2.0089,High,0
62,not_employed,12000,1,0,0,home,500000,5.0,360,549,70,64,20,2,4573,0.3811,3.4722,High,0
64,salaried,106979,0,0,0,education,2825907,28.26,60,819,94,32,2,1,60739,0.5678,2.2013,Low,1
34,salaried,48382,2,0,0,home,2255340,22.55,120,673,86,67,13,3,30432,0.629,3.8846,Moderate,1
34,salaried,74932,1,2,37147,home,2339517,23.4,180,550,78,68,3,1,25860,0.8409,2.6018,High,0
22,salaried,118784,4,0,0,home,6022616,60.23,300,611,68,49,2,5,56864,0.4787,4.2252,High,0
57,salaried,43649,4,0,0,personal,229632,2.3,60,820,91,42,8,0,4935,0.1131,0.4384,Low,1
25,salaried,55883,2,0,0,home,2900049,29.0,180,783,86,60,5,1,32057,0.5736,4.3246,Low,1
58,salaried,106225,1,0,0,personal,230215,2.3,60,671,76,70,11,1,4948,0.0466,0.1806,Low,1
61,salaried,45260,1,1,6641,personal,128628,1.29,12,532,75,69,7,3,11338,0.3972,0.2368,High,0
34,salaried,22191,2,0,0,home,943127,9.43,360,745,89,47,12,1,8627,0.3888,3.5417,Low,1
59,self_employed,332503,0,2,145694,business,3947010,39.47,36,692,95,66,9,0,128287,0.824,0.9892,Moderate,0
45,salaried,36980,1,2,6629,home,860693,8.61,120,603,72,64,12,1,11613,0.4933,1.9395,High,0
40,salaried,53919,0,1,11289,business,1065859,10.66,60,674,75,61,12,1,22909,0.6342,1.6473,High,0
22,salaried,98086,0,0,0,personal,159451,1.59,60,627,77,67,2,1,3427,0.0349,0.1355,Moderate,0
59,self_employed,36798,0,0,0,home,1780520,17.81,360,647,76,61,24,5,16287,0.4426,4.0322,High,0
26,salaried,26776,1,2,17404,personal,61293,0.61,12,659,87,42,3,1,5402,0.8517,0.1908,High,0
37,self_employed,73349,2,0,0,personal,449799,4.5,48,582,74,76,14,5,11516,0.157,0.511,High,0
45,not_employed,5000,1,0,0,education,2968885,29.69,60,900,100,57,4,1,63812,12.7624,49.4814,High,0
48,self_employed,20000,1,3,6147,education,2101545,21.02,120,711,79,49,10,0,28357,1.7252,8.7564,High,0
22,salaried,38336,0,1,13130,personal,118849,1.19,24,739,86,46,2,1,5511,0.4863,0.2583,Low,1
55,salaried,90271,1,4,58676,home,5145066,51.45,300,619,83,58,6,1,48578,1.1881,4.7496,High,0
57,self_employed,131112,1,0,0,business,2899336,28.99,24,568,79,55,17,2,134459,1.0255,1.8428,High,0
25,salaried,108542,2,0,0,personal,297299,2.97,24,747,89,34,5,1,13787,0.127,0.2283,Low,1
21,salaried,32027,4,3,20817,personal,112450,1.12,48,465,65,83,2,6,2879,0.7399,0.2926,High,0
60,salaried,46638,0,1,13378,education,1489734,14.9,84,434,62,81,17,3,25117,0.8254,2.6619,High,0
32,self_employed,284422,0,2,147155,personal,743415,7.43,48,689,75,52,9,2,19033,0.5843,0.2178,High,0
56,salaried,42283,1,2,22415,vehicle,497959,4.98,36,825,94,49,15,0,16184,0.9129,0.9814,Moderate,1
43,self_employed,114556,3,1,16493,education,1065069,10.65,84,810,89,41,22,0,17957,0.3007,0.7748,Low,1
51,salaried,193752,2,2,80534,home,10312578,103.13,240,621,73,42,12,0,102958,0.947,4.4355,High,0
31,salaried,16164,3,0,0,home,500000,5.0,360,694,85,46,2,4,4573,0.2829,2.5777,Low,1
30,salaried,41450,1,2,22226,home,1210163,12.1,180,656,83,59,1,0,13377,0.8589,2.433,Moderate,0
23,salaried,49075,4,3,18354,personal,188950,1.89,60,649,78,51,4,6,4061,0.4567,0.3209,High,0
34,not_employed,8000,0,1,1167,vehicle,200000,2.0,36,695,85,56,6,1,6500,0.9584,2.0833,High,0
36,self_employed,20000,0,3,6411,education,1371515,13.72,60,688,80,58,15,1,29479,1.7945,5.7146,High,0
30,self_employed,90885,3,1,26683,personal,618741,6.19,12,652,77,52,9,1,54541,0.8937,0.5673,High,0
49,salaried,15000,3,1,5064,home,500000,5.0,360,610,80,65,3,3,4573,0.6425,2.7778,High,0
30,self_employed,88768,0,2,28325,personal,626988,6.27,48,512,74,89,5,3,16053,0.4999,0.5886,High,0
32,salaried,26982,0,0,0,personal,122540,1.23,48,813,94,27,3,0,3137,0.1163,0.3785,Low,1
50,salaried,37475,0,0,0,education,2738042,27.38,120,648,77,62,23,2,36945,0.9859,6.0886,High,0
61,salaried,72484,0,0,0,education,2544611,25.45,36,778,86,47,19,0,82706,1.141,2.9255,Moderate,1
21,salaried,64109,0,3,41670,home,1744898,17.45,120,792,87,33,2,0,23544,1.0172,2.2681,Low,1
25,self_employed,59493,4,0,0,personal,440313,4.4,60,778,82,57,5,1,9464,0.1591,0.6168,Low,1
40,not_employed,12000,2,1,2736,education,1991561,19.92,84,792,96,40,0,0,33579,3.0262,13.8303,High,0
28,salaried,41899,2,0,0,personal,216513,2.17,12,760,92,48,7,1,19085,0.4555,0.4306,Low,1
63,self_employed,20000,2,1,3312,education,2511579,25.12,84,807,92,48,11,0,42346,2.2829,10.4649,High,0
32,salaried,16026,1,1,4143,home,927820,9.28,300,757,86,44,7,0,8760,0.8051,4.8246,Moderate,1
21,salaried,90276,2,2,21110,education,1757656,17.58,84,685,92,61,0,3,29635,0.5621,1.6225,Moderate,1
40,salaried,81328,1,2,42812,business,539564,5.4,24,748,88,42,10,1,25022,0.8341,0.5529,Moderate,1
48,salaried,33859,1,3,20449,business,813684,8.14,84,546,77,67,18,2,13719,1.0091,2.0026,High,0
63,salaried,20651,1,3,13423,vehicle,200000,2.0,60,560,77,74,14,6,4298,0.8581,0.8071,High,0
57,salaried,26152,1,1,4783,vehicle,341779,3.42,84,584,75,81,20,3,5762,0.4032,1.0891,High,0
57,self_employed,68854,2,3,44755,business,926096,9.26,60,606,70,63,3,3,19905,0.9391,1.1208,High,0
32,self_employed,68957,4,3,44822,vehicle,568225,5.68,36,763,83,45,3,1,18468,0.9178,0.6867,High,0
57,salaried,91630,1,1,10196,business,2029250,20.29,36,679,84,54,16,1,65955,0.8311,1.8455,High,0
64,not_employed,5000,2,0,0,business,300000,3.0,60,673,95,54,10,1,6448,1.2896,5.0,High,0
48,salaried,37413,0,4,24318,personal,75430,0.75,36,778,90,45,9,4,2451,0.7155,0.168,High,0
35,salaried,15000,2,0,0,personal,66214,0.66,48,689,91,77,9,1,1695,0.113,0.3679,Low,1
26,self_employed,69851,1,2,38862,business,638766,6.39,36,808,91,52,5,2,20761,0.8536,0.7621,Moderate,0
64,salaried,61037,0,0,0,home,2258032,22.58,300,728,87,49,20,2,21319,0.3493,3.0829,Low,1
40,salaried,47882,1,0,0,business,851845,8.52,24,759,88,55,18,0,39505,0.825,1.4825,Low,1
34,salaried,33099,2,1,2842,personal,260324,2.6,12,695,90,62,8,1,22947,0.7791,0.6554,High,0
22,salaried,15000,0,2,4968,home,500000,5.0,360,714,86,44,1,1,4573,0.6361,2.7778,Low,1
29,self_employed,80726,3,2,47904,education,2342900,23.43,84,668,78,57,4,4,39502,1.0827,2.4186,High,0
57,salaried,117390,0,1,19688,vehicle,581296,5.81,36,706,83,80,17,1,18893,0.3287,0.4127,Low,1
40,salaried,34385,3,1,6880,personal,97527,0.98,12,640,76,69,19,3,8596,0.4501,0.2364,High,0
46,salaried,63833,2,0,0,business,1276186,12.76,24,778,88,56,24,1,59184,0.9272,1.666,Moderate,1
49,self_employed,20000,1,2,8421,business,300000,3.0,60,595,80,84,16,4,6448,0.7435,1.25,High,0
21,salaried,64494,1,2,13983,personal,141843,1.42,12,591,77,87,2,6,12503,0.4107,0.1833,High,0
55,self_employed,43708,2,0,0,home,918238,9.18,180,591,70,79,1,5,10150,0.2322,1.7507,High,0
26,salaried,31025,2,4,20166,personal,188148,1.88,48,747,91,53,2,4,4817,0.8053,0.5054,High,0
57,salaried,31063,2,1,6872,personal,112476,1.12,12,652,71,55,24,4,9914,0.5404,0.3017,High,0
25,salaried,38709,1,0,0,home,1649446,16.49,240,671,81,45,3,2,16467,0.4254,3.551,Low,1
53,salaried,61664,1,2,12689,personal,310096,3.1,48,538,78,71,22,4,7939,0.3345,0.4191,High,0
34,salaried,22308,4,1,5222,personal,97719,0.98,36,789,79,55,4,2,3176,0.3765,0.365,Moderate,1
32,salaried,38627,0,3,25107,business,300000,3.0,84,595,84,80,4,5,5058,0.7809,0.6472,High,0
62,self_employed,57920,1,0,0,home,2412553,24.13,180,564,65,74,4,5,26668,0.4604,3.4711,High,0
40,salaried,25351,1,1,2653,education,1205699,12.06,36,593,72,77,15,3,39188,1.6505,3.9634,High,0
44,self_employed,252037,2,0,0,personal,1500000,15.0,60,698,86,49,23,0,32240,0.1279,0.496,Low,1
63,salaried,29375,2,0,0,business,582378,5.82,36,576,77,83,22,5,18928,0.6444,1.6521,High,0
54,salaried,32805,1,1,3373,business,557312,5.57,24,822,99,38,7,0,25845,0.8907,1.4157,Low,1
45,salaried,27255,0,1,9045,home,581740,5.82,300,651,82,51,10,4,5492,0.5334,1.7787,High,0
49,self_employed,252403,0,2,50935,vehicle,2500000,25.0,36,550,74,81,14,2,81256,0.5237,0.8254,High,0
59,salaried,68305,1,0,0,business,535623,5.36,60,675,78,76,8,0,11512,0.1685,0.6535,Moderate,0
51,salaried,27946,1,1,8986,business,465294,4.65,24,797,92,46,12,0,21578,1.0937,1.3875,Moderate,1
63,salaried,95200,4,0,0,business,2020299,20.2,84,631,74,64,17,2,34063,0.3578,1.7685,High,0
43,salaried,55293,1,2,25621,personal,199357,1.99,36,701,80,49,11,0,6479,0.5805,0.3005,Low,1
64,salaried,57202,1,1,19369,personal,185983,1.86,60,705,79,57,19,1,3997,0.4085,0.2709,Low,1
58,salaried,39867,3,2,24680,personal,170312,1.7,60,649,73,63,11,0,3660,0.7109,0.356,High,0
40,salaried,31267,1,1,7181,personal,138024,1.38,60,661,88,74,18,2,2966,0.3245,0.3679,Low,1
43,salaried,60033,1,1,10015,personal,264987,2.65,60,633,85,65,3,4,5695,0.2617,0.3678,Moderate,0
36,self_employed,38712,0,1,5570,business,532726,5.33,36,690,85,57,2,1,17314,0.5911,1.1468,Moderate,1
62,salaried,145809,1,0,0,personal,472902,4.73,36,809,90,37,21,0,15370,0.1054,0.2703,Low,1
28,salaried,22889,3,1,6399,vehicle,326700,3.27,48,686,83,53,0,2,8364,0.645,1.1894,Moderate,1
41,salaried,123215,1,3,75253,home,5460147,54.6,240,704,86,51,14,1,54513,1.0532,3.6928,Moderate,0
21,salaried,45853,1,1,4943,personal,87293,0.87,12,381,67,82,1,4,7694,0.2756,0.1586,High,0
28,salaried,58656,2,3,38126,home,2579713,25.8,360,467,71,73,7,9,23597,1.0523,3.665,High,0
49,salaried,80813,3,2,47598,personal,598183,5.98,12,650,88,61,23,1,52728,1.2415,0.6168,High,0
52,salaried,33585,1,0,0,vehicle,475585,4.76,36,678,83,66,13,1,15457,0.4602,1.1801,Low,1
58,salaried,82334,1,1,27938,business,1603166,16.03,84,690,79,62,16,0,27030,0.6676,1.6226,High,0
25,salaried,15000,3,0,0,personal,50000,0.5,36,679,81,54,0,2,1625,0.1083,0.2778,Low,1
42,salaried,31824,0,1,10814,vehicle,350672,3.51,60,743,84,45,20,3,7537,0.5766,0.9183,Low,1
54,self_employed,28588,2,0,0,business,621555,6.22,36,824,86,45,14,2,20202,0.7067,1.8118,Moderate,0
21,salaried,23107,2,2,15019,personal,176751,1.77,60,563,75,67,1,2,3799,0.8144,0.6374,High,0
46,salaried,43089,2,2,12276,education,1909057,19.09,36,716,90,60,12,0,62049,1.7249,3.6921,Moderate,1
63,salaried,61787,1,0,0,education,2821509,28.22,84,768,80,35,6,1,47572,0.7699,3.8054,Moderate,1
30,salaried,74726,1,0,0,personal,233624,2.34,36,725,87,41,4,0,7593,0.1016,0.2605,Low,1
50,salaried,56643,2,2,35050,business,1012776,10.13,36,697,79,39,22,2,32917,1.1999,1.49,High,0
38,salaried,32878,0,1,5759,personal,117713,1.18,12,580,74,55,1,0,10376,0.4908,0.2984,High,0
37,self_employed,80435,1,0,0,home,2091087,20.91,360,792,89,56,1,0,19127,0.2378,2.1664,Low,1
46,salaried,52816,0,2,29171,personal,308893,3.09,60,611,70,55,16,1,6639,0.678,0.4874,High,0
28,salaried,85959,0,3,55873,vehicle,347878,3.48,84,622,84,72,9,3,5865,0.7182,0.3373,High,0
60,salaried,78132,4,2,43973,business,1051045,10.51,60,657,79,51,19,0,22591,0.8519,1.121,High,0
32,salaried,49925,1,1,9749,personal,158678,1.59,60,594,84,77,7,2,3410,0.2636,0.2649,Moderate,0
47,salaried,28613,3,3,18598,home,1715792,17.16,300,866,93,37,11,0,16200,1.2162,4.9971,Moderate,1
28,self_employed,35512,0,1,3641,personal,120290,1.2,36,876,92,52,7,0,3909,0.2126,0.2823,Low,1
45,salaried,35246,1,0,0,business,795000,7.95,36,695,87,39,8,1,25839,0.7331,1.8796,High,0
24,self_employed,46526,0,1,7184,personal,181289,1.81,48,592,70,53,1,2,4641,0.2542,0.3247,High,0
53,self_employed,74194,2,0,0,business,1386119,13.86,84,594,78,88,15,4,23370,0.315,1.5569,High,0
21,self_employed,106100,2,1,13352,vehicle,690382,6.9,48,676,73,76,2,1,17676,0.2924,0.5422,Moderate,0
39,salaried,47540,0,2,20040,education,1056555,10.57,84,702,85,51,14,1,17814,0.7963,1.852,Moderate,0
51,salaried,49497,3,1,5929,personal,121378,1.21,36,670,80,48,15,0,3945,0.1995,0.2044,Low,1
36,salaried,53422,0,0,0,home,3143572,31.44,300,624,80,65,7,0,29681,0.5556,4.9037,Moderate,0
34,salaried,35970,2,1,10726,home,1251795,12.52,180,729,83,30,3,3,13837,0.6829,2.9001,Moderate,0
25,salaried,28134,4,2,7888,education,960310,9.6,36,612,79,56,1,2,31212,1.3898,2.8445,High,0
61,self_employed,20000,3,1,2914,education,2354766,23.55,60,595,77,55,19,1,50613,2.6763,9.8115,High,0
46,salaried,32302,3,4,20996,home,1169787,11.7,360,665,85,75,19,4,10700,0.9812,3.0178,High,0
48,salaried,65113,1,1,17496,home,1901081,19.01,180,702,89,52,9,3,21014,0.5914,2.4331,Low,1
22,salaried,32152,0,2,17662,business,513169,5.13,36,588,84,46,1,0,16679,1.0681,1.3301,High,0
26,salaried,42502,0,1,14400,personal,84925,0.85,12,794,96,49,2,1,7486,0.5149,0.1665,Low,1
29,salaried,64851,1,1,16329,home,3547557,35.48,240,693,76,49,9,1,35418,0.7979,4.5586,High,0
53,self_employed,90812,2,2,47380,business,2064572,20.65,84,553,78,67,10,0,34810,0.9051,1.8945,High,0
61,self_employed,25244,0,2,7231,personal,58824,0.59,12,611,78,85,11,3,5185,0.4918,0.1942,High,0
45,self_employed,132939,2,1,15922,education,2260002,22.6,60,728,94,57,21,4,48576,0.4852,1.4167,Moderate,1
33,self_employed,147543,1,1,29958,business,1973710,19.74,60,619,81,57,2,2,42422,0.4906,1.1148,Moderate,0
29,self_employed,24248,1,4,15761,education,724523,7.25,84,753,77,52,2,0,12215,1.1537,2.49,High,0
33,salaried,29902,2,2,10177,personal,142475,1.42,12,719,80,56,12,4,12558,0.7603,0.3971,High,0
51,self_employed,155262,1,2,76411,personal,567946,5.68,12,775,99,52,16,2,50063,0.8146,0.3048,Low,1
61,salaried,44886,2,1,7159,home,1961049,19.61,300,846,100,22,3,1,18515,0.572,3.6408,Low,1
31,salaried,15000,0,1,3767,personal,116619,1.17,48,724,81,40,2,1,2985,0.4501,0.6479,Low,1
24,salaried,21166,2,1,6923,vehicle,200000,2.0,84,758,82,40,1,0,3372,0.4864,0.7874,Low,1
54,salaried,42208,0,3,27435,education,1956593,19.57,120,847,92,25,12,0,26401,1.2755,3.863,Low,1
58,salaried,24395,0,1,8353,personal,142750,1.43,48,791,91,58,13,1,3654,0.4922,0.4876,Low,1
24,salaried,38251,2,2,11714,vehicle,313288,3.13,84,570,74,67,4,1,5282,0.4443,0.6825,High,0
58,salaried,49982,3,1,7215,business,913028,9.13,36,603,73,69,8,3,29675,0.7381,1.5223,High,0
39,self_employed,192876,1,0,0,personal,474555,4.75,24,785,88,49,1,2,22007,0.1141,0.205,Low,1
26,salaried,41180,1,0,0,home,1290256,12.9,360,637,75,67,5,1,11802,0.2866,2.611,Moderate,0
54,salaried,93295,1,0,0,personal,338820,3.39,12,599,77,57,17,1,29866,0.3201,0.3026,High,0
38,salaried,115526,0,2,45030,vehicle,1228244,12.28,48,638,81,44,2,1,31447,0.662,0.886,High,0
33,salaried,115911,2,0,0,home,2437236,24.37,300,658,82,58,3,2,23011,0.1985,1.7522,Low,1
61,self_employed,75192,2,2,45832,business,1286484,12.86,24,681,79,42,18,1,59662,1.403,1.4258,High,0
43,salaried,15093,0,4,9810,home,729519,7.3,240,492,70,69,21,5,7283,1.1325,4.0279,High,0
39,salaried,64633,1,1,10497,business,573825,5.74,36,667,79,65,1,1,18650,0.451,0.7399,Moderate,1
31,self_employed,138513,2,0,0,personal,508937,5.09,36,443,63,85,10,2,16541,0.1194,0.3062,High,0
21,not_employed,12000,1,0,0,vehicle,200000,2.0,60,827,86,29,1,1,4298,0.3582,1.3889,High,0
44,salaried,46693,2,1,16238,vehicle,675595,6.76,48,761,86,46,7,1,17297,0.7182,1.2057,Moderate,1
27,self_employed,49941,0,0,0,home,1995621,19.96,240,714,84,71,8,3,19923,0.3989,3.33,Low,1
45,salaried,55038,2,0,0,business,1295885,12.96,84,789,95,25,15,4,21849,0.397,1.9621,Low,1
41,salaried,57918,0,0,0,business,1373232,13.73,84,649,80,50,14,2,23153,0.3998,1.9758,Moderate,1
35,salaried,92225,2,2,32310,vehicle,1034748,10.35,36,637,84,42,1,3,33631,0.715,0.935,High,0
21,self_employed,136787,1,1,16432,personal,869196,8.69,60,797,88,46,2,1,18682,0.2567,0.5295,Low,1
32,salaried,35488,1,1,3827,home,1829361,18.29,180,787,92,44,10,5,20221,0.6776,4.2957,High,0
27,salaried,63751,2,1,6785,business,852622,8.53,36,900,93,35,2,2,27712,0.5411,1.1145,Low,1
35,salaried,61694,0,2,28747,business,1014991,10.15,36,757,86,45,12,1,32989,1.0007,1.371,Moderate,1
41,salaried,45727,1,2,17650,home,2611472,26.11,360,622,85,47,5,3,23888,0.9084,4.7592,High,0
39,salaried,61345,1,1,6534,business,1199046,11.99,36,618,73,55,11,0,38971,0.7418,1.6288,High,0
49,not_employed,0,1,1,0,personal,66470,0.66,48,561,74,65,14,5,1701,1701.0,5539.1667,High,0
45,salaried,17495,3,1,4897,business,300000,3.0,84,644,79,64,8,3,5058,0.569,1.429,High,0
53,salaried,19003,2,2,10744,personal,50000,0.5,36,606,81,64,15,4,1625,0.6509,0.2193,High,0
52,self_employed,41110,0,0,0,personal,161072,1.61,48,698,80,57,18,1,4123,0.1003,0.3265,Low,1
55,salaried,55102,2,1,5603,home,3040469,30.4,180,688,83,51,12,1,33609,0.7116,4.5982,Moderate,0
64,salaried,113940,1,1,20862,home,6421444,64.21,120,632,77,63,1,5,86647,0.9436,4.6965,High,0
58,salaried,65547,3,0,0,home,1815265,18.15,240,654,85,92,14,1,18123,0.2765,2.3078,Low,1
46,salaried,38993,1,2,19167,home,1191381,11.91,240,813,88,44,18,1,11894,0.7966,2.5461,Low,1
31,salaried,61572,1,1,5436,home,3380839,33.81,120,783,90,36,6,1,45619,0.8292,4.5757,Moderate,1
55,salaried,58357,1,1,19215,personal,211028,2.11,24,743,91,45,16,1,9786,0.497,0.3013,Low,1
28,salaried,76399,1,1,26154,business,1594932,15.95,60,833,97,56,1,0,34281,0.791,1.7397,Low,1
34,salaried,47859,1,0,0,home,1916236,19.16,360,780,83,46,14,2,17528,0.3662,3.3366,Low,1
30,self_employed,137167,0,1,40531,home,5744241,57.44,300,634,83,57,10,4,54236,0.6909,3.4898,High,0
22,self_employed,115793,2,1,12110,education,2705190,27.05,84,559,70,62,1,1,45611,0.4985,1.9469,High,0
29,self_employed,63969,1,1,15683,vehicle,887348,8.87,60,607,78,54,0,3,19072,0.5433,1.156,High,0
23,self_employed,54427,3,2,31080,education,2949185,29.49,84,582,80,82,1,2,49725,1.4846,4.5155,High,0
41,salaried,85122,1,2,44115,personal,633440,6.33,48,593,79,68,15,2,16218,0.7088,0.6201,High,0
46,self_employed,33833,2,0,0,business,442406,4.42,24,654,78,72,20,5,20517,0.6064,1.0897,High,0
28,salaried,19851,3,1,5747,vehicle,200000,2.0,48,754,90,43,4,4,5120,0.5474,0.8396,Moderate,0
22,self_employed,20000,2,3,6078,home,791708,7.92,180,755,85,52,3,1,8751,0.7415,3.2988,Moderate,0
26,salaried,30399,3,1,4997,vehicle,211715,2.12,48,458,69,82,0,4,5420,0.3427,0.5804,High,0
48,salaried,72823,2,0,0,home,2399250,23.99,360,572,71,68,9,5,21946,0.3014,2.7455,High,0
49,self_employed,42691,1,1,10401,home,1359781,13.6,180,816,92,45,8,0,15031,0.5957,2.6543,Low,1
46,self_employed,70517,2,0,0,home,3278508,32.79,300,735,83,59,17,2,30955,0.439,3.8744,Low,1
45,salaried,36418,0,2,21950,education,2733829,27.34,120,716,82,47,1,1,36888,1.6156,6.2557,High,0
32,self_employed,40542,1,4,20882,personal,296142,2.96,48,793,93,52,8,0,7582,0.7021,0.6087,Moderate,1
25,salaried,26495,0,1,5171,personal,154905,1.55,36,767,93,40,4,1,5034,0.3852,0.4872,Low,1
54,salaried,46391,2,0,0,personal,289364,2.89,12,619,84,66,16,1,25507,0.5498,0.5198,High,0
57,salaried,44130,1,1,12852,personal,129479,1.29,24,709,80,33,6,1,6004,0.4273,0.2445,Low,1
35,salaried,62793,1,0,0,home,2310869,23.11,180,610,87,61,1,2,25544,0.4068,3.0668,High,0
64,self_employed,75369,1,4,48989,home,2927832,29.28,240,606,87,61,24,1,29230,1.0378,3.2372,High,0
56,self_employed,51137,4,2,29179,personal,388149,3.88,60,615,78,53,15,5,8342,0.7337,0.6325,High,0
35,self_employed,20000,0,1,5658,vehicle,200000,2.0,84,747,85,25,4,0,3372,0.4515,0.8333,Low,1
63,salaried,93185,0,1,30066,personal,203301,2.03,60,637,74,67,12,2,4369,0.3695,0.1818,High,0
43,self_employed,55936,0,0,0,home,1438003,14.38,360,678,78,56,18,2,13153,0.2351,2.1423,Moderate,1
26,salaried,51420,4,0,0,personal,311213,3.11,48,643,75,63,6,3,7968,0.155,0.5044,High,0
64,self_employed,215431,4,1,35801,personal,715757,7.16,60,706,83,80,2,2,15384,0.2376,0.2769,Moderate,1
63,salaried,84536,2,1,18002,personal,497662,4.98,36,736,86,41,20,3,16175,0.4043,0.4906,Low,1
41,salaried,64078,3,2,28356,home,3789899,37.9,180,688,89,47,1,1,41893,1.0963,4.9288,High,0
43,self_employed,59763,0,1,8778,business,1221859,12.22,24,673,83,55,21,3,56664,1.095,1.7038,High,0
63,salaried,48679,4,1,10672,personal,326789,3.27,48,641,77,40,3,3,8366,0.3911,0.5594,High,0
36,salaried,56617,0,2,12759,home,3019438,30.19,300,568,76,65,7,0,28508,0.7289,4.4442,High,0
35,salaried,62576,0,0,0,personal,258119,2.58,60,607,82,69,6,4,5547,0.0886,0.3437,Moderate,0
45,salaried,136877,0,1,24269,business,2092965,20.93,60,729,78,32,14,0,44985,0.506,1.2742,Moderate,0
56,salaried,216200,1,1,63617,business,4192869,41.93,84,574,77,83,14,1,70694,0.6212,1.6161,High,0
31,salaried,58346,2,0,0,personal,197974,1.98,60,707,86,52,0,3,4255,0.0729,0.2828,Low,1
35,salaried,15000,1,1,3726,home,500000,5.0,180,649,78,52,7,3,5526,0.6168,2.7778,High,0
24,salaried,27693,4,0,0,vehicle,312979,3.13,60,727,84,46,3,0,6727,0.2429,0.9418,Low,1
41,self_employed,255045,1,2,116157,home,14813420,148.13,180,768,85,66,22,0,163747,1.0975,4.8401,Moderate,0
33,salaried,75447,0,1,22531,home,3677912,36.78,120,840,98,34,0,0,49627,0.9564,4.0624,Low,1
42,not_employed,5000,1,0,0,home,500000,5.0,120,734,91,51,15,1,6746,1.3492,8.3333,High,0
39,self_employed,84190,2,3,54723,home,4918553,49.19,300,701,86,59,10,2,46440,1.2016,4.8685,High,0
54,salaried,48031,2,1,15190,vehicle,697442,6.97,48,543,73,73,22,4,17856,0.688,1.2101,High,0
34,self_employed,138603,1,2,67200,vehicle,959934,9.6,84,584,77,57,3,3,16185,0.6016,0.5771,High,0
24,self_employed,34723,1,2,13680,business,328058,3.28,84,745,81,48,3,2,5531,0.5533,0.7873,Moderate,1
47,not_employed,12000,1,1,1161,home,500000,5.0,120,816,93,45,6,1,6746,0.6589,3.4722,High,0
49,salaried,55656,2,0,0,home,2609236,26.09,180,659,85,67,20,2,28842,0.5182,3.9068,Moderate,1
48,salaried,82726,4,2,15901,home,4076141,40.76,300,803,91,40,20,1,38486,0.6574,4.1061,Moderate,1
55,salaried,59541,0,0,0,vehicle,820181,8.2,36,650,83,58,6,0,26657,0.4477,1.1479,Low,1
28,salaried,80375,3,2,12909,education,2675386,26.75,60,685,83,61,4,0,57504,0.8761,2.7739,High,0
36,salaried,44422,1,0,0,home,2140789,21.41,240,710,89,62,2,4,21373,0.4811,4.016,Low,1
62,salaried,100826,1,1,24276,personal,725957,7.26,48,440,61,87,17,7,18586,0.4251,0.6,High,0
56,self_employed,60296,3,2,26120,home,3590636,35.91,360,807,94,49,14,2,32844,0.9779,4.9625,High,0
50,not_employed,12000,1,1,3310,vehicle,200000,2.0,60,678,87,68,13,0,4298,0.634,1.3889,High,0
38,salaried,63779,1,1,15580,home,2952142,29.52,300,625,84,47,19,1,27873,0.6813,3.8573,High,0
22,salaried,65732,0,3,37150,personal,415454,4.15,60,506,74,78,3,6,8929,0.701,0.5267,High,0
33,salaried,23041,0,1,1865,personal,50000,0.5,48,777,86,49,13,0,1280,0.1365,0.1808,Low,1
24,self_employed,31347,2,1,2759,home,1250119,12.5,120,630,85,61,3,0,16868,0.6261,3.3233,High,0
46,self_employed,23540,2,1,6994,vehicle,264962,2.65,48,792,100,44,24,0,6783,0.5853,0.938,Low,1
45,salaried,15000,3,1,2292,vehicle,200000,2.0,36,790,90,47,7,1,6500,0.5861,1.1111,Low,1
50,salaried,62213,0,2,19015,vehicle,382544,3.83,48,654,78,68,21,1,9794,0.4631,0.5124,Moderate,1
31,salaried,41899,0,2,20511,business,1021296,10.21,60,753,88,61,7,2,21951,1.0134,2.0313,Moderate,0
27,salaried,62282,0,0,0,home,3455012,34.55,300,494,67,70,1,2,32621,0.5238,4.6228,High,0
51,salaried,50075,1,3,20156,home,1090219,10.9,360,745,79,38,20,1,9972,0.6017,1.8143,Moderate,1
64,self_employed,72573,4,4,23796,home,2668585,26.69,240,697,73,63,15,1,26642,0.695,3.0643,High,0
30,not_employed,8000,2,0,0,education,558566,5.59,36,548,71,72,6,3,18154,2.2692,5.8184,High,0
59,not_employed,5000,1,0,0,home,500000,5.0,180,661,81,76,0,3,5526,1.1052,8.3333,High,0
33,not_employed,8000,3,0,0,education,2080849,20.81,36,745,84,48,13,2,67632,8.454,21.6755,High,0
51,salaried,109411,2,2,58474,personal,448233,4.48,24,818,100,29,15,0,20787,0.7244,0.3414,Low,1
27,salaried,123436,0,2,36860,personal,495414,4.95,12,631,68,60,0,2,43670,0.6524,0.3345,High,0
62,self_employed,210642,2,1,54337,business,4420114,44.2,36,760,91,47,21,0,143664,0.94,1.7487,Moderate,0
62,self_employed,47776,1,1,12817,vehicle,495058,4.95,60,708,91,41,11,1,10640,0.491,0.8635,Low,1
56,salaried,102582,0,1,11381,home,5511027,55.11,120,767,80,65,5,0,74363,0.8359,4.4769,Low,1
40,salaried,27739,0,2,15233,personal,56883,0.57,60,892,89,38,18,1,1222,0.5932,0.1709,Low,1
24,salaried,28448,1,1,3467,vehicle,200000,2.0,84,493,86,70,5,1,3372,0.2404,0.5859,High,0
27,salaried,15000,1,0,0,education,2257116,22.57,60,796,87,42,8,0,48514,3.2343,12.5395,High,0
21,salaried,133749,1,1,20808,home,3727365,37.27,180,483,80,56,0,3,41202,0.4636,2.3224,High,0
64,salaried,29190,0,0,0,home,1010862,10.11,300,758,88,45,2,2,9544,0.327,2.8859,Low,1
62,salaried,45436,2,2,22929,home,1959017,19.59,180,587,75,77,23,0,21654,0.9812,3.593,High,0
33,salaried,28390,4,1,4003,home,920327,9.2,180,683,95,51,3,1,10173,0.4993,2.7014,Low,1
42,self_employed,104415,2,3,41229,business,2424005,24.24,36,644,82,78,20,0,78786,1.1494,1.9346,High,0
41,salaried,39129,1,2,25433,personal,228824,2.29,60,879,100,13,18,0,4918,0.7757,0.4873,Low,1
42,self_employed,21081,0,2,13702,personal,160051,1.6,36,739,94,53,5,1,5202,0.8967,0.6327,Moderate,0
48,salaried,63895,0,1,8863,personal,346887,3.47,36,617,82,52,9,2,11274,0.3152,0.4524,Moderate,1
29,self_employed,20000,0,0,0,personal,128199,1.28,60,870,88,44,3,2,2755,0.1378,0.5342,Low,1
46,salaried,29660,1,0,0,personal,139175,1.39,24,805,93,53,4,0,6454,0.2176,0.391,Low,1
29,not_employed,12000,2,0,0,personal,50000,0.5,12,749,78,53,3,0,4407,0.3672,0.3472,High,0
35,salaried,15000,2,1,2288,personal,106506,1.07,36,711,92,60,8,1,3461,0.3833,0.5917,Low,1
30,not_employed,12000,2,2,4247,personal,50000,0.5,60,810,97,59,10,0,1074,0.4434,0.3472,High,0
44,self_employed,41138,1,1,14017,home,1596429,15.96,300,480,74,87,1,4,15073,0.7071,3.2339,High,0
62,salaried,38468,1,0,0,personal,199079,1.99,48,693,80,41,11,1,5097,0.1325,0.4313,Low,1
28,salaried,44148,2,2,25065,education,1876731,18.77,60,600,70,62,3,1,40338,1.4814,3.5425,High,0
44,salaried,89403,1,0,0,home,1992206,19.92,360,595,76,59,13,3,18223,0.2038,1.857,High,0
36,salaried,37059,0,1,6468,personal,211451,2.11,36,900,92,15,4,0,6872,0.36,0.4755,Low,1
46,salaried,46492,1,2,23066,home,1616761,16.17,360,765,87,66,14,0,14789,0.8142,2.8979,Moderate,1
47,salaried,292855,1,1,85053,vehicle,2396472,23.96,84,487,77,67,15,5,40406,0.4284,0.6819,High,0
57,salaried,45854,0,0,0,vehicle,512747,5.13,48,771,93,43,3,1,13128,0.2863,0.9318,Low,1
24,salaried,141455,2,2,88735,personal,373858,3.74,48,736,85,40,1,0,9572,0.695,0.2202,High,0
44,salaried,66250,3,2,38635,business,1332629,13.33,36,601,85,74,2,3,43313,1.237,1.6763,High,0
39,salaried,35163,0,1,12134,home,1799812,18.0,120,575,75,67,17,5,24285,1.0357,4.2654,High,0
56,salaried,31810,0,1,8029,personal,115276,1.15,12,573,77,59,10,3,10161,0.5718,0.302,High,0
59,salaried,48807,2,0,0,personal,166129,1.66,12,730,85,53,21,1,14644,0.3,0.2836,Low,1
30,salaried,24937,0,4,16209,home,661130,6.61,180,608,76,58,1,1,7308,0.9431,2.2093,High,0
45,salaried,29192,1,2,5707,home,991469,9.91,180,775,92,51,11,3,10959,0.5709,2.8303,Low,1
38,self_employed,42682,0,2,24685,education,2590239,25.9,120,643,81,40,3,0,34951,1.3972,5.0572,High,0
39,salaried,58454,0,1,9283,business,769568,7.7,24,535,70,65,10,3,35689,0.7694,1.0971,High,0
56,salaried,146619,2,1,16101,personal,702720,7.03,36,608,74,81,19,3,22840,0.2656,0.3994,High,0
30,salaried,36644,2,1,5343,home,1848327,18.48,360,601,76,61,7,3,16907,0.6072,4.2033,High,0
53,self_employed,86613,0,0,0,personal,676447,6.76,48,695,83,45,9,1,17319,0.2,0.6508,Low,1
25,self_employed,20000,1,0,0,home,759726,7.6,300,743,93,49,1,2,7173,0.3587,3.1655,Low,1
55,self_employed,139836,0,0,0,vehicle,1404054,14.04,36,564,73,68,9,3,45635,0.3263,0.8367,High,0
64,self_employed,20000,0,0,0,business,300000,3.0,24,759,82,49,15,1,13912,0.6956,1.25,Moderate,1
54,salaried,79144,4,3,51443,vehicle,1036376,10.36,60,768,86,33,20,2,22275,0.9314,1.0912,High,0
53,salaried,46697,2,1,10481,education,1290904,12.91,36,743,80,51,20,4,41957,1.1229,2.3037,High,0
41,salaried,45597,1,1,14997,home,2648987,26.49,240,732,88,52,1,3,26446,0.9089,4.8413,Moderate,0
37,not_employed,5000,2,0,0,home,582995,5.83,120,529,69,68,9,2,7866,1.5732,9.7166,High,0
42,self_employed,42042,2,0,0,home,2417818,24.18,360,721,81,58,4,1,22116,0.526,4.7925,Moderate,1
57,self_employed,60941,2,4,39611,home,3101944,31.02,120,694,78,41,8,0,41856,1.3368,4.2417,High,0
35,salaried,34252,0,0,0,business,582753,5.83,24,548,68,80,2,3,27025,0.789,1.4178,High,0
55,self_employed,52288,0,0,0,home,2866846,28.67,240,720,91,42,13,2,28622,0.5474,4.569,Moderate,1
48,salaried,44412,2,0,0,personal,119198,1.19,60,659,81,65,2,3,2562,0.0577,0.2237,Low,1
27,salaried,79551,1,4,49415,business,1382160,13.82,60,694,83,48,4,5,29708,0.9946,1.4479,High,0
52,salaried,15000,4,3,9750,business,331596,3.32,24,519,84,72,21,4,15378,1.6752,1.8422,High,0
31,salaried,34970,2,1,3111,home,755896,7.56,180,688,85,64,11,2,8355,0.3279,1.8013,Low,1
30,salaried,104066,3,0,0,education,2431818,24.32,120,698,83,68,11,0,32813,0.3153,1.9473,Low,1
29,self_employed,93899,0,1,17809,personal,333234,3.33,12,772,87,28,3,0,29374,0.5025,0.2957,Low,1
34,salaried,105110,3,1,20863,home,2685131,26.85,300,660,77,60,12,1,25352,0.4397,2.1288,Moderate,1
33,salaried,77286,1,3,50235,personal,271078,2.71,48,763,83,61,14,1,6940,0.7398,0.2923,Moderate,1
45,salaried,25588,4,1,8240,personal,187311,1.87,12,780,92,40,24,0,16511,0.9673,0.61,Moderate,1
22,salaried,72877,0,0,0,education,545807,5.46,120,484,75,78,1,3,7364,0.101,0.6241,High,0
55,self_employed,64870,1,0,0,personal,368227,3.68,48,741,93,59,21,2,9427,0.1453,0.473,Low,1
27,self_employed,367489,2,0,0,business,3966366,39.66,24,900,98,36,3,0,183944,0.5005,0.8994,Low,1
41,self_employed,113746,1,0,0,business,1742465,17.42,24,783,96,59,7,0,80808,0.7104,1.2766,Moderate,1
38,self_employed,91007,1,1,15172,personal,724297,7.24,24,765,82,63,13,0,33590,0.5358,0.6632,Low,1
23,self_employed,102287,4,1,35316,business,2100512,21.01,84,754,85,60,1,1,35416,0.6915,1.7113,Moderate,0
62,salaried,64945,1,0,0,home,2902526,29.03,180,673,77,60,19,4,32084,0.494,3.7243,High,0
59,self_employed,85258,2,1,9096,personal,612290,6.12,36,473,71,68,8,3,19900,0.3401,0.5985,High,0
61,salaried,41782,0,0,0,education,2933138,29.33,36,740,82,42,2,0,95334,2.2817,5.8501,Moderate,0
31,salaried,67594,2,1,22683,education,1594477,15.94,36,674,70,56,8,2,51824,1.1023,1.9658,High,0
59,salaried,86602,2,1,8445,home,3882277,38.82,360,792,85,47,14,1,35512,0.5076,3.7357,Low,1
44,self_employed,139841,1,1,16690,vehicle,1203121,12.03,84,783,93,45,4,1,20285,0.2644,0.717,Low,1
39,self_employed,126917,0,0,0,home,2727541,27.28,300,712,80,55,12,3,25752,0.2029,1.7909,Low,1
24,salaried,121156,1,1,11898,vehicle,1412088,14.12,36,598,80,65,1,6,45896,0.477,0.9713,High,0
46,self_employed,147018,0,1,35953,home,6802986,68.03,300,613,82,70,14,1,64232,0.6814,3.8561,High,0
58,self_employed,98993,0,1,8430,personal,310141,3.1,24,768,89,44,19,1,14383,0.2305,0.2611,Low,1
62,salaried,24681,2,4,16042,home,770446,7.7,180,617,79,64,13,3,8516,0.995,2.6013,High,0
52,salaried,24687,0,2,8291,personal,131369,1.31,12,743,87,52,0,1,11579,0.8049,0.4434,Moderate,0
59,self_employed,49094,0,1,9076,home,1432635,14.33,240,651,79,56,4,2,14303,0.4762,2.4318,High,0
56,salaried,50415,2,0,0,education,476234,4.76,120,729,88,50,3,1,6426,0.1275,0.7872,Low,1
60,salaried,113414,0,0,0,home,6482664,64.83,240,601,82,60,0,1,64721,0.5707,4.7633,High,0
57,salaried,15000,1,1,4802,personal,105585,1.06,60,732,83,43,22,1,2269,0.4714,0.5866,Low,1
53,salaried,26372,0,1,3145,home,1473416,14.73,120,568,68,79,1,3,19881,0.8731,4.6559,High,0
56,self_employed,51257,1,1,16448,personal,247739,2.48,60,802,95,34,3,2,5324,0.4248,0.4028,Low,1
23,self_employed,26970,2,2,6480,education,2003831,20.04,120,756,95,33,2,1,27038,1.2428,6.1915,Moderate,0
29,self_employed,31619,2,2,10207,business,781357,7.81,24,696,81,59,6,0,36236,1.4688,2.0593,High,0
28,self_employed,40161,1,1,8918,vehicle,232128,2.32,48,634,83,55,9,2,5943,0.37,0.4817,Moderate,0
53,self_employed,28094,0,2,18261,personal,217974,2.18,12,575,74,74,18,0,19214,1.3339,0.6466,High,0
26,self_employed,32275,0,3,7953,home,702302,7.02,240,606,79,76,6,1,7011,0.4636,1.8133,High,0
61,salaried,111072,1,3,31550,home,2427684,24.28,240,713,88,61,5,0,24237,0.5023,1.8214,Low,1
59,salaried,70869,3,0,0,vehicle,375188,3.75,36,588,69,54,3,1,12194,0.1721,0.4412,High,0
24,salaried,77525,0,1,16247,education,1103031,11.03,120,743,87,37,2,0,14883,0.4015,1.1857,Low,1
33,self_employed,58261,1,1,12202,personal,121863,1.22,12,589,70,43,12,6,10742,0.3938,0.1743,High,0
22,salaried,89918,0,3,39100,home,2871847,28.72,180,742,89,58,1,1,31745,0.7879,2.6615,Moderate,0
25,salaried,81526,2,0,0,education,1257670,12.58,120,678,76,70,6,2,16970,0.2082,1.2856,Low,1
64,salaried,70201,2,3,21211,education,866530,8.67,60,573,71,80,4,3,18625,0.5675,1.0286,High,0
47,self_employed,35478,2,1,9368,business,661951,6.62,60,564,68,84,24,2,14227,0.6651,1.5548,High,0
52,self_employed,42039,3,1,11243,personal,238968,2.39,12,633,80,54,6,4,21064,0.7685,0.4737,High,0
41,salaried,92492,1,0,0,vehicle,496537,4.97,36,882,79,55,2,0,16138,0.1745,0.4474,Low,1
28,self_employed,39601,0,2,9330,personal,244630,2.45,36,730,88,56,0,2,7951,0.4364,0.5148,Low,1
58,salaried,22626,1,1,2269,vehicle,200000,2.0,48,677,81,59,9,3,5120,0.3266,0.7366,Low,1
28,salaried,35539,2,1,9269,business,439588,4.4,60,651,79,56,2,3,9448,0.5267,1.0308,High,0
23,self_employed,208464,2,3,135501,education,2521110,25.21,120,531,68,44,4,2,34018,0.8132,1.0078,High,0
64,salaried,35560,1,1,11799,business,361814,3.62,24,536,74,73,3,1,16779,0.8037,0.8479,High,0
23,not_employed,5000,2,1,1157,personal,53039,0.53,24,699,79,60,1,0,2459,0.7232,0.884,High,0
42,salaried,59670,2,1,11378,personal,240639,2.41,24,651,84,56,22,3,11159,0.3777,0.3361,Low,1
26,salaried,86515,3,2,22493,personal,460223,4.6,60,724,87,43,0,0,9891,0.3743,0.4433,Low,1
22,self_employed,62567,1,1,17206,personal,153904,1.54,12,706,86,47,0,1,13566,0.4918,0.205,Low,1
43,salaried,63162,2,3,41055,home,2771425,27.71,240,699,88,63,18,1,27669,1.0881,3.6565,Moderate,0
64,not_employed,0,0,1,0,personal,50000,0.5,60,693,74,44,21,1,1074,1074.0,4166.6667,High,0
22,not_employed,0,2,1,0,business,300000,3.0,24,735,91,38,2,1,13912,13912.0,25000.0,High,0
58,salaried,37059,3,3,24088,home,1372259,13.72,360,742,96,62,12,1,12552,0.9887,3.0858,Moderate,1
37,salaried,41774,1,3,14707,education,347771,3.48,120,820,100,43,7,0,4692,0.4644,0.6938,Low,1
55,salaried,27230,2,2,17699,education,741415,7.41,60,795,90,41,22,1,15935,1.2352,2.269,Moderate,1
54,salaried,35705,2,1,7856,personal,109065,1.09,48,584,76,62,1,2,2792,0.2982,0.2546,High,0
43,salaried,32009,0,2,14836,personal,141988,1.42,48,630,80,56,7,4,3635,0.5771,0.3697,High,0
50,salaried,62027,1,4,40317,home,1887336,18.87,300,746,76,54,14,1,17819,0.9373,2.5356,High,0
28,salaried,18200,0,2,10701,business,453919,4.54,24,595,74,40,3,2,21050,1.7446,2.0784,High,0
42,salaried,69948,3,1,21780,home,1497868,14.98,180,772,100,65,13,0,16557,0.5481,1.7845,Low,1
64,not_employed,0,2,1,0,personal,50000,0.5,12,629,88,56,7,0,4407,4407.0,4166.6667,High,0
56,self_employed,54513,0,0,0,business,1133138,11.33,24,612,82,75,3,2,52550,0.964,1.7322,High,0
25,self_employed,32413,0,1,9016,personal,96573,0.97,24,772,90,49,5,1,4478,0.4163,0.2483,Low,1
33,salaried,40524,1,3,17986,education,2071660,20.72,36,756,89,55,10,1,67334,2.1054,4.2602,Moderate,1
49,self_employed,125411,1,1,15246,home,5939044,59.39,180,607,77,66,1,4,65650,0.645,3.9464,High,0
51,salaried,31191,0,1,10581,business,383565,3.84,36,714,84,39,24,1,12466,0.7389,1.0248,Moderate,1
36,self_employed,144002,1,1,35512,vehicle,1453928,14.54,48,783,90,49,6,1,37225,0.5051,0.8414,Low,1
62,not_employed,12000,1,1,1246,business,300000,3.0,36,751,89,51,13,2,9750,0.9163,2.0833,High,0
50,salaried,35816,0,2,17374,home,832180,8.32,240,486,71,81,12,6,8308,0.7171,1.9362,High,0
36,self_employed,140791,2,1,45430,personal,968659,9.69,36,544,73,69,9,2,31483,0.5463,0.5733,High,0
32,self_employed,21401,3,2,12448,business,491003,4.91,84,589,70,57,4,1,8278,0.9685,1.9119,High,0
37,self_employed,25066,2,3,16292,home,1345609,13.46,360,622,86,71,2,3,12308,1.141,4.4736,High,0
36,self_employed,464353,2,1,50799,personal,1500000,15.0,60,626,78,62,14,1,32240,0.1788,0.2692,High,0
32,salaried,140162,0,1,41018,education,1179652,11.8,36,670,84,60,8,0,38341,0.5662,0.7014,Moderate,1
28,salaried,48102,1,0,0,personal,325278,3.25,12,614,70,58,4,5,28672,0.5961,0.5635,High,0
40,salaried,57206,0,0,0,personal,390828,3.91,24,584,77,59,21,4,18125,0.3168,0.5693,High,0
23,self_employed,36146,2,0,0,vehicle,510553,5.11,84,710,88,53,0,2,8608,0.2381,1.1771,Low,1
36,salaried,63539,3,2,27361,home,3453611,34.54,300,665,88,54,7,2,32608,0.9438,4.5295,High,0
50,self_employed,33733,2,1,3660,personal,65440,0.65,60,614,70,74,16,3,1406,0.1502,0.1617,High,0
43,salaried,15000,3,2,5000,education,791827,7.92,84,617,76,66,7,2,13350,1.2233,4.399,High,0
48,salaried,22182,2,0,0,business,471257,4.71,36,457,62,71,14,4,15317,0.6905,1.7704,High,0
60,salaried,49645,1,1,11464,personal,194685,1.95,36,699,81,51,1,1,6327,0.3584,0.3268,Low,1
25,self_employed,24225,1,1,6133,education,397361,3.97,120,657,74,52,4,2,5361,0.4745,1.3669,Moderate,0
40,salaried,47081,0,0,0,business,1158387,11.58,24,707,82,54,13,3,53721,1.141,2.0503,High,0
60,salaried,25724,0,2,7301,personal,174688,1.75,48,730,91,57,20,2,4472,0.4577,0.5659,Low,1
64,salaried,30656,2,0,0,home,898951,8.99,120,724,90,57,19,2,12129,0.3956,2.4437,Low,1
21,salaried,81789,1,2,44351,personal,211379,2.11,12,747,87,42,2,1,18632,0.7701,0.2154,Moderate,1
50,salaried,56868,1,0,0,business,1078533,10.79,84,553,67,69,10,1,18184,0.3198,1.5805,High,0
41,self_employed,59413,1,0,0,business,1256775,12.57,84,888,95,38,10,0,21190,0.3567,1.7628,Low,1
40,salaried,83064,1,2,48124,personal,578116,5.78,36,738,92,35,9,3,18790,0.8056,0.58,Moderate,0
26,salaried,65405,1,0,0,business,1166766,11.67,60,888,100,27,3,0,25078,0.3834,1.4866,Low,1
42,self_employed,190470,1,1,21622,business,2763253,27.63,36,762,85,47,8,0,89812,0.585,1.209,Low,1
38,not_employed,12000,1,1,1020,home,500000,5.0,360,740,78,35,2,0,4573,0.4661,3.4722,High,0
28,salaried,37200,2,1,3727,education,2832650,28.33,60,585,75,65,8,1,60884,1.7369,6.3455,High,0
59,salaried,64208,1,1,12446,personal,401108,4.01,48,593,75,73,9,3,10269,0.3538,0.5206,High,0
52,self_employed,28440,2,1,2623,vehicle,270749,2.71,48,492,64,66,3,4,6932,0.336,0.7933,High,0
53,not_employed,8000,3,1,2274,home,500000,5.0,180,663,79,50,0,2,5526,0.975,5.2083,High,0
36,self_employed,145011,3,1,39601,education,941838,9.42,84,832,79,52,13,1,15880,0.3826,0.5412,Low,1
32,salaried,40613,3,1,7890,education,711740,7.12,36,530,68,69,8,6,23133,0.7639,1.4604,High,0
58,salaried,106428,1,1,35832,home,4396940,43.97,300,711,88,50,5,1,41515,0.7268,3.4428,Moderate,0
54,self_employed,21424,0,0,0,business,300000,3.0,84,592,74,49,14,5,5058,0.2361,1.1669,High,0
34,salaried,73622,1,0,0,education,1993501,19.94,60,840,91,39,10,1,42848,0.582,2.2565,Low,1
56,salaried,131636,1,1,44263,vehicle,1802112,18.02,60,542,70,62,6,7,38734,0.6305,1.1408,High,0
53,self_employed,134092,3,4,87159,home,4570648,45.71,240,641,81,58,3,0,45632,0.9903,2.8405,High,0
43,self_employed,20000,2,1,5082,personal,145633,1.46,60,406,66,86,11,4,3130,0.4106,0.6068,High,0
22,salaried,33423,0,1,8395,vehicle,351182,3.51,84,719,77,67,0,2,5921,0.4283,0.8756,Low,1
61,self_employed,49337,0,2,27776,education,2946422,29.46,60,637,73,65,14,3,63330,1.8466,4.9767,High,0
41,salaried,89856,0,1,18393,education,2207303,22.07,84,670,86,67,15,2,37216,0.6189,2.0471,Moderate,1
22,salaried,22049,2,1,4476,vehicle,200000,2.0,84,681,88,51,0,1,3372,0.3559,0.7559,Low,1
47,self_employed,26498,2,1,2236,personal,99426,0.99,60,707,84,65,13,2,2137,0.165,0.3127,Low,1
29,salaried,18711,3,0,0,home,662467,6.62,240,673,84,77,7,2,6613,0.3534,2.9504,Moderate,0
21,salaried,29867,3,1,9023,personal,54246,0.54,12,656,76,80,1,2,4781,0.4622,0.1514,High,0
31,not_employed,12000,0,0,0,education,2918664,29.19,120,900,100,37,3,2,39382,3.2818,20.2685,High,0
23,salaried,23133,1,1,4005,business,510509,5.11,24,759,94,52,1,3,23675,1.1966,1.839,Moderate,0
43,salaried,73253,0,0,0,vehicle,890921,8.91,60,590,75,65,2,2,19149,0.2614,1.0135,High,0
46,not_employed,12000,1,3,7800,home,500000,5.0,300,630,82,69,16,4,4720,1.0433,3.4722,High,0
24,self_employed,147239,3,0,0,business,968826,9.69,60,819,97,49,2,1,20823,0.1414,0.5483,Low,1
38,self_employed,505611,1,2,175797,vehicle,2500000,25.0,36,713,84,51,19,0,81256,0.5084,0.412,Moderate,1
26,self_employed,64713,2,4,41842,education,1321818,13.22,84,752,95,51,1,0,22286,0.991,1.7022,Moderate,1
55,salaried,95799,1,0,0,personal,531736,5.32,60,617,89,79,8,4,11429,0.1193,0.4625,High,0
42,self_employed,72090,0,1,22022,education,2641174,26.41,36,771,81,51,11,1,85844,1.4963,3.0531,Low,1
63,salaried,66126,0,0,0,vehicle,649352,6.49,60,580,74,66,4,2,13957,0.2111,0.8183,High,0
35,self_employed,45537,1,2,8795,vehicle,615250,6.15,48,663,89,60,4,4,15752,0.5391,1.1259,High,0
42,salaried,55107,2,3,16844,education,2422831,24.23,120,893,93,35,2,0,32692,0.8989,3.6638,Low,1
57,salaried,67676,0,3,43147,business,799196,7.99,60,666,83,55,16,0,17177,0.8914,0.9841,Moderate,0
62,salaried,34645,2,1,11876,personal,128222,1.28,48,778,87,41,20,0,3282,0.4375,0.3084,Low,1
32,salaried,46793,2,4,30415,personal,344614,3.45,24,745,86,45,9,0,15981,0.9915,0.6137,Moderate,1
62,self_employed,57139,1,0,0,vehicle,401247,4.01,60,875,98,45,8,0,8624,0.1509,0.5852,Low,1
58,salaried,80486,2,1,17938,personal,478166,4.78,24,729,82,47,19,1,22175,0.4984,0.4951,Low,1
38,salaried,25858,1,1,6044,personal,53929,0.54,60,825,100,26,12,0,1159,0.2786,0.1738,Low,1
55,salaried,47528,2,0,0,home,1876117,18.76,120,513,83,76,8,1,25315,0.5326,3.2895,High,0
50,salaried,154384,2,2,84091,home,6995474,69.95,300,856,95,49,8,0,66049,0.9725,3.776,Low,1
44,self_employed,151941,4,0,0,education,1336668,13.37,120,863,92,44,21,1,18036,0.1187,0.7331,Low,1
62,self_employed,176194,1,1,41133,personal,1364896,13.65,48,519,71,78,11,1,34945,0.4318,0.6455,High,0
50,self_employed,61055,1,1,6292,vehicle,645671,6.46,48,645,78,42,13,2,16531,0.3738,0.8813,High,0
34,self_employed,77404,0,1,12059,vehicle,667823,6.68,60,563,71,68,6,0,14354,0.3412,0.719,High,0
26,self_employed,133490,0,1,38551,home,4237177,42.37,240,702,87,52,1,3,42303,0.6057,2.6451,Moderate,0
23,salaried,125010,2,2,28028,home,7318179,73.18,240,683,89,58,3,3,73063,0.8087,4.8784,High,0
36,self_employed,20000,3,1,6833,education,2922791,29.23,84,816,91,38,6,0,49280,2.8056,12.1783,High,0
27,self_employed,20902,1,0,0,education,1604707,16.05,36,694,86,61,8,4,52156,2.4953,6.3977,High,0
34,salaried,107545,0,2,58007,home,5033140,50.33,180,776,92,49,6,1,55636,1.0567,3.9,Low,1
29,self_employed,47977,1,2,14981,home,2597913,25.98,240,705,87,72,5,0,25937,0.8529,4.5124,High,0
35,self_employed,34983,1,0,0,home,970990,9.71,360,548,75,86,6,3,8882,0.2539,2.313,High,0
41,salaried,23098,1,3,12275,personal,135186,1.35,36,652,71,65,5,3,4393,0.7216,0.4877,High,0
55,salaried,35136,0,0,0,home,1389843,13.9,120,612,79,76,4,1,18753,0.5337,3.2963,High,0
22,salaried,21132,2,1,2402,education,1804396,18.04,120,610,79,56,1,5,24347,1.2658,7.1156,High,0
47,not_employed,0,0,2,0,business,300000,3.0,24,716,79,52,4,4,13912,13912.0,25000.0,High,0
22,self_employed,318977,1,2,186222,business,3413337,34.13,24,638,91,53,1,3,158297,1.0801,0.8917,High,0
55,salaried,51898,2,0,0,home,1481015,14.81,360,699,84,37,4,2,13547,0.261,2.3781,Low,1
38,not_employed,12000,1,1,3469,business,300000,3.0,24,571,74,83,10,6,13912,1.4484,2.0833,High,0
34,salaried,81545,2,1,27932,personal,522100,5.22,12,589,80,66,3,2,46022,0.9069,0.5335,High,0
40,salaried,95603,2,2,16096,home,3165183,31.65,360,730,75,58,13,5,28953,0.4712,2.759,Moderate,0
38,self_employed,126921,2,2,27216,business,2627925,26.28,60,737,90,43,17,0,56484,0.6595,1.7254,High,0
30,self_employed,25411,1,0,0,education,1055022,10.55,120,498,69,93,1,4,14235,0.5602,3.4599,High,0
45,salaried,96152,1,2,60295,home,2064955,20.65,240,742,86,48,16,4,20616,0.8415,1.7897,High,0
22,salaried,41350,2,1,6535,education,500413,5.0,36,608,75,60,2,6,16264,0.5514,1.0085,High,0
45,salaried,36338,2,1,6271,vehicle,245881,2.46,36,495,66,77,0,7,7991,0.3925,0.5639,High,0
53,salaried,41456,1,0,0,home,2149430,21.49,360,535,78,42,22,3,19661,0.4743,4.3207,High,0
56,salaried,48917,0,0,0,business,723498,7.23,24,639,86,57,22,2,33552,0.6859,1.2325,High,0
51,salaried,38214,0,1,12347,vehicle,274698,2.75,36,691,88,50,14,2,8928,0.5567,0.599,Moderate,1
34,salaried,29619,0,0,0,education,2225745,22.26,120,853,89,34,10,1,30033,1.014,6.2622,Moderate,1
21,salaried,31233,1,0,0,home,1308975,13.09,180,604,74,55,2,1,14469,0.4633,3.4925,High,0
36,salaried,53282,0,2,29867,personal,408723,4.09,36,653,79,57,8,2,13284,0.8099,0.6392,High,0
23,salaried,44521,1,3,16654,home,1763912,17.64,180,696,82,52,2,3,19498,0.812,3.3016,High,0
55,self_employed,91294,2,0,0,home,3872832,38.73,180,692,82,67,3,0,42810,0.4689,3.5351,Low,1
61,self_employed,62435,1,1,15352,business,398218,3.98,36,838,97,45,23,0,12943,0.4532,0.5315,Low,1
26,salaried,51339,2,1,12409,home,2731517,27.32,360,722,82,55,4,0,24986,0.7284,4.4338,High,0
45,salaried,69960,2,0,0,vehicle,450100,4.5,36,660,73,78,10,3,14629,0.2091,0.5361,Moderate,0
33,salaried,114846,0,1,29594,personal,631370,6.31,12,626,85,52,11,6,55654,0.7423,0.4581,High,0
54,salaried,117643,2,1,30993,business,770402,7.7,60,787,80,52,12,0,16558,0.4042,0.5457,Low,1
28,salaried,109561,2,1,18633,home,2293113,22.93,300,687,90,50,7,1,21651,0.3677,1.7442,Low,1
41,salaried,82641,1,0,0,home,4850615,48.51,360,650,73,66,21,7,44370,0.5369,4.8913,High,0
54,salaried,171312,0,1,14772,business,2065204,20.65,84,750,85,56,18,2,34820,0.2895,1.0046,Low,1
24,self_employed,84987,1,1,26191,personal,407671,4.08,48,687,78,39,1,4,10437,0.431,0.3997,High,0
45,salaried,59595,3,1,5508,personal,307408,3.07,60,801,93,52,21,0,6607,0.2033,0.4299,Low,1
35,salaried,188405,2,4,113946,home,4697419,46.97,300,661,82,52,3,3,44352,0.8402,2.0777,High,0
24,self_employed,20000,0,0,0,home,1016272,10.16,120,631,79,42,1,2,13713,0.6856,4.2345,High,0
32,salaried,43116,2,1,12047,business,933601,9.34,36,638,83,42,11,2,30344,0.9832,1.8044,High,0
52,salaried,103932,1,0,0,vehicle,734894,7.35,36,858,99,35,5,1,23885,0.2298,0.5892,Low,1
52,salaried,88270,1,1,16965,personal,201591,2.02,36,725,84,79,17,4,6552,0.2664,0.1903,Low,1
48,salaried,228522,2,0,0,home,10178497,101.78,240,648,72,59,2,0,101620,0.4447,3.7117,High,0
33,self_employed,65250,1,0,0,education,1140109,11.4,84,779,91,50,9,0,19223,0.2946,1.4561,Low,1
51,salaried,37854,2,2,18566,vehicle,506497,5.06,84,686,85,65,12,1,8539,0.716,1.115,Moderate,0
34,salaried,40164,2,0,0,vehicle,200000,2.0,36,652,82,64,15,1,6500,0.1618,0.415,Low,1
40,salaried,59328,2,0,0,education,2797846,27.98,36,641,79,76,4,2,90936,1.5328,3.9299,High,0
38,salaried,129701,0,1,38861,home,7198295,71.98,180,616,69,79,13,2,79569,0.9131,4.6249,High,0
49,self_employed,221308,2,0,0,personal,1500000,15.0,24,700,89,49,4,1,69564,0.3143,0.5648,Low,1
26,self_employed,57250,3,1,7217,home,1399278,13.99,360,570,79,84,4,2,12799,0.3496,2.0368,High,0
52,salaried,57056,0,0,0,home,2863927,28.64,180,659,80,84,2,4,31657,0.5548,4.1829,High,0
49,salaried,33963,1,0,0,business,626224,6.26,60,802,93,46,7,0,13459,0.3963,1.5365,Low,1
63,salaried,36158,1,2,13615,education,2937452,29.37,120,719,86,46,17,2,39636,1.4727,6.7699,High,0
22,self_employed,138275,2,2,75017,education,1157230,11.57,84,709,93,48,2,2,19511,0.6836,0.6974,High,0
43,salaried,128197,2,2,40286,home,7346305,73.46,300,731,83,50,24,1,69362,0.8553,4.7754,High,0
39,salaried,32261,0,0,0,business,638798,6.39,84,816,92,57,5,0,10770,0.3338,1.6501,Low,1
51,salaried,56713,3,4,36863,personal,449754,4.5,12,628,87,38,5,2,39645,1.349,0.6609,High,0
25,salaried,42368,0,2,7079,personal,251422,2.51,12,780,84,48,6,3,22162,0.6902,0.4945,Moderate,1
39,salaried,82316,2,1,23094,personal,302158,3.02,12,674,84,57,7,1,26634,0.6041,0.3059,Low,1
54,salaried,38827,1,0,0,business,595592,5.96,36,799,88,44,16,2,19358,0.4986,1.2783,Low,1
30,salaried,15430,1,1,3021,personal,79851,0.8,48,691,80,63,0,2,2044,0.3283,0.4313,Low,1
45,salaried,89519,0,0,0,business,1019746,10.2,36,665,89,52,16,3,33144,0.3702,0.9493,Low,1
22,salaried,40860,0,0,0,personal,236975,2.37,24,821,88,22,2,1,10989,0.2689,0.4833,Low,1
31,self_employed,51044,2,0,0,home,2292866,22.93,360,603,75,47,10,4,20973,0.4109,3.7433,High,0
51,salaried,63662,1,0,0,vehicle,838389,8.38,84,683,84,48,3,3,14135,0.222,1.0974,Low,1
35,salaried,60578,0,1,8810,home,1459916,14.6,120,692,80,57,8,1,19699,0.4706,2.0083,Low,1
29,self_employed,86240,0,0,0,personal,648617,6.49,12,575,76,84,5,3,57174,0.663,0.6268,High,0
43,salaried,18437,0,3,11400,personal,103890,1.04,12,477,71,82,7,3,9157,1.115,0.4696,High,0
39,salaried,68444,2,1,18852,vehicle,625595,6.26,36,733,82,48,15,0,20333,0.5725,0.7617,Low,1
29,self_employed,20000,2,3,5205,home,844552,8.45,300,763,88,39,3,1,7974,0.659,3.519,Moderate,0
55,salaried,77787,0,1,19050,home,2970569,29.71,360,620,78,65,7,2,27172,0.5942,3.1824,High,0
41,self_employed,146488,1,0,0,home,6837016,68.37,240,591,76,47,11,3,68259,0.466,3.8894,High,0
29,salaried,21566,0,2,14017,home,993907,9.94,240,634,80,73,9,1,9922,1.11,3.8406,High,0
48,salaried,59698,3,3,27189,personal,117346,1.17,12,741,82,55,16,0,10343,0.6287,0.1638,Moderate,1
27,salaried,92439,3,0,0,education,1992705,19.93,120,680,75,43,7,1,26888,0.2909,1.7964,Low,1
36,salaried,37443,2,3,22895,education,777384,7.77,120,534,71,67,8,7,10489,0.8916,1.7301,High,0
36,self_employed,102632,3,0,0,personal,688291,6.88,12,664,77,51,9,1,60671,0.5912,0.5589,High,0
53,self_employed,20000,2,2,6271,business,423547,4.24,24,816,92,47,14,1,19642,1.2956,1.7648,Moderate,0
24,self_employed,144142,2,0,0,business,1591922,15.92,60,604,81,65,3,1,34216,0.2374,0.9203,Moderate,1
24,not_employed,5000,1,2,1238,vehicle,200000,2.0,36,716,81,53,4,1,6500,1.5476,3.3333,High,0
59,self_employed,67261,1,0,0,personal,153296,1.53,24,526,68,77,15,5,7109,0.1057,0.1899,High,0
60,salaried,113365,0,0,0,personal,660053,6.6,60,670,82,68,12,2,14187,0.1251,0.4852,Low,1
37,salaried,40778,1,1,4617,business,771041,7.71,36,643,74,66,17,1,25060,0.7278,1.5757,High,0
57,salaried,22592,2,1,5634,personal,150425,1.5,36,705,87,52,10,1,4889,0.4658,0.5549,Low,1
59,salaried,155208,0,2,44099,personal,1013465,10.13,48,690,90,67,0,3,25948,0.4513,0.5441,Low,1
49,self_employed,91697,1,2,26303,business,1455244,14.55,84,632,79,67,19,3,24536,0.5544,1.3225,High,0
56,salaried,19520,1,1,3831,home,718419,7.18,300,853,94,30,22,0,6783,0.5438,3.067,Low,1
58,salaried,124920,0,0,0,home,6268660,62.69,300,787,87,49,11,1,59187,0.4738,4.1818,Low,1
59,salaried,31380,1,2,8710,home,1819945,18.2,120,569,68,53,18,1,24557,1.0601,4.8331,High,0
57,salaried,35755,3,0,0,business,300000,3.0,24,655,87,52,10,2,13912,0.3891,0.6992,Low,1
55,salaried,90475,2,1,23196,home,4799295,47.99,300,539,79,75,0,1,45314,0.7572,4.4205,High,0
27,salaried,110971,2,0,0,business,1630782,16.31,24,534,74,83,3,3,75629,0.6815,1.2246,High,0
47,salaried,26891,1,0,0,education,458785,4.59,36,793,87,44,7,1,14911,0.5545,1.4217,Low,1
48,salaried,118491,1,0,0,home,2719363,27.19,360,631,82,60,17,0,24875,0.2099,1.9125,Low,1
42,self_employed,120498,0,1,23585,home,3971343,39.71,240,608,92,60,18,2,39649,0.5248,2.7465,High,0
34,salaried,30337,3,0,0,personal,225940,2.26,48,524,72,72,4,2,5784,0.1907,0.6206,High,0
27,salaried,42296,0,0,0,education,351763,3.52,36,564,73,56,4,3,11433,0.2703,0.6931,High,0
57,salaried,121744,0,1,35648,home,3891333,38.91,180,614,73,64,2,2,43014,0.6461,2.6636,High,0
42,salaried,19219,2,2,12008,vehicle,269831,2.7,48,701,82,56,20,2,6908,0.9842,1.17,High,0
25,salaried,112243,0,0,0,home,3148705,31.49,240,807,91,29,4,1,31436,0.2801,2.3377,Low,1
22,salaried,81458,1,4,52947,home,2954519,29.55,240,736,88,53,2,2,29497,1.0121,3.0225,Moderate,0
47,salaried,66535,0,4,39443,home,3190839,31.91,240,607,80,63,16,1,31856,1.0716,3.9964,High,0
41,salaried,53051,0,1,9313,business,642509,6.43,24,632,71,86,13,2,29797,0.7372,1.0093,High,0
58,salaried,159864,0,1,49144,home,7682246,76.82,180,755,84,37,3,1,84919,0.8386,4.0046,Moderate,0
35,salaried,174687,0,2,113546,personal,274871,2.75,24,762,87,60,4,1,12747,0.723,0.1311,Moderate,1
41,self_employed,36600,2,1,7505,business,430555,4.31,24,619,83,59,4,4,19967,0.7506,0.9803,High,0
30,salaried,70779,2,0,0,home,1729912,17.3,120,900,100,40,3,0,23342,0.3298,2.0368,Low,1
43,not_employed,12000,1,4,7800,home,500000,5.0,180,374,57,98,4,4,5526,1.1105,3.4722,High,0
59,salaried,150938,3,2,57302,education,491088,4.91,60,702,81,43,2,4,10555,0.4496,0.2711,Moderate,1
25,salaried,53255,0,1,17813,education,1413685,14.14,36,756,88,45,1,2,45948,1.1973,2.2121,Moderate,0
21,self_employed,20000,1,0,0,personal,50893,0.51,36,689,79,51,2,1,1654,0.0827,0.2121,Low,1
33,self_employed,62470,0,0,0,personal,360311,3.6,48,779,87,28,2,3,9225,0.1477,0.4806,Low,1
41,salaried,82386,2,0,0,business,2042839,20.43,36,659,81,53,15,2,66397,0.8059,2.0663,High,0
46,salaried,36822,1,2,7125,personal,292797,2.93,48,810,96,77,10,1,7496,0.3971,0.6626,Low,1
41,salaried,134090,2,0,0,business,2077211,20.77,24,589,79,58,6,4,96332,0.7184,1.2909,High,0
38,salaried,20408,2,0,0,personal,127091,1.27,24,626,76,69,19,3,5893,0.2888,0.519,Moderate,0
57,salaried,100183,1,1,19004,home,2178066,21.78,180,659,78,45,7,2,24076,0.43,1.8117,Moderate,0
52,salaried,73503,2,0,0,personal,265382,2.65,48,664,83,66,12,2,6794,0.0924,0.3009,Low,1
56,salaried,17507,3,3,11379,home,950634,9.51,300,777,88,45,18,1,8975,1.1626,4.525,Moderate,1
37,salaried,249316,1,0,0,education,2992762,29.93,60,704,86,42,13,1,64326,0.258,1.0003,Low,1
55,self_employed,56897,1,2,26879,personal,333470,3.33,12,713,79,65,16,2,29394,0.989,0.4884,High,0
31,self_employed,29673,2,0,0,home,624001,6.24,300,862,95,47,5,1,5891,0.1985,1.7524,Low,1
41,not_employed,0,2,0,0,vehicle,200000,2.0,48,644,84,63,12,2,5120,5120.0,16666.6667,High,0
46,salaried,21072,0,1,4070,home,753280,7.53,300,803,91,48,12,0,7112,0.5307,2.979,Low,1
24,self_employed,100140,1,0,0,business,2280504,22.81,36,601,88,59,5,1,74121,0.7402,1.8978,High,0
54,self_employed,72974,1,2,30648,vehicle,690265,6.9,36,646,74,56,21,2,22435,0.7274,0.7883,High,0
38,salaried,53564,1,1,7022,vehicle,641019,6.41,84,694,73,55,14,0,10808,0.3329,0.9973,Low,1
60,salaried,42859,0,1,7108,business,989500,9.9,36,708,83,38,13,3,32161,0.9162,1.9239,High,0
55,not_employed,5000,3,1,1454,personal,77676,0.78,12,744,88,68,24,0,6847,1.6602,1.2946,High,0
61,salaried,23044,2,2,8094,vehicle,200000,2.0,60,576,75,66,10,2,4298,0.5378,0.7233,High,0
49,salaried,83073,1,1,27758,business,2075894,20.76,36,834,92,34,5,0,67471,1.1463,2.0824,Low,1
49,salaried,47745,2,1,5732,business,733615,7.34,24,636,73,77,4,3,34022,0.8326,1.2804,High,0
58,salaried,94133,3,1,10196,personal,616521,6.17,12,673,84,62,8,1,54345,0.6856,0.5458,High,0
62,self_employed,68885,0,2,30240,vehicle,336441,3.36,84,659,86,63,23,2,5672,0.5213,0.407,Moderate,1
41,salaried,15383,1,1,1467,business,300000,3.0,60,779,100,56,7,1,6448,0.5145,1.6252,Low,1
62,salaried,94648,1,1,30653,business,2199561,22.0,24,719,85,42,20,2,102006,1.4016,1.9366,Moderate,0
33,salaried,15000,2,0,0,personal,74055,0.74,12,720,77,55,0,1,6527,0.4351,0.4114,Moderate,1
61,salaried,15963,0,1,5290,personal,84916,0.85,24,558,67,69,16,5,3938,0.5781,0.4433,High,0
37,salaried,28273,4,1,5530,vehicle,201860,2.02,60,552,67,64,8,7,4338,0.349,0.595,High,0
29,salaried,28500,1,1,5842,home,689579,6.9,120,590,75,61,10,5,9304,0.5314,2.0163,High,0
61,self_employed,182922,1,0,0,home,4574959,45.75,120,533,71,63,17,4,61732,0.3375,2.0842,High,0
21,salaried,44236,1,0,0,business,409621,4.1,60,809,95,22,1,0,8804,0.199,0.7717,Low,1
22,salaried,103614,0,1,34049,personal,228913,2.29,12,610,83,61,1,1,20178,0.5234,0.1841,High,0
49,self_employed,38012,2,0,0,home,1235233,12.35,360,465,66,55,20,1,11299,0.2972,2.708,High,0
53,salaried,59313,3,0,0,home,3377896,33.78,180,583,73,58,11,1,37339,0.6295,4.7459,High,0
30,self_employed,87485,1,1,26102,home,5210943,52.11,120,784,92,50,7,0,70313,1.1021,4.9637,High,0
60,self_employed,104490,3,0,0,personal,470946,4.71,36,797,86,21,1,1,15306,0.1465,0.3756,Low,1
41,self_employed,41276,2,3,11743,personal,147828,1.48,48,570,71,65,8,5,3784,0.3762,0.2985,High,0
48,salaried,39076,1,3,25399,personal,161713,1.62,24,770,90,40,3,1,7499,0.8419,0.3449,Low,1
31,salaried,40991,2,1,7348,education,2412354,24.12,120,526,68,82,9,2,32551,0.9734,4.9042,High,0
54,salaried,18188,1,2,4546,vehicle,228231,2.28,84,725,83,44,18,1,3848,0.4615,1.0457,Low,1
28,salaried,46614,1,0,0,home,2769660,27.7,180,680,79,60,2,2,30615,0.6568,4.9514,High,0
42,self_employed,44048,0,1,13676,personal,313628,3.14,12,649,80,49,1,3,27645,0.9381,0.5933,High,0
28,self_employed,95230,2,2,41831,personal,728541,7.29,12,594,82,69,9,4,64219,1.1136,0.6375,High,0
35,self_employed,64411,0,1,7411,business,413866,4.14,84,735,85,62,16,0,6978,0.2234,0.5354,Low,1
37,self_employed,174399,2,2,102016,vehicle,2381304,23.81,48,727,92,45,8,2,60969,0.9346,1.1379,High,0
43,self_employed,63327,2,1,13037,home,1309730,13.1,120,529,69,73,13,5,17672,0.4849,1.7235,High,0
44,salaried,34985,0,4,22740,personal,122129,1.22,36,900,96,40,16,1,3969,0.7634,0.2909,Low,1
39,salaried,50747,1,1,9154,education,2255683,22.56,36,727,86,37,1,5,73315,1.6251,3.7041,High,0
25,self_employed,106866,1,1,25152,business,1654356,16.54,60,799,89,51,1,1,35558,0.5681,1.2901,Low,1
52,salaried,16917,1,1,2754,home,815918,8.16,300,522,64,84,2,2,7703,0.6181,4.0192,High,0
64,salaried,31915,1,1,7498,education,2519136,25.19,84,670,73,61,0,0,42474,1.5658,6.5777,High,0
21,salaried,32321,1,1,4885,education,535926,5.36,84,566,73,75,2,5,9036,0.4307,1.3818,High,0
43,self_employed,83182,1,2,37181,vehicle,627148,6.27,36,558,76,76,17,7,20383,0.692,0.6283,High,0
57,salaried,67263,0,0,0,personal,517940,5.18,60,563,73,72,6,3,11132,0.1655,0.6417,High,0
28,self_employed,64924,0,1,20705,vehicle,781288,7.81,48,900,93,44,4,0,20003,0.627,1.0028,Low,1
33,self_employed,20000,0,2,6691,home,1150468,11.5,120,702,86,40,8,2,15523,1.1107,4.7936,High,0
28,salaried,18194,2,3,5495,business,335548,3.36,60,632,90,64,7,2,7212,0.6984,1.5369,High,0
43,salaried,42473,3,4,24862,home,1631275,16.31,360,605,73,71,1,2,14921,0.9367,3.2006,High,0
63,salaried,36283,1,0,0,home,761084,7.61,360,659,78,60,11,0,6961,0.1919,1.748,Low,1
21,self_employed,60131,1,1,10638,education,2079364,20.79,120,661,85,66,0,2,28057,0.6435,2.8817,High,0
44,self_employed,41129,0,1,12138,home,861307,8.61,360,509,54,89,3,2,7878,0.4867,1.7451,High,0
55,self_employed,203885,1,2,76796,personal,585989,5.86,12,657,75,65,6,4,51654,0.63,0.2395,High,0
44,salaried,15000,0,1,1800,home,698282,6.98,180,645,76,62,13,3,7718,0.6345,3.8793,High,0
37,salaried,58781,2,0,0,home,3040999,30.41,180,617,74,67,12,1,33615,0.5719,4.3112,High,0
25,salaried,80563,3,1,7846,personal,625445,6.25,24,679,81,73,5,4,29005,0.4574,0.647,Moderate,1
40,self_employed,104949,0,2,47343,vehicle,1440899,14.41,60,752,90,54,8,2,30970,0.7462,1.1441,High,0
41,salaried,78618,2,0,0,personal,175953,1.76,48,713,85,48,8,1,4504,0.0573,0.1865,Low,1
60,salaried,85705,0,1,11091,home,3428444,34.28,300,731,85,60,4,3,32370,0.5071,3.3336,Low,1
51,salaried,34119,1,1,10095,personal,143314,1.43,48,722,85,67,19,0,3669,0.4034,0.35,Low,1
56,salaried,25313,0,1,3041,home,1495746,14.96,240,811,96,59,24,3,14933,0.7101,4.9242,Low,1
31,salaried,15000,1,2,3912,personal,84489,0.84,60,718,88,49,5,0,1815,0.3818,0.4694,Low,1
35,salaried,39436,0,2,16517,home,2362119,23.62,300,600,74,80,15,3,22302,0.9844,4.9915,High,0
39,salaried,30744,1,1,9527,personal,92499,0.92,60,636,74,75,10,3,1988,0.3745,0.2507,High,0
27,salaried,98416,1,2,17495,personal,176266,1.76,24,601,71,70,1,1,8174,0.2608,0.1493,High,0
48,self_employed,47569,1,0,0,business,323350,3.23,84,808,81,63,17,1,5451,0.1146,0.5665,Low,1
63,self_employed,26256,2,2,4460,education,2892840,28.93,84,702,75,61,15,1,48775,2.0275,9.1815,High,0
25,salaried,24025,3,1,6643,home,832271,8.32,120,742,84,39,3,2,11230,0.7439,2.8868,Moderate,0
25,self_employed,293917,1,1,83867,personal,1500000,15.0,60,630,84,53,6,1,32240,0.395,0.4253,Moderate,0
50,salaried,48375,0,2,25817,business,846519,8.47,84,555,65,71,18,1,14272,0.8287,1.4583,High,0
52,salaried,30671,1,2,15601,personal,232762,2.33,36,683,88,67,16,2,7565,0.7553,0.6324,High,0
28,self_employed,66120,3,1,13714,vehicle,450413,4.5,60,677,81,54,8,2,9681,0.3538,0.5677,Low,1
30,self_employed,273077,1,2,172913,home,8247075,82.47,240,662,73,64,10,1,82337,0.9347,2.5167,High,0
58,self_employed,43837,1,0,0,home,2117838,21.18,240,675,85,66,4,4,21144,0.4823,4.026,Moderate,1
52,salaried,74028,0,0,0,business,1783393,17.83,84,713,89,46,24,0,30069,0.4062,2.0076,Low,1
48,salaried,99895,1,3,64931,business,2023691,20.24,84,854,90,34,23,0,34120,0.9916,1.6882,Low,1
37,self_employed,20000,1,0,0,home,998906,9.99,360,750,87,31,6,1,9137,0.4568,4.1621,Low,1
51,salaried,33421,3,1,11613,home,1532352,15.32,120,769,87,51,16,5,20676,0.9661,3.8208,High,0
28,salaried,92656,3,2,52137,home,4166485,41.66,120,736,88,44,5,3,56220,1.1695,3.7473,High,0
60,self_employed,34219,0,0,0,vehicle,200000,2.0,60,676,76,62,4,2,4298,0.1256,0.4871,Moderate,1
45,self_employed,83424,1,2,37034,education,656463,6.56,60,744,80,48,5,0,14109,0.613,0.6557,Low,1
29,self_employed,32637,0,3,16552,personal,187076,1.87,24,685,81,42,3,0,8675,0.773,0.4777,High,0
22,salaried,37521,1,0,0,personal,135961,1.36,12,627,80,63,2,1,11984,0.3194,0.302,Low,1
35,self_employed,38029,3,1,5812,personal,126911,1.27,24,671,74,51,12,2,5885,0.3076,0.2781,Moderate,1
23,salaried,71826,1,2,46686,personal,518487,5.18,48,630,83,89,0,3,13275,0.8348,0.6016,High,0
56,salaried,55323,1,1,17674,personal,94937,0.95,48,729,84,67,11,1,2430,0.3634,0.143,Low,1
24,salaried,52016,0,1,14998,education,2288097,22.88,84,585,68,68,3,1,38578,1.03,3.6657,High,0
34,salaried,220686,2,2,120025,personal,887281,8.87,12,683,82,75,3,4,78212,0.8983,0.335,High,0
61,salaried,139221,2,1,34663,home,5133825,51.34,180,704,82,57,15,2,56749,0.6566,3.0729,High,0
61,self_employed,20000,1,2,5933,education,2545426,25.45,36,880,99,34,8,1,82732,4.4332,10.6059,Moderate,1
45,salaried,37569,0,2,24419,personal,221404,2.21,12,505,70,63,23,3,19516,1.1694,0.4911,High,0
30,salaried,210213,1,1,56607,personal,1500000,15.0,36,568,77,64,10,3,48753,0.5012,0.5946,High,0
41,salaried,34726,3,2,17974,personal,146561,1.47,36,702,87,63,1,3,4763,0.6548,0.3517,High,0
56,salaried,171553,1,1,54561,personal,950070,9.5,60,759,88,55,18,1,20420,0.4371,0.4615,Low,1
32,salaried,37956,1,1,3662,business,300000,3.0,36,636,77,68,11,1,9750,0.3534,0.6587,High,0
47,self_employed,49652,1,2,26015,education,1462879,14.63,120,662,79,53,10,3,19739,0.9215,2.4552,High,0
60,self_employed,119474,2,2,28054,personal,399874,4.0,12,716,77,63,7,0,35248,0.5298,0.2789,High,0
22,salaried,46438,1,0,0,home,2677394,26.77,240,856,88,21,1,0,26730,0.5756,4.8046,Low,1
33,self_employed,88938,0,3,31987,personal,646222,6.46,12,695,78,68,8,2,56963,1.0001,0.6055,High,0
52,salaried,126117,1,2,76241,home,2616807,26.17,180,738,93,40,4,2,28926,0.8339,1.7291,Moderate,0
51,salaried,77286,2,2,17843,home,4355627,43.56,360,680,85,64,4,1,39842,0.7464,4.6964,Moderate,0
36,self_employed,67052,2,1,21460,home,3663602,36.64,300,713,87,54,11,5,34591,0.8359,4.5532,High,0
52,salaried,133801,3,1,25642,personal,658687,6.59,60,609,84,41,9,2,14157,0.2974,0.4102,Moderate,1
52,not_employed,12000,1,1,1226,personal,68377,0.68,48,714,87,57,16,1,1750,0.248,0.4748,High,0
54,salaried,67396,0,3,43807,business,1042922,10.43,36,597,74,57,24,3,33897,1.1529,1.2895,High,0
31,self_employed,20000,3,4,13000,business,300000,3.0,84,646,80,52,6,1,5058,0.9029,1.25,High,0
30,salaried,45583,1,2,12282,vehicle,310250,3.1,36,808,87,43,3,0,10083,0.4906,0.5672,Low,1
35,salaried,116205,2,1,29681,personal,606804,6.07,48,657,89,55,2,2,15536,0.3891,0.4352,Low,1
37,salaried,34910,2,3,22691,business,705429,7.05,36,676,90,56,16,3,22928,1.3068,1.6839,High,0
60,self_employed,154415,1,3,100369,business,2462125,24.62,84,613,77,56,14,1,41513,0.9188,1.3287,High,0
38,salaried,50668,0,2,9850,vehicle,596243,5.96,60,520,69,78,15,0,12815,0.4473,0.9806,High,0
29,not_employed,5000,2,2,2440,personal,65755,0.66,24,654,75,49,9,4,3049,1.0978,1.0959,High,0
45,salaried,75169,2,1,7160,business,1377930,13.78,24,639,75,52,21,1,63902,0.9454,1.5276,High,0
60,salaried,49434,1,1,8335,personal,310887,3.11,48,560,67,53,18,0,7959,0.3296,0.5241,High,0
34,salaried,68752,1,1,18155,education,1761577,17.62,36,839,91,34,2,0,57255,1.0968,2.1352,Moderate,1
45,salaried,34377,0,3,22345,home,1412875,14.13,120,644,80,50,13,1,19064,1.2046,3.425,High,0
42,self_employed,207764,0,1,38374,business,3123685,31.24,36,570,83,55,6,2,101527,0.6734,1.2529,High,0
50,salaried,25116,1,0,0,business,466192,4.66,84,630,78,70,1,1,7860,0.3129,1.5468,Moderate,0
40,self_employed,20000,1,1,2199,home,1015573,10.16,360,632,74,55,19,2,9289,0.5744,4.2316,High,0
41,salaried,95227,3,4,61897,home,3036821,30.37,240,779,93,35,5,1,30319,0.9684,2.6575,Moderate,1
64,salaried,15000,2,0,0,personal,85311,0.85,24,814,87,38,9,0,3956,0.2637,0.474,Low,1
52,self_employed,50853,2,1,11579,home,2395376,23.95,300,706,88,56,24,1,22616,0.6724,3.9253,High,0
41,salaried,318255,1,1,28511,home,6589535,65.9,180,661,84,56,21,2,72840,0.3185,1.7254,Low,1
55,salaried,48667,0,3,22535,personal,340845,3.41,24,489,72,76,9,4,15807,0.7878,0.5836,High,0
52,not_employed,0,4,0,0,business,300000,3.0,24,391,62,77,10,7,13912,13912.0,25000.0,High,0
50,self_employed,24425,1,0,0,personal,174833,1.75,12,537,81,90,15,5,15411,0.631,0.5965,High,0
59,salaried,93257,0,1,10929,education,2347648,23.48,60,632,77,67,19,4,50460,0.6583,2.0978,High,0
32,salaried,22447,1,0,0,business,552524,5.53,84,698,93,52,8,0,9315,0.415,2.0512,Low,1
61,salaried,33077,3,1,8207,vehicle,247396,2.47,36,609,83,55,16,1,8040,0.4912,0.6233,Moderate,0
38,salaried,26194,3,0,0,business,360653,3.61,24,616,74,65,7,4,16725,0.6385,1.1474,High,0
41,self_employed,78578,0,0,0,personal,268902,2.69,24,674,83,69,1,2,12470,0.1587,0.2852,Low,1
33,self_employed,20000,3,1,2461,business,495466,4.95,24,598,80,53,4,2,22977,1.2719,2.0644,High,0
41,salaried,24993,1,1,2574,personal,190970,1.91,60,885,93,23,13,0,4104,0.2672,0.6367,Low,1
28,salaried,32889,0,0,0,vehicle,430341,4.3,84,556,68,72,5,3,7255,0.2206,1.0904,High,0
60,salaried,16679,2,1,2450,education,554464,5.54,36,740,86,32,3,3,18021,1.2274,2.7703,Moderate,0
27,salaried,48209,3,0,0,business,1011791,10.12,24,758,85,44,8,0,46922,0.9733,1.749,Moderate,1
43,salaried,15000,1,1,4906,personal,72489,0.72,60,585,83,72,5,2,1558,0.4309,0.4027,Moderate,0
64,salaried,65591,1,2,39382,home,1869022,18.69,120,702,91,42,23,1,25219,0.9849,2.3746,Moderate,0
52,salaried,38630,2,2,25109,business,465422,4.65,60,672,78,59,16,3,10003,0.9089,1.004,High,0
31,salaried,33712,2,2,16469,business,709281,7.09,36,638,88,55,2,0,23053,1.1723,1.7533,High,0
42,salaried,37180,3,1,4797,personal,228649,2.29,24,838,95,60,13,0,10603,0.4142,0.5125,Low,1
42,salaried,47276,1,1,16482,vehicle,615895,6.16,36,730,84,40,19,3,20018,0.7721,1.0856,Moderate,0
63,salaried,69962,3,1,19267,personal,155777,1.56,12,673,82,51,2,4,13731,0.4717,0.1855,Moderate,1
45,salaried,108040,4,1,21243,education,1935334,19.35,120,811,95,33,8,1,26114,0.4383,1.4928,Low,1
42,salaried,90070,0,1,19477,education,1288604,12.89,36,762,78,48,22,1,41882,0.6812,1.1922,High,0
48,salaried,187027,2,1,52773,personal,1316939,13.17,48,581,77,63,24,0,33718,0.4625,0.5868,High,0
49,salaried,73510,1,2,46808,personal,385997,3.86,12,715,85,54,2,1,34025,1.0996,0.4376,Moderate,0
33,self_employed,66986,1,0,0,business,569979,5.7,84,614,77,62,9,1,9610,0.1435,0.7091,High,0
38,self_employed,41538,2,3,21460,home,1519098,15.19,360,617,80,46,4,0,13895,0.8511,3.0476,High,0
22,self_employed,42657,0,0,0,personal,210178,2.1,12,538,57,60,3,2,18526,0.4343,0.4106,High,0
49,salaried,67739,1,2,21983,business,1449772,14.5,24,618,79,59,1,0,67234,1.3171,1.7835,High,0
41,self_employed,26915,3,0,0,business,300000,3.0,24,704,70,54,7,0,13912,0.5169,0.9289,High,0
35,self_employed,71910,0,1,19760,home,2399143,23.99,240,665,89,60,2,5,23952,0.6079,2.7803,High,0
47,salaried,48469,1,0,0,personal,244739,2.45,48,492,72,84,2,6,6266,0.1293,0.4208,High,0
51,salaried,31670,3,1,8178,personal,108171,1.08,12,785,88,54,15,1,9535,0.5593,0.2846,Low,1
35,self_employed,25823,1,2,16641,education,1727877,17.28,84,628,82,70,7,1,29133,1.7726,5.576,High,0
43,salaried,222978,1,1,27858,home,9063764,90.64,360,679,80,48,6,2,82909,0.4968,3.3874,Low,1
44,salaried,21206,1,0,0,education,2140068,21.4,36,604,72,80,23,4,69557,3.2801,8.4098,High,0
64,self_employed,56714,1,1,15468,business,624754,6.25,84,554,71,57,21,3,10533,0.4585,0.918,High,0
33,self_employed,159223,2,0,0,home,7309968,73.1,240,767,85,25,4,4,72981,0.4584,3.8259,Low,1
42,salaried,67334,2,0,0,personal,267874,2.68,48,846,95,43,17,0,6858,0.1019,0.3315,Low,1
63,salaried,36896,1,2,19269,vehicle,545870,5.46,60,745,89,51,15,2,11732,0.8402,1.2329,Moderate,0
57,salaried,23973,2,2,14344,home,804314,8.04,300,624,77,63,22,1,7594,0.9151,2.7959,High,0
53,self_employed,66425,1,2,35097,education,2706379,27.06,60,454,68,66,0,4,58170,1.4041,3.3953,High,0
23,salaried,15000,1,1,5183,vehicle,200000,2.0,84,729,88,46,1,0,3372,0.5703,1.1111,Low,1
39,salaried,54280,2,1,7314,vehicle,450756,4.51,36,684,91,49,10,4,14650,0.4046,0.692,Low,1
43,self_employed,61565,2,0,0,home,2768149,27.68,360,681,86,59,12,3,25321,0.4113,3.7469,Low,1
49,salaried,93159,1,1,30712,personal,220466,2.2,12,567,74,60,4,3,19433,0.5383,0.1972,High,0
50,self_employed,23988,0,0,0,vehicle,200000,2.0,60,674,88,56,22,1,4298,0.1792,0.6948,Low,1
59,salaried,40373,0,0,0,education,2254890,22.55,84,757,81,47,16,0,38018,0.9417,4.6543,Moderate,1
64,salaried,63712,1,3,41412,home,3626727,36.27,240,504,73,68,2,6,36208,1.2183,4.7436,High,0
45,salaried,55455,1,0,0,home,2096367,20.96,120,419,65,76,21,3,28287,0.5101,3.1503,High,0
57,salaried,21903,2,1,5656,home,933957,9.34,300,643,86,62,10,5,8818,0.6608,3.5534,High,0
28,salaried,33239,0,0,0,business,300000,3.0,36,677,70,52,1,3,9750,0.2933,0.7521,Moderate,1
62,salaried,113544,2,2,24763,home,3841778,38.42,360,793,96,52,5,0,35142,0.5276,2.8196,Low,1
36,self_employed,73678,1,0,0,business,1685715,16.86,60,673,74,45,13,2,36232,0.4918,1.9066,High,0
28,not_employed,12000,1,0,0,business,300000,3.0,24,818,91,53,8,1,13912,1.1593,2.0833,High,0
21,not_employed,8000,1,0,0,business,300000,3.0,24,523,74,74,0,3,13912,1.739,3.125,High,0
64,salaried,103998,0,0,0,business,2424223,24.24,36,667,82,36,19,2,78793,0.7576,1.9425,High,0
25,salaried,136461,3,0,0,business,2442498,24.42,84,593,71,73,2,5,41182,0.3018,1.4916,High,0
23,salaried,36094,0,2,8976,home,1353813,13.54,300,835,90,57,4,0,12782,0.6028,3.1257,Low,1
21,self_employed,20000,1,3,10761,personal,57647,0.58,60,629,81,62,1,4,1239,0.6,0.2402,High,0
24,salaried,77860,2,1,10967,business,554720,5.55,36,612,79,60,4,4,18029,0.3724,0.5937,High,0
60,not_employed,12000,2,0,0,home,500000,5.0,300,541,83,86,2,3,4720,0.3933,3.4722,High,0
55,salaried,32733,1,1,7573,personal,62667,0.63,36,532,73,93,16,2,2036,0.2936,0.1595,High,0
52,not_employed,5000,1,2,2846,personal,61797,0.62,60,767,86,74,10,1,1328,0.8348,1.03,High,0
62,self_employed,20000,2,1,4025,personal,90169,0.9,24,900,100,45,4,0,4181,0.4103,0.3757,Low,1
54,self_employed,105796,4,3,68767,business,758182,7.58,60,670,80,71,24,0,16296,0.804,0.5972,High,0
63,salaried,82210,3,4,53436,education,1594889,15.95,36,648,82,46,14,1,51837,1.2805,1.6167,High,0
45,salaried,35094,1,0,0,personal,176397,1.76,12,669,85,57,2,3,15549,0.4431,0.4189,Low,1
30,salaried,51768,4,0,0,business,609911,6.1,60,781,91,40,3,0,13109,0.2532,0.9818,Low,1
41,salaried,15000,0,1,4121,personal,76362,0.76,60,682,78,47,6,0,1641,0.3841,0.4242,Moderate,1
59,salaried,15000,0,1,4383,business,300000,3.0,60,643,79,60,10,3,6448,0.7221,1.6667,High,0
47,salaried,95331,2,0,0,home,5562352,55.62,360,766,87,63,2,1,50881,0.5337,4.8623,Low,1
47,salaried,35477,0,0,0,business,371408,3.71,24,592,75,53,18,6,17224,0.4855,0.8724,High,0
22,salaried,39825,0,0,0,home,1682339,16.82,120,679,88,43,0,1,22700,0.57,3.5203,Moderate,1
61,salaried,56432,0,1,15006,home,1201126,12.01,120,597,70,80,7,3,16207,0.5531,1.7737,High,0
33,salaried,39357,1,0,0,business,781760,7.82,36,712,82,52,7,2,25409,0.6456,1.6553,Moderate,1
29,not_employed,8000,2,1,752,personal,50000,0.5,48,754,86,38,7,0,1280,0.254,0.5208,High,0
56,salaried,134855,2,0,0,vehicle,1488415,14.88,48,900,99,30,23,1,38108,0.2826,0.9198,Low,1
42,salaried,40211,0,2,14426,education,903369,9.03,120,540,70,55,17,2,12189,0.6619,1.8721,High,0
62,salaried,46694,1,1,14221,home,2516275,25.16,300,577,71,83,9,2,23758,0.8134,4.4907,High,0
46,self_employed,58812,3,2,14877,education,716400,7.16,36,655,86,74,3,2,23284,0.6489,1.0151,High,0
32,salaried,48757,2,1,13562,personal,237533,2.38,48,687,88,70,9,0,6081,0.4029,0.406,Low,1
37,salaried,27765,1,2,16207,home,860835,8.61,180,673,82,69,6,2,9515,0.9264,2.5837,High,0
34,salaried,25530,4,0,0,vehicle,348326,3.48,48,663,87,62,13,3,8918,0.3493,1.137,Low,1
34,salaried,103761,2,0,0,personal,179802,1.8,60,834,89,35,10,0,3864,0.0372,0.1444,Low,1
54,salaried,94265,0,1,26402,business,605135,6.05,24,671,79,57,9,2,28063,0.5778,0.535,High,0
40,self_employed,141211,0,0,0,home,7821639,78.22,300,739,83,58,6,0,73850,0.523,4.6158,Low,1
31,not_employed,5000,0,0,0,education,1160107,11.6,36,814,82,60,4,1,37706,7.5412,19.3351,High,0
36,salaried,38648,2,2,12438,personal,201112,2.01,12,690,85,42,2,3,17727,0.7805,0.4336,High,0
51,salaried,35378,0,0,0,home,1959786,19.6,300,636,85,56,23,2,18503,0.523,4.6163,High,0
26,salaried,21954,1,0,0,vehicle,320572,3.21,48,558,63,73,6,2,8207,0.3738,1.2168,High,0
39,salaried,42859,0,0,0,personal,324272,3.24,12,666,81,54,8,2,28584,0.6669,0.6305,High,0
57,salaried,57166,3,1,10105,education,1674149,16.74,36,651,86,76,4,3,54413,1.1286,2.4405,High,0
24,salaried,17422,1,0,0,home,919168,9.19,300,576,83,60,0,2,8678,0.4981,4.3966,High,0
24,not_employed,8000,3,0,0,home,500000,5.0,180,863,86,39,2,0,5526,0.6908,5.2083,High,0
40,self_employed,66025,3,0,0,education,2985451,29.85,120,741,79,51,21,1,40284,0.6101,3.7681,High,0
30,salaried,38124,0,1,4063,home,1227229,12.27,120,640,86,77,8,1,16559,0.5409,2.6825,High,0
44,salaried,29888,1,1,3358,personal,187242,1.87,12,516,72,56,21,2,16505,0.6646,0.5221,High,0
55,salaried,25970,0,0,0,vehicle,332354,3.32,84,709,91,54,13,3,5603,0.2157,1.0665,Low,1
46,salaried,31910,3,0,0,business,701710,7.02,24,628,87,66,22,2,32542,1.0198,1.8325,High,0
57,salaried,96076,1,0,0,personal,397356,3.97,48,652,76,56,4,1,10173,0.1059,0.3447,Low,1
58,salaried,32971,0,1,6762,home,1344769,13.45,300,484,62,76,2,1,12697,0.5902,3.3989,High,0
41,self_employed,39658,0,2,8463,business,416753,4.17,60,733,75,64,16,1,8957,0.4393,0.8757,Moderate,1
60,self_employed,41549,1,0,0,vehicle,505938,5.06,36,823,90,45,9,0,16444,0.3958,1.0147,Low,1
59,salaried,60077,3,0,0,vehicle,302105,3.02,60,741,91,31,15,1,6493,0.1081,0.4191,Low,1
41,self_employed,86249,2,2,28040,business,674813,6.75,36,548,73,74,18,3,21933,0.5794,0.652,High,0
30,salaried,15000,3,1,2421,personal,107486,1.07,24,685,83,57,5,2,4984,0.4937,0.5971,Low,1
58,salaried,90488,1,0,0,vehicle,1073887,10.74,84,760,78,43,1,2,18106,0.2001,0.989,Low,1
24,salaried,116055,0,3,75435,business,1833052,18.33,60,727,88,38,4,1,39399,0.9895,1.3162,Moderate,1
40,salaried,26105,4,2,13457,home,1303012,13.03,300,767,83,67,13,1,12302,0.9867,4.1595,Moderate,1
37,salaried,27354,0,1,2850,home,1439926,14.4,300,693,91,48,1,1,13595,0.6012,4.3867,Low,1
27,salaried,37415,3,1,4562,home,1028633,10.29,300,693,79,53,7,1,9712,0.3815,2.291,Moderate,1
24,self_employed,32702,1,1,8170,education,2208366,22.08,84,609,77,66,1,2,37234,1.3884,5.6275,High,0
49,salaried,56069,0,2,29712,personal,264131,2.64,24,686,79,61,21,2,12249,0.7484,0.3926,High,0
34,salaried,15246,2,1,1833,personal,87077,0.87,24,854,92,43,5,0,4038,0.3851,0.476,Low,1
23,salaried,25065,4,0,0,personal,166801,1.67,12,646,79,57,1,0,14703,0.5866,0.5546,High,0
44,self_employed,205121,3,0,0,home,8775549,87.76,240,641,73,65,20,4,87613,0.4271,3.5652,High,0
57,salaried,28087,0,2,18256,personal,68640,0.69,60,844,99,42,16,0,1475,0.7025,0.2037,Low,1
36,not_employed,12000,0,0,0,business,300000,3.0,84,586,76,75,7,2,5058,0.4215,2.0833,High,0
24,self_employed,161901,1,0,0,personal,533716,5.34,48,787,92,32,5,0,13664,0.0844,0.2747,Low,1
44,salaried,22004,2,1,6850,vehicle,200000,2.0,36,658,75,61,8,1,6500,0.6067,0.7574,High,0
54,self_employed,120038,2,1,11119,business,2907532,29.08,36,665,83,59,12,2,94501,0.8799,2.0185,High,0
50,salaried,107502,0,4,69876,vehicle,615941,6.16,60,628,79,66,22,1,13238,0.7731,0.4775,High,0
38,salaried,50629,3,0,0,business,1009674,10.1,60,657,80,61,6,4,21701,0.4286,1.6619,Moderate,0
39,self_employed,84206,2,3,50949,personal,276856,2.77,48,714,87,29,12,2,7088,0.6892,0.274,High,0
51,salaried,89939,2,1,18391,home,4166197,41.66,240,563,70,68,0,3,41594,0.667,3.8602,High,0
39,salaried,32291,1,2,16665,personal,127116,1.27,24,711,73,50,3,3,5895,0.6986,0.328,High,0
39,salaried,198344,1,0,0,vehicle,1177041,11.77,84,643,84,76,3,3,19845,0.1001,0.4945,Moderate,1
42,salaried,102114,4,3,36730,home,2520557,25.21,300,837,95,45,4,0,23798,0.5927,2.057,Low,1
44,not_employed,0,1,2,0,home,500000,5.0,120,712,79,67,17,0,6746,6746.0,41666.6667,High,0
32,salaried,67132,3,0,0,business,469379,4.69,36,793,91,41,8,0,15255,0.2272,0.5827,Low,1
50,self_employed,249350,3,0,0,vehicle,1428603,14.29,60,646,83,56,19,3,30706,0.1231,0.4774,Moderate,0
58,salaried,191668,2,2,74105,business,3020909,30.21,84,814,94,53,22,0,50934,0.6524,1.3134,Moderate,1
51,self_employed,98250,1,1,21231,education,995637,9.96,84,600,77,64,13,2,16787,0.387,0.8445,High,0
56,salaried,51734,0,2,21665,home,2814825,28.15,120,851,94,41,13,0,37981,1.1529,4.5341,Low,1
39,salaried,41654,0,0,0,education,461587,4.62,60,753,89,62,12,0,9921,0.2382,0.9235,Low,1
56,self_employed,41309,0,1,12886,personal,150185,1.5,48,620,88,58,17,2,3845,0.405,0.303,Moderate,0
50,salaried,101358,0,1,13950,business,2408350,24.08,36,775,97,57,22,0,78277,0.9099,1.9801,Low,1
53,salaried,48515,1,3,31534,home,2292393,22.92,240,768,82,48,6,1,22886,1.1217,3.9376,Moderate,1
38,salaried,133835,1,0,0,personal,526913,5.27,24,666,85,47,0,3,24436,0.1826,0.3281,Low,1
48,self_employed,61567,1,4,40018,vehicle,667378,6.67,60,707,90,63,8,2,14344,0.883,0.9033,High,0
31,salaried,38276,1,0,0,home,1749591,17.5,360,600,73,63,1,4,16004,0.4181,3.8092,High,0
53,not_employed,12000,0,0,0,business,300000,3.0,24,596,74,64,20,2,13912,1.1593,2.0833,High,0
37,salaried,34173,0,1,9928,business,340291,3.4,84,774,89,49,13,1,5737,0.4584,0.8298,Low,1
26,salaried,42090,2,0,0,business,713199,7.13,36,718,79,41,1,2,23180,0.5507,1.4121,Moderate,0
24,self_employed,127111,1,0,0,personal,447403,4.47,24,661,76,53,2,2,20748,0.1632,0.2933,Moderate,1
40,self_employed,30438,1,0,0,personal,226974,2.27,24,558,76,73,7,1,10526,0.3458,0.6214,High,0
47,self_employed,21444,2,1,2710,business,386595,3.87,60,562,81,81,10,0,8309,0.5139,1.5023,High,0
35,not_employed,12000,2,0,0,business,300000,3.0,36,660,71,57,6,3,9750,0.8125,2.0833,High,0
26,salaried,28559,1,1,8292,home,1006367,10.06,240,634,82,70,4,5,10047,0.6421,2.9365,High,0
34,salaried,114883,2,1,20476,home,3246386,32.46,120,717,94,77,7,1,43805,0.5595,2.3548,Moderate,0
31,salaried,28302,3,1,5232,personal,106038,1.06,12,677,93,64,1,0,9347,0.5151,0.3122,Moderate,1
59,self_employed,66248,2,3,43061,vehicle,941289,9.41,48,775,85,59,9,2,24100,1.0138,1.184,High,0
29,self_employed,40042,1,0,0,personal,237565,2.38,60,842,93,33,2,0,5106,0.1275,0.4944,Low,1
46,salaried,99440,2,1,22561,personal,605598,6.06,12,647,80,76,16,3,53382,0.7637,0.5075,High,0
36,salaried,107656,0,1,22221,education,379682,3.8,36,707,76,50,8,1,12340,0.321,0.2939,Low,1
25,salaried,82325,1,2,47296,personal,297002,2.97,24,783,89,50,6,1,13773,0.7418,0.3006,Low,1
30,self_employed,76489,4,1,23764,vehicle,398545,3.99,36,836,100,29,2,0,12953,0.48,0.4342,Low,1
23,salaried,42674,1,2,24769,personal,145796,1.46,60,538,73,59,4,1,3133,0.6538,0.2847,High,0
33,salaried,23977,3,3,10929,personal,84353,0.84,48,649,78,49,6,1,2159,0.5459,0.2932,High,0
63,salaried,157332,1,0,0,home,4620187,46.2,120,666,89,60,7,3,62342,0.3962,2.4472,Low,1
50,self_employed,32606,4,3,21193,home,687301,6.87,120,687,87,63,2,3,9274,0.9344,1.7566,High,0
26,self_employed,101815,1,3,29641,personal,561657,5.62,12,653,76,70,5,1,49509,0.7774,0.4597,High,0
37,salaried,92571,0,1,11020,home,5452646,54.53,180,677,92,68,11,2,60273,0.7701,4.9085,High,0
39,salaried,35130,1,1,4287,home,1744058,17.44,120,777,89,57,16,1,23533,0.7919,4.1372,Moderate,0
62,salaried,91382,1,0,0,business,1798590,17.99,36,745,71,33,5,1,58458,0.6397,1.6402,Moderate,0
55,self_employed,110345,0,0,0,personal,759974,7.6,60,504,67,85,3,6,16334,0.148,0.5739,High,0
46,not_employed,8000,2,1,1415,vehicle,200000,2.0,48,654,83,53,14,2,5120,0.8169,2.0833,High,0
25,salaried,24952,1,0,0,education,698959,6.99,84,601,74,54,2,3,11784,0.4723,2.3343,High,0
49,salaried,51851,2,0,0,personal,126337,1.26,12,535,60,66,22,4,11136,0.2148,0.203,High,0
57,salaried,113694,1,0,0,personal,774594,7.75,36,726,87,44,23,3,25176,0.2214,0.5677,Low,1
40,salaried,29851,0,3,14901,home,1615205,16.15,300,749,92,59,8,0,15250,1.01,4.5091,Moderate,1
41,self_employed,78208,4,0,0,personal,465247,4.65,48,666,82,77,5,2,11911,0.1523,0.4957,Moderate,0
30,salaried,23778,1,2,12121,personal,188369,1.88,60,652,71,57,2,1,4048,0.68,0.6602,High,0
25,salaried,26268,2,2,13224,personal,145281,1.45,36,801,91,37,2,0,4721,0.6832,0.4609,Moderate,1
56,salaried,106960,2,3,43604,education,1399817,14.0,60,677,79,43,19,2,30087,0.689,1.0906,High,0
26,salaried,74229,1,4,48248,home,3887572,38.88,180,645,71,60,6,3,42973,1.2289,4.3644,High,0
46,salaried,60438,3,1,15643,personal,322438,3.22,12,665,75,57,23,2,28422,0.7291,0.4446,High,0
24,salaried,15000,2,1,1436,home,500000,5.0,180,871,96,37,3,1,5526,0.4641,2.7778,Low,1
59,salaried,35181,1,0,0,business,447298,4.47,60,685,93,46,19,1,9614,0.2733,1.0595,Low,1
59,self_employed,97289,3,4,63237,personal,357146,3.57,48,669,73,65,16,1,9144,0.744,0.3059,High,0
55,salaried,20548,0,1,5871,business,443795,4.44,36,619,83,46,13,3,14424,0.9877,1.7998,High,0
21,salaried,39642,1,1,3312,home,1154044,11.54,180,580,78,90,2,1,12756,0.4053,2.426,High,0
44,not_employed,5000,3,2,2776,vehicle,200000,2.0,48,591,79,70,13,1,5120,1.5792,3.3333,High,0
56,salaried,77651,2,0,0,personal,469874,4.7,12,813,87,51,6,1,41418,0.5334,0.5043,Low,1
26,self_employed,117792,2,3,49633,vehicle,1047028,10.47,48,610,78,65,4,1,26807,0.6489,0.7407,High,0
61,salaried,39923,2,1,4430,education,1736237,17.36,60,667,82,64,23,3,37318,1.0457,3.6241,High,0
64,salaried,67440,2,1,12231,home,3723335,37.23,300,593,69,54,18,2,35155,0.7026,4.6008,High,0
51,salaried,64470,3,1,19552,home,3047483,30.47,240,722,85,78,23,1,30425,0.7752,3.9391,High,0
40,salaried,55722,1,0,0,personal,136195,1.36,24,867,93,46,21,1,6316,0.1133,0.2037,Low,1
44,salaried,43391,0,2,20332,vehicle,345183,3.45,48,812,100,37,13,0,8837,0.6722,0.6629,Low,1
45,not_employed,0,1,4,0,education,1725523,17.26,84,900,93,58,22,0,29093,29093.0,143793.5833,High,0
56,salaried,45250,2,0,0,personal,133336,1.33,48,667,89,59,23,2,3413,0.0754,0.2456,Low,1
41,salaried,45960,0,0,0,personal,128531,1.29,12,470,70,98,16,3,11329,0.2465,0.233,High,0
50,salaried,144010,0,3,93606,personal,525808,5.26,24,640,63,45,21,1,24384,0.8193,0.3043,High,0
44,salaried,62339,1,0,0,education,2416598,24.17,120,610,79,65,7,1,32608,0.5231,3.2305,High,0
64,salaried,67934,3,1,14414,education,1627083,16.27,36,661,74,64,19,1,52884,0.9906,1.9959,High,0
62,salaried,67480,2,4,43862,home,1839256,18.39,120,575,74,61,21,3,24818,1.0178,2.2714,High,0
50,self_employed,99001,1,4,64350,personal,291488,2.91,12,598,71,70,11,1,25694,0.9095,0.2454,High,0
42,not_employed,12000,0,3,4991,home,630486,6.3,360,587,82,68,21,2,5767,0.8965,4.3784,High,0
48,salaried,21297,1,2,11559,home,1041689,10.42,300,441,65,96,16,1,9835,1.0046,4.076,High,0
27,salaried,33587,0,4,21831,personal,160469,1.6,24,530,73,58,5,3,7441,0.8715,0.3981,High,0
55,self_employed,94772,0,0,0,personal,410004,4.1,12,744,94,55,2,2,36141,0.3813,0.3605,Low,1
48,self_employed,54836,3,1,14552,personal,322956,3.23,12,818,97,35,21,1,28468,0.7845,0.4908,Low,1
34,salaried,43894,4,0,0,vehicle,361222,3.61,36,599,75,56,9,9,11740,0.2675,0.6858,High,0
30,not_employed,8000,0,1,1932,business,300000,3.0,24,735,94,57,5,0,13912,1.9805,3.125,High,0
36,salaried,70744,0,1,12821,vehicle,731403,7.31,36,581,81,42,9,4,23772,0.5173,0.8616,High,0
36,not_employed,0,1,0,0,personal,51212,0.51,36,640,83,41,4,1,1664,1664.0,4267.6667,High,0
51,salaried,56028,1,3,36418,business,788669,7.89,84,629,78,67,14,1,13297,0.8873,1.173,High,0
62,salaried,73353,0,0,0,education,1543298,15.43,84,852,85,35,6,1,26021,0.3547,1.7533,Low,1
45,self_employed,20000,1,2,11189,home,548950,5.49,120,752,92,47,11,0,7407,0.9298,2.2873,Moderate,0
33,salaried,71546,0,0,0,personal,133636,1.34,36,688,83,46,12,0,4343,0.0607,0.1557,Low,1
26,salaried,15000,2,1,3657,business,300000,3.0,36,704,91,49,1,0,9750,0.8938,1.6667,Moderate,0
64,salaried,41541,2,1,12049,vehicle,393159,3.93,84,522,75,59,6,3,6628,0.4496,0.7887,High,0
29,not_employed,8000,2,1,972,personal,50000,0.5,24,586,74,72,3,4,2318,0.4112,0.5208,High,0
56,self_employed,20000,1,4,11628,personal,91853,0.92,60,819,94,61,22,0,1974,0.6801,0.3827,Moderate,0
63,self_employed,66680,3,2,15823,education,2164737,21.65,36,800,82,33,4,2,70359,1.2925,2.7054,Moderate,0
40,salaried,31782,3,0,0,vehicle,332172,3.32,60,792,96,50,9,0,7139,0.2246,0.871,Low,1
38,self_employed,40186,0,1,5300,business,731033,7.31,36,728,91,49,7,2,23760,0.7231,1.5159,High,0
63,salaried,57636,0,1,7056,personal,433364,4.33,24,837,100,48,3,1,20097,0.4711,0.6266,Low,1
41,salaried,21125,1,1,5475,home,500000,5.0,180,804,87,53,17,2,5526,0.5208,1.9724,Low,1
24,self_employed,120903,0,0,0,home,3285464,32.85,360,661,83,52,4,1,30053,0.2486,2.2645,Low,1
53,salaried,56434,1,2,14671,business,752634,7.53,60,571,67,68,12,0,16177,0.5466,1.1114,High,0
47,salaried,125418,1,0,0,business,1502103,15.02,84,750,82,42,6,0,25326,0.2019,0.9981,Low,1
27,salaried,51356,1,1,10608,home,2099982,21.0,240,567,64,64,5,4,20965,0.6148,3.4076,High,0
26,salaried,25561,1,1,2929,personal,87167,0.87,12,772,93,47,2,0,7683,0.4152,0.2842,Low,1
35,self_employed,22965,1,2,11326,vehicle,200000,2.0,36,786,88,33,14,0,6500,0.7762,0.7257,Moderate,0
38,salaried,38776,3,0,0,education,2375195,23.75,84,584,72,81,8,3,40047,1.0328,5.1045,High,0
52,self_employed,47670,0,1,14244,vehicle,647581,6.48,36,636,80,41,23,5,21047,0.7403,1.1321,High,0
31,salaried,34879,2,1,3813,home,1278605,12.79,360,622,78,58,12,1,11695,0.4446,3.0549,High,0
40,salaried,52949,0,1,7705,business,1095202,10.95,24,594,73,66,8,0,50791,1.1048,1.7237,High,0
44,salaried,34351,0,1,10570,business,300000,3.0,36,774,81,46,3,2,9750,0.5915,0.7278,Low,1
35,self_employed,73376,1,1,14455,home,2438167,24.38,360,599,78,64,11,2,22302,0.5009,2.769,High,0
27,salaried,35868,0,3,23314,vehicle,459753,4.6,84,795,89,49,0,0,7751,0.8661,1.0682,Moderate,1
41,not_employed,12000,0,1,1808,personal,50000,0.5,12,688,83,43,4,6,4407,0.5179,0.3472,High,0
62,self_employed,41739,0,1,9829,business,945156,9.45,60,712,75,43,18,3,20315,0.7222,1.887,High,0
46,salaried,58475,1,1,20319,vehicle,753374,7.53,60,549,77,75,4,3,16192,0.6244,1.0736,High,0
64,salaried,30837,2,3,20044,home,1758319,17.58,120,602,78,63,11,2,23725,1.4194,4.7516,High,0
34,not_employed,8000,0,1,1638,education,501293,5.01,36,540,71,80,14,1,16293,2.2414,5.2218,High,0
57,self_employed,57161,2,0,0,home,2903748,29.04,120,822,95,44,3,0,39181,0.6854,4.2333,Low,1
41,salaried,35779,0,0,0,business,380146,3.8,84,865,86,15,16,0,6409,0.1791,0.8854,Low,1
38,salaried,62148,2,2,25171,business,1114703,11.15,84,596,73,80,6,2,18794,0.7074,1.4947,High,0
25,self_employed,90721,1,3,32642,education,2654450,26.54,60,794,89,41,0,1,57054,0.9887,2.4383,Moderate,1
23,self_employed,21437,2,1,5459,business,341791,3.42,36,731,81,59,3,0,11109,0.7729,1.3287,Moderate,0
43,salaried,88073,4,1,28191,personal,327546,3.28,36,706,80,51,3,3,10646,0.441,0.3099,Low,1
46,self_employed,310258,3,4,138096,personal,725596,7.26,12,776,88,45,1,0,63960,0.6513,0.1949,High,0
57,not_employed,12000,0,0,0,home,500000,5.0,180,756,91,51,0,2,5526,0.4605,3.4722,High,0
44,salaried,62348,3,0,0,education,1256082,12.56,120,676,89,54,2,0,16948,0.2718,1.6789,Low,1
39,self_employed,82983,0,1,14988,personal,171901,1.72,48,831,87,39,7,0,4401,0.2337,0.1726,Low,1
45,salaried,70032,3,2,26538,education,2165204,21.65,36,788,87,56,4,0,70374,1.3838,2.5764,Moderate,0
41,salaried,28232,1,1,8126,home,1366294,13.66,180,671,88,73,11,0,15102,0.8228,4.0329,High,0
32,salaried,26548,1,1,5990,business,457270,4.57,36,561,82,54,3,0,14862,0.7854,1.4354,High,0
61,salaried,26003,0,0,0,personal,141416,1.41,60,664,86,66,8,2,3039,0.1169,0.4532,Low,1
53,self_employed,138413,0,1,31469,education,2909500,29.1,36,646,81,57,17,2,94565,0.9106,1.7517,High,0
24,salaried,27793,2,1,8983,education,1007481,10.07,84,772,91,30,5,1,16986,0.9344,3.0208,Moderate,1
62,salaried,29950,3,3,19467,vehicle,348687,3.49,48,627,80,61,19,1,8927,0.948,0.9702,High,0
27,salaried,67677,2,1,18521,education,2531639,25.32,36,734,77,49,7,3,82284,1.4895,3.1173,High,0
42,salaried,42140,2,1,6017,business,385394,3.85,84,611,88,66,22,7,6498,0.297,0.7621,Moderate,0
53,salaried,39031,2,0,0,vehicle,567469,5.67,60,713,85,46,5,1,12197,0.3125,1.2116,Low,1
37,self_employed,41223,1,0,0,education,1959039,19.59,60,703,80,45,3,1,42107,1.0214,3.9602,High,0
44,salaried,15000,0,0,0,personal,50000,0.5,60,592,70,62,15,6,1074,0.0716,0.2778,High,0
54,self_employed,27625,0,1,9336,business,627728,6.28,24,568,79,87,13,3,29111,1.3917,1.8936,High,0
48,self_employed,154083,1,0,0,business,2346762,23.47,60,715,77,48,7,2,50441,0.3274,1.2692,Moderate,1
63,salaried,35467,0,3,15086,home,863563,8.64,180,768,86,46,0,1,9545,0.6945,2.029,Moderate,1
61,self_employed,20000,0,0,0,education,589437,5.89,60,687,86,66,24,1,12669,0.6334,2.456,Moderate,1
59,salaried,26774,0,1,7003,business,664312,6.64,84,608,69,62,17,1,11200,0.6799,2.0677,High,0
42,salaried,60834,0,0,0,vehicle,317243,3.17,60,736,81,54,8,4,6818,0.1121,0.4346,Low,1
37,salaried,60115,3,0,0,vehicle,901523,9.02,36,738,83,53,1,0,29301,0.4874,1.2497,Low,1
54,salaried,41086,0,1,6958,home,2448246,24.48,180,646,78,44,18,2,27062,0.828,4.9657,High,0
26,salaried,32418,1,2,14135,home,1369173,13.69,360,760,79,58,7,2,12524,0.8224,3.5196,High,0
26,self_employed,20000,1,0,0,personal,153066,1.53,60,749,87,46,4,2,3289,0.1645,0.6378,Low,1
54,salaried,61139,1,3,29178,personal,254184,2.54,36,800,78,57,22,2,8261,0.6124,0.3465,Moderate,0
21,self_employed,117042,0,2,68019,business,1309712,13.1,84,549,67,56,1,0,22082,0.7698,0.9325,High,0
30,salaried,106226,1,4,69046,home,2889948,28.9,180,637,77,55,11,4,31945,0.9507,2.2671,High,0
41,self_employed,24625,0,1,4196,education,1071843,10.72,84,686,93,45,6,1,18071,0.9042,3.6272,High,0
25,salaried,111225,1,1,22813,education,756871,7.57,36,761,91,34,5,1,24600,0.4263,0.5671,Low,1
22,salaried,47383,0,1,14734,business,922006,9.22,24,727,86,49,3,1,42758,1.2133,1.6215,Moderate,1
42,salaried,49808,1,0,0,personal,93984,0.94,24,666,86,56,11,1,4358,0.0875,0.1572,Low,1
22,salaried,83797,2,3,54468,personal,279148,2.79,36,637,73,58,1,3,9072,0.7583,0.2776,High,0
30,salaried,35434,1,1,7524,home,1248731,12.49,180,618,80,67,11,1,13803,0.6019,2.9368,High,0
54,self_employed,20000,1,1,6968,home,639456,6.39,180,687,81,49,9,2,7068,0.7018,2.6644,High,0
36,salaried,74825,1,0,0,vehicle,1105640,11.06,84,822,95,52,8,0,18641,0.2491,1.2314,Low,1
59,self_employed,79130,2,1,20894,business,1158620,11.59,60,647,84,70,23,2,24903,0.5788,1.2202,High,0
42,self_employed,44881,0,3,29172,home,1015190,10.15,180,732,87,35,13,2,11221,0.9,1.885,Moderate,0
32,self_employed,98521,2,1,10988,business,2266412,22.66,60,723,85,58,12,0,48714,0.606,1.917,Moderate,1
44,salaried,80512,2,1,9459,home,1829182,18.29,360,709,80,60,22,1,16732,0.3253,1.8933,Low,1
60,salaried,19787,1,3,12861,business,300000,3.0,60,589,76,57,19,4,6448,0.9758,1.2635,High,0
58,self_employed,60962,1,2,31225,personal,131963,1.32,48,610,74,57,14,2,3378,0.5676,0.1804,High,0
30,self_employed,20000,1,1,2409,business,495437,4.95,84,715,80,73,4,1,8353,0.5381,2.0643,Moderate,1
55,salaried,45514,0,0,0,home,1055125,10.55,180,725,82,65,16,0,11663,0.2563,1.9319,Low,1
52,salaried,39196,0,0,0,personal,205504,2.06,48,689,85,60,9,2,5261,0.1342,0.4369,Low,1
27,salaried,65850,0,2,16233,personal,450922,4.51,60,706,87,44,0,3,9692,0.3937,0.5706,Low,1
41,salaried,25749,0,2,13745,home,1101327,11.01,300,636,87,67,7,1,10398,0.9376,3.5643,High,0
40,self_employed,42736,1,1,4979,business,666813,6.67,36,493,60,70,13,2,21673,0.6236,1.3003,High,0
46,salaried,15000,2,0,0,personal,50000,0.5,48,743,82,32,6,2,1280,0.0853,0.2778,Low,1
24,salaried,68494,0,0,0,education,2442888,24.43,84,699,81,35,4,2,41188,0.6013,2.9721,Moderate,1
42,salaried,46488,3,2,10293,education,1405008,14.05,60,622,83,73,15,1,30199,0.871,2.5186,High,0
35,salaried,51655,3,2,29492,education,2382436,23.82,84,639,85,68,10,1,40169,1.3486,3.8435,High,0
60,self_employed,20000,3,0,0,business,300000,3.0,60,694,89,55,3,1,6448,0.3224,1.25,Low,1
41,self_employed,82326,2,2,42891,personal,599361,5.99,60,693,88,73,6,2,12882,0.6775,0.6067,High,0
35,salaried,132144,1,2,34624,home,4151322,41.51,300,570,79,73,5,4,39196,0.5586,2.6179,High,0
42,self_employed,51640,0,0,0,vehicle,542941,5.43,84,611,72,70,12,2,9154,0.1773,0.8762,High,0
48,salaried,72406,1,0,0,education,1707418,17.07,84,635,73,70,1,5,28788,0.3976,1.9651,High,0
34,salaried,29074,1,1,8556,education,1928451,19.28,36,586,81,75,6,2,62679,2.4501,5.5274,High,0
47,salaried,46811,2,2,30427,business,1001991,10.02,84,540,75,58,9,2,16894,1.0109,1.7838,High,0
61,salaried,19559,4,0,0,home,500000,5.0,180,688,74,65,23,3,5526,0.2825,2.1303,Moderate,1
60,salaried,78658,1,0,0,education,2342346,23.42,60,826,93,48,18,0,50346,0.6401,2.4816,Low,1
48,salaried,53954,1,1,8384,vehicle,726121,7.26,36,604,81,54,19,0,23600,0.5928,1.1215,High,0
46,self_employed,22574,0,0,0,personal,122064,1.22,48,649,73,51,20,1,3125,0.1384,0.4506,Moderate,1
22,salaried,30299,0,1,3261,business,300000,3.0,84,579,73,71,3,3,5058,0.2746,0.8251,High,0
45,self_employed,62872,1,1,10549,personal,110317,1.1,60,744,83,47,16,4,2371,0.2055,0.1462,Low,1
23,salaried,85333,1,1,26042,home,4200933,42.01,360,633,80,62,4,2,38427,0.7555,4.1025,High,0
28,not_employed,8000,2,0,0,business,300000,3.0,24,743,86,63,0,1,13912,1.739,3.125,High,0
64,self_employed,195559,1,3,127113,business,1276621,12.77,24,725,79,46,17,0,59204,0.9527,0.544,High,0
53,salaried,74895,3,3,30576,business,625129,6.25,24,770,92,47,18,1,28991,0.7953,0.6956,Moderate,1
62,self_employed,21575,2,1,4078,vehicle,209050,2.09,48,748,92,59,1,3,5352,0.4371,0.8075,Low,1
55,salaried,28627,2,2,13946,home,1281773,12.82,120,685,83,44,7,0,17295,1.0913,3.7312,High,0
26,self_employed,33917,0,1,11074,education,1447953,14.48,84,574,72,88,1,4,24413,1.0463,3.5576,High,0
59,salaried,47173,3,1,6575,home,2301939,23.02,180,682,76,64,16,3,25445,0.6788,4.0665,High,0
43,salaried,17856,2,1,4436,home,1064097,10.64,120,653,77,62,8,2,14358,1.0525,4.9661,High,0
45,self_employed,29639,0,1,6265,home,1151338,11.51,120,543,74,55,4,1,15535,0.7355,3.2371,High,0
63,salaried,21346,0,3,13874,business,357982,3.58,24,779,84,56,5,2,16601,1.4277,1.3975,Moderate,0
39,salaried,62335,3,0,0,home,2264485,22.64,360,781,87,37,10,2,20714,0.3323,3.0273,Low,1
25,self_employed,58469,0,0,0,business,888800,8.89,84,637,81,66,5,0,14985,0.2563,1.2668,Low,1
31,salaried,37140,1,4,24141,business,595947,5.96,36,693,79,67,2,3,19369,1.1715,1.3372,High,0
32,salaried,25900,1,3,12590,personal,80882,0.81,48,781,98,53,3,1,2070,0.566,0.2602,Low,1
30,salaried,37486,2,2,20450,education,2788835,27.89,84,658,83,61,11,1,47021,1.7999,6.1997,High,0
28,salaried,34932,2,0,0,home,1945140,19.45,180,781,88,33,5,0,21501,0.6155,4.6403,Low,1
44,not_employed,8000,1,1,1995,home,500000,5.0,180,691,81,45,1,3,5526,0.9401,5.2083,High,0
48,salaried,20108,1,1,6099,business,368477,3.68,60,712,87,75,11,0,7920,0.6972,1.5271,High,0
61,salaried,15000,4,2,9289,home,676579,6.77,120,683,88,61,9,1,9129,1.2279,3.7588,High,0
56,self_employed,164173,2,2,69537,business,3955021,39.55,36,710,87,41,15,2,128547,1.2066,2.0075,High,0
57,self_employed,98059,3,1,29856,education,1122079,11.22,36,734,86,54,23,2,36470,0.6764,0.9536,High,0
41,salaried,51677,1,1,7571,home,1869180,18.69,180,670,83,41,9,1,20661,0.5463,3.0142,Moderate,1
28,salaried,37640,0,1,4452,business,630772,6.31,36,674,87,36,9,4,20501,0.6629,1.3965,High,0
29,not_employed,8000,1,1,1365,personal,64004,0.64,12,754,88,47,9,2,5641,0.8758,0.6667,High,0
35,self_employed,34774,2,0,0,personal,236282,2.36,24,750,80,35,1,1,10957,0.3151,0.5662,Low,1
60,salaried,27922,0,3,18149,personal,146308,1.46,24,890,100,32,22,0,6785,0.893,0.4367,Low,1
38,salaried,35841,1,2,17806,home,1768968,17.69,180,706,87,50,1,2,19554,1.0424,4.113,Moderate,0
62,salaried,63795,0,2,36359,personal,474255,4.74,48,733,91,48,12,2,12142,0.7603,0.6195,Moderate,0
40,salaried,45715,1,1,15520,vehicle,590301,5.9,36,606,84,67,3,4,19186,0.7592,1.0761,High,0
26,salaried,36306,2,0,0,home,1062854,10.63,300,726,80,54,4,1,10035,0.2764,2.4396,Low,1
32,self_employed,21213,0,3,11988,education,596823,5.97,84,645,93,60,11,0,10062,1.0395,2.3446,High,0
22,salaried,15000,2,1,1697,personal,50000,0.5,36,738,86,42,1,2,1625,0.2215,0.2778,Low,1
27,self_employed,26801,3,1,6566,home,720237,7.2,360,596,83,51,1,1,6588,0.4908,2.2395,High,0
36,salaried,104678,0,4,68040,home,3967464,39.67,360,507,79,77,1,3,36291,0.9967,3.1585,High,0
23,self_employed,84863,2,4,55160,education,2857842,28.58,60,812,92,52,4,0,61426,1.3738,2.8063,Moderate,0
23,self_employed,51368,4,4,33389,home,1810238,18.1,240,619,77,67,3,4,18073,1.0018,2.9367,High,0
47,salaried,75953,3,2,21024,home,3778877,37.79,180,751,98,53,18,1,41771,0.8268,4.1461,Moderate,1
63,salaried,22635,0,1,7714,home,823370,8.23,360,625,80,71,16,0,7531,0.6735,3.0313,High,0
60,salaried,50718,0,3,32966,business,582145,5.82,24,707,86,59,24,1,26997,1.1823,0.9565,Moderate,0
58,self_employed,20000,0,2,5105,personal,50000,0.5,60,631,81,76,6,4,1074,0.309,0.2083,High,0
53,self_employed,78969,2,2,38990,business,1848996,18.49,24,719,87,38,21,1,85749,1.5796,1.9512,High,0
48,salaried,57280,2,0,0,home,3406425,34.06,300,761,96,68,0,2,32162,0.5615,4.9558,Low,1
21,salaried,58103,2,0,0,education,2728591,27.29,36,746,87,40,2,1,88685,1.5263,3.9134,Moderate,1
28,salaried,98772,1,0,0,home,5847158,58.47,240,713,83,46,3,1,58376,0.591,4.9332,Moderate,1
57,self_employed,111390,0,2,26346,home,5802274,58.02,240,868,89,43,11,0,57928,0.7566,4.3408,Moderate,1
52,salaried,23733,1,1,4186,personal,140461,1.4,48,677,74,60,23,1,3596,0.3279,0.4932,Low,1
63,salaried,99671,1,1,26985,vehicle,785661,7.86,84,826,87,49,10,0,13246,0.4036,0.6569,Low,1
57,salaried,43231,2,1,9475,home,1144938,11.45,180,619,81,61,14,2,12656,0.5119,2.207,High,0
24,salaried,15031,1,1,2816,vehicle,200000,2.0,84,635,81,71,4,1,3372,0.4117,1.1088,Moderate,1
50,self_employed,54885,1,2,18587,home,2735693,27.36,120,792,95,46,16,1,36914,1.0112,4.1537,Low,1
26,salaried,72278,1,0,0,personal,291341,2.91,12,625,80,62,5,1,25681,0.3553,0.3359,Moderate,1
39,salaried,26680,0,2,9451,home,1482151,14.82,360,800,87,58,2,2,13557,0.8624,4.6294,Moderate,0
52,salaried,109066,1,2,36761,personal,504474,5.04,36,628,73,72,13,2,16396,0.4874,0.3855,High,0
29,salaried,28169,0,2,5193,vehicle,383697,3.84,48,724,84,57,2,0,9823,0.5331,1.1351,Low,1
32,salaried,36729,1,1,6342,business,717336,7.17,60,568,75,57,7,4,15418,0.5924,1.6275,High,0
31,not_employed,8000,0,2,5200,business,300000,3.0,24,630,77,72,11,1,13912,2.389,3.125,High,0
36,self_employed,35179,0,1,10648,education,2123093,21.23,60,695,95,47,13,2,45633,1.5998,5.0293,Moderate,0
21,salaried,31731,2,1,10826,home,1311484,13.11,240,627,79,60,2,2,13093,0.7538,3.4443,High,0
41,salaried,28643,1,2,5781,vehicle,200000,2.0,36,764,85,43,20,3,6500,0.4288,0.5819,Low,1
50,self_employed,24002,2,2,10780,personal,105227,1.05,60,592,81,80,7,4,2261,0.5433,0.3653,High,0
33,salaried,53735,2,0,0,business,807100,8.07,84,417,64,86,1,4,13608,0.2532,1.2517,High,0
54,salaried,36034,1,0,0,home,1557005,15.57,180,641,91,59,24,4,17211,0.4776,3.6008,High,0
24,self_employed,88511,3,3,57532,vehicle,359309,3.59,60,730,85,59,5,1,7722,0.7372,0.3383,High,0
48,self_employed,20000,0,2,13000,business,349147,3.49,36,765,92,39,19,0,11348,1.2174,1.4548,Moderate,0
58,not_employed,12000,2,2,1986,vehicle,200000,2.0,60,747,77,64,8,0,4298,0.5237,1.3889,High,0
51,self_employed,24390,3,0,0,home,1181130,11.81,120,671,76,61,1,1,15937,0.6534,4.0356,High,0
47,self_employed,35088,3,0,0,personal,111201,1.11,48,690,81,63,14,0,2847,0.0811,0.2641,Low,1
25,salaried,160312,0,0,0,home,6705236,67.05,300,483,65,88,2,3,63309,0.3949,3.4855,High,0
45,salaried,76369,1,0,0,education,1445139,14.45,60,639,79,42,4,2,31061,0.4067,1.5769,High,0
23,salaried,28622,0,1,8839,business,300000,3.0,36,700,89,52,2,1,9750,0.6495,0.8735,Low,1
53,salaried,30499,2,2,15028,personal,149032,1.49,48,755,89,53,24,0,3815,0.6178,0.4072,Low,1
24,salaried,65154,2,3,42027,home,1780204,17.8,240,758,88,59,5,0,17773,0.9178,2.2769,Moderate,0
45,salaried,50316,1,3,30581,personal,371665,3.72,36,723,82,47,17,2,12080,0.8479,0.6156,Moderate,0
40,salaried,83625,1,0,0,business,2016174,20.16,60,604,73,74,2,2,43335,0.5182,2.0091,High,0
54,salaried,32938,2,3,18255,personal,158854,1.59,60,540,77,72,5,0,3414,0.6579,0.4019,High,0
46,salaried,74657,1,1,12601,education,1717090,17.17,60,822,92,52,22,1,36906,0.6631,1.9166,Moderate,1
25,salaried,15000,3,1,5229,personal,54295,0.54,12,700,85,73,6,0,4786,0.6677,0.3016,Moderate,0
55,salaried,44682,2,0,0,home,2166146,21.66,180,515,67,65,12,3,23944,0.5359,4.0399,High,0
48,self_employed,36543,0,3,8886,vehicle,238234,2.38,48,498,72,95,22,5,6099,0.4101,0.5433,High,0
49,salaried,37308,2,1,4683,personal,184057,1.84,48,645,78,63,8,0,4712,0.2518,0.4111,Moderate,0
29,salaried,46086,0,2,8633,personal,323655,3.24,36,739,83,53,10,1,10519,0.4156,0.5852,Low,1
58,self_employed,148866,1,1,23763,personal,983149,9.83,48,693,86,61,23,2,25171,0.3287,0.5504,Low,1
26,salaried,24528,3,0,0,home,1048593,10.49,120,719,85,60,7,2,14149,0.5769,3.5626,Moderate,1
39,salaried,15000,3,2,4161,education,2569138,25.69,120,651,77,67,5,6,34666,2.5885,14.273,High,0
64,salaried,26295,1,0,0,home,745272,7.45,180,606,86,49,14,1,8238,0.3133,2.3619,Low,1
31,salaried,90532,1,0,0,education,2741099,27.41,60,558,66,57,0,0,58916,0.6508,2.5231,High,0
22,self_employed,20000,0,1,5162,personal,50271,0.5,12,614,79,61,3,4,4431,0.4796,0.2095,High,0
64,salaried,34781,1,0,0,business,300486,3.0,84,521,67,78,23,6,5066,0.1457,0.7199,High,0
64,self_employed,117202,0,0,0,business,1197738,11.98,60,759,91,31,23,0,25744,0.2197,0.8516,Low,1
29,salaried,47332,1,1,8029,vehicle,488466,4.88,36,537,79,57,5,7,15876,0.505,0.86,High,0
41,salaried,96492,0,3,62719,vehicle,535159,5.35,48,670,79,64,21,2,13701,0.792,0.4622,High,0
44,salaried,15000,1,1,2569,home,595315,5.95,360,749,95,55,6,1,5445,0.5343,3.3073,Low,1
54,salaried,40418,0,2,24879,home,1995867,19.96,240,505,65,72,13,5,19926,1.1085,4.1151,High,0
42,salaried,109349,4,1,31908,business,672516,6.73,24,561,75,67,5,4,31188,0.577,0.5125,High,0
23,salaried,24931,2,2,11686,personal,108130,1.08,36,857,90,43,0,0,3514,0.6097,0.3614,Low,1
32,salaried,91206,1,0,0,personal,312854,3.13,24,608,76,69,8,3,14508,0.1591,0.2858,High,0
48,salaried,42556,0,2,11561,personal,168236,1.68,24,710,86,75,15,3,7802,0.455,0.3294,Low,1
50,salaried,63606,1,2,37810,home,2102585,21.03,120,704,88,55,4,2,28371,1.0405,2.7547,Moderate,0
46,self_employed,164674,0,2,68401,home,9311970,93.12,240,785,87,49,16,1,92968,0.9799,4.7123,Moderate,0
41,salaried,63443,1,0,0,personal,328154,3.28,48,627,78,61,10,3,8401,0.1324,0.431,Moderate,0
48,salaried,34380,2,0,0,personal,111521,1.12,24,610,79,65,4,2,5171,0.1504,0.2703,High,0
46,salaried,68681,2,2,43858,education,2194454,21.94,84,610,91,64,1,3,36999,1.1773,2.6626,High,0
53,salaried,32955,2,1,3919,personal,191940,1.92,12,769,86,58,21,1,16919,0.6323,0.4854,Low,1
41,self_employed,74510,1,3,48431,vehicle,436787,4.37,48,655,86,69,10,1,11183,0.8001,0.4885,High,0
55,salaried,23130,3,1,5565,personal,86722,0.87,24,659,78,61,2,5,4021,0.4144,0.3124,High,0
54,self_employed,61284,3,2,34175,education,1461523,14.62,120,735,85,50,12,2,19721,0.8794,1.9874,High,0
61,salaried,100065,1,4,44436,home,2492940,24.93,360,639,89,59,16,2,22803,0.672,2.0761,High,0
38,self_employed,47145,1,1,12579,personal,173751,1.74,36,731,82,40,15,1,5647,0.3866,0.3071,Low,1
31,salaried,94486,1,3,61415,home,3693891,36.94,360,589,80,76,3,1,33789,1.0076,3.2579,High,0
43,self_employed,711224,0,4,462295,home,15000000,150.0,120,673,84,56,8,1,202402,0.9346,1.7575,High,0
42,salaried,48176,2,2,18823,business,1180573,11.81,24,653,75,72,11,1,54750,1.5272,2.0421,High,0
37,salaried,70863,1,1,10516,business,743315,7.43,36,695,79,47,2,2,24159,0.4893,0.8741,Moderate,1
25,salaried,65258,0,2,42417,personal,119169,1.19,48,646,79,53,4,3,3051,0.6967,0.1522,High,0
64,salaried,56109,0,0,0,personal,307608,3.08,48,527,77,67,7,6,7875,0.1404,0.4569,High,0
31,not_employed,8000,1,0,0,personal,65961,0.66,24,712,85,58,5,1,3059,0.3824,0.6871,High,0
50,salaried,94944,3,2,46990,personal,707291,7.07,12,701,79,57,19,3,62346,1.1516,0.6208,High,0
35,salaried,65854,1,3,29259,home,1389825,13.9,180,540,77,67,11,0,15363,0.6776,1.7587,High,0
47,salaried,18699,2,0,0,vehicle,270896,2.71,36,639,77,41,12,2,8804,0.4708,1.2073,High,0
55,salaried,62129,1,1,6403,home,3060303,30.6,180,711,86,67,7,0,33828,0.6475,4.1048,Moderate,1
53,salaried,93317,1,0,0,business,1851409,18.51,24,675,80,46,0,2,85861,0.9201,1.6533,High,0
40,self_employed,30250,1,0,0,education,2350690,23.51,84,596,72,45,2,2,39634,1.3102,6.4757,High,0
36,salaried,87482,2,0,0,business,698095,6.98,60,575,76,76,9,4,15004,0.1715,0.665,High,0
54,self_employed,105184,0,0,0,personal,319867,3.2,48,742,87,42,11,3,8189,0.0779,0.2534,Low,1
22,salaried,148928,1,3,69346,business,2810441,28.1,84,750,92,65,0,2,47385,0.7838,1.5726,Moderate,1
55,salaried,38151,1,1,12308,business,810805,8.11,60,609,73,66,16,2,17427,0.7794,1.771,High,0
60,self_employed,24882,1,1,6142,personal,159705,1.6,36,632,77,58,9,8,5190,0.4554,0.5349,High,0
48,salaried,39459,3,2,23973,home,2105344,21.05,300,594,72,42,13,4,19878,1.1113,4.4463,High,0
59,salaried,115999,0,2,58814,vehicle,500541,5.01,36,666,86,75,5,1,16268,0.6473,0.3596,Moderate,0
26,salaried,16365,1,3,10637,business,395137,3.95,84,708,87,41,1,2,6662,1.0571,2.0121,High,0
29,salaried,15000,1,0,0,personal,51312,0.51,60,727,84,55,4,0,1102,0.0735,0.2851,Low,1
40,salaried,51721,3,3,33618,home,1696264,16.96,180,644,79,55,3,1,18750,1.0125,2.733,High,0
21,self_employed,42021,1,3,11452,home,1339722,13.4,300,772,87,45,1,1,12649,0.5735,2.6569,Low,1
28,salaried,49248,2,1,16542,home,2927186,29.27,180,633,78,71,1,2,32357,0.9929,4.9531,High,0
43,salaried,86438,3,0,0,home,2810069,28.1,360,619,77,50,12,3,25704,0.2974,2.7091,High,0
23,self_employed,38481,1,3,25012,personal,268235,2.68,12,607,75,70,2,1,23644,1.2644,0.5809,High,0
24,not_employed,0,1,3,0,education,2601763,26.02,36,635,84,59,5,4,84563,84563.0,216813.5833,High,0
45,salaried,47730,1,1,15025,business,300000,3.0,84,744,82,57,9,1,5058,0.4208,0.5238,Low,1
58,salaried,68016,2,2,34025,business,1690047,16.9,24,557,66,75,17,2,78377,1.6526,2.0706,High,0
35,salaried,19597,0,4,12738,personal,144417,1.44,36,900,90,32,4,2,4693,0.8895,0.6141,Low,1
41,not_employed,0,1,4,0,business,300000,3.0,36,721,86,60,13,2,9750,9750.0,25000.0,High,0
55,self_employed,38625,2,0,0,personal,160382,1.6,36,655,76,46,16,2,5212,0.1349,0.346,Moderate,0
34,salaried,15000,1,1,2758,home,823743,8.24,360,510,81,66,11,5,7535,0.6862,4.5764,High,0
56,salaried,24136,1,2,5955,vehicle,232969,2.33,48,515,73,67,12,3,5964,0.4938,0.8044,High,0
32,salaried,42386,1,4,27550,home,1917740,19.18,180,610,79,73,11,0,21198,1.1501,3.7704,High,0
37,self_employed,150137,0,1,23148,personal,691352,6.91,12,657,81,47,13,0,60941,0.5601,0.3837,Moderate,1
59,salaried,19660,1,1,1884,personal,125862,1.26,12,660,81,60,17,2,11094,0.6601,0.5335,High,0
29,self_employed,75774,1,0,0,home,3089295,30.89,240,640,74,61,4,2,30842,0.407,3.3975,High,0
55,not_employed,12000,3,2,3128,business,300000,3.0,36,790,84,30,8,1,9750,1.0732,2.0833,High,0
33,salaried,42499,1,0,0,vehicle,438249,4.38,84,595,77,67,10,0,7389,0.1739,0.8593,High,0
35,salaried,28141,3,2,5920,business,365164,3.65,24,685,82,33,8,2,16934,0.8121,1.0814,High,0
38,salaried,34229,2,1,2951,business,458846,4.59,84,811,78,47,16,0,7736,0.3122,1.1171,Low,1
53,salaried,34520,0,0,0,business,572077,5.72,24,576,75,69,9,2,26530,0.7685,1.381,High,0
26,salaried,169181,2,1,17650,business,3553048,35.53,84,780,91,46,6,3,59906,0.4584,1.7501,Low,1
47,salaried,51323,0,3,33359,personal,253096,2.53,60,680,89,65,14,1,5440,0.756,0.411,Moderate,0
43,self_employed,60096,4,0,0,vehicle,415986,4.16,36,632,82,69,5,1,13520,0.225,0.5768,Moderate,1
47,self_employed,121251,3,4,77762,home,3175958,31.76,240,580,77,76,4,1,31708,0.9028,2.1828,High,0
54,salaried,49018,1,0,0,vehicle,579809,5.8,36,634,79,51,10,2,18845,0.3845,0.9857,High,0
58,salaried,96086,1,0,0,personal,212095,2.12,48,531,68,71,5,3,5430,0.0565,0.1839,High,0
34,salaried,39212,1,1,9804,education,2467145,24.67,60,561,69,68,11,0,53028,1.6024,5.2432,High,0
56,self_employed,40990,1,0,0,business,300000,3.0,60,789,92,50,15,0,6448,0.1573,0.6099,Low,1
28,self_employed,27331,1,2,14949,vehicle,200000,2.0,36,711,84,47,4,1,6500,0.7848,0.6098,High,0
55,salaried,148750,1,1,41391,business,2360201,23.6,60,722,92,38,16,1,50729,0.6193,1.3222,Moderate,1
39,salaried,47009,2,3,14827,home,1748466,17.48,240,729,86,56,6,2,17456,0.6867,3.0995,Moderate,0
50,salaried,24235,0,0,0,home,744026,7.44,120,700,82,56,11,0,10039,0.4142,2.5584,Low,1
34,salaried,55165,2,1,11830,home,1983180,19.83,180,754,84,63,7,0,21922,0.6118,2.9958,Low,1
40,salaried,33188,2,1,5348,personal,151516,1.52,12,721,91,48,1,1,13355,0.5635,0.3804,Low,1
45,self_employed,43840,1,1,11142,personal,111935,1.12,24,749,85,52,16,0,5191,0.3726,0.2128,Low,1
60,self_employed,76772,3,1,8499,personal,194443,1.94,24,652,83,61,19,3,9017,0.2282,0.2111,Low,1
44,salaried,122099,0,1,21511,home,3466042,34.66,180,488,72,76,13,8,38313,0.49,2.3656,High,0
34,self_employed,64943,0,1,21360,vehicle,858859,8.59,84,760,82,43,9,0,14480,0.5519,1.1021,Low,1
46,not_employed,12000,2,1,1005,vehicle,200000,2.0,60,662,86,50,10,3,4298,0.4419,1.3889,High,0
58,salaried,36318,1,1,10952,personal,248211,2.48,48,610,72,58,3,1,6355,0.4765,0.5695,High,0
43,salaried,67901,1,2,29688,personal,532128,5.32,36,675,82,48,8,0,17295,0.6919,0.6531,High,0
42,not_employed,5000,3,0,0,personal,50000,0.5,24,605,76,47,5,5,2318,0.4636,0.8333,High,0
39,salaried,45493,3,1,10563,personal,324101,3.24,36,666,81,59,17,1,10534,0.4637,0.5937,Low,1
23,self_employed,25181,2,4,16367,personal,50000,0.5,36,752,86,50,4,0,1625,0.7145,0.1655,Moderate,0
62,not_employed,8000,2,1,1701,home,500000,5.0,120,590,75,57,10,4,6746,1.0559,5.2083,High,0
39,self_employed,50935,0,1,15254,home,3026657,30.27,300,525,70,58,19,3,28577,0.8605,4.9518,High,0
29,self_employed,224627,0,1,78297,home,5369560,53.7,300,411,64,93,7,3,50698,0.5743,1.992,High,0
48,self_employed,105153,2,1,10342,home,2752373,27.52,240,621,72,64,21,0,27479,0.3597,2.1812,High,0
40,self_employed,114354,1,1,10588,home,4192669,41.93,180,756,89,47,5,1,46345,0.4979,3.0553,Low,1
27,salaried,128632,1,0,0,education,639663,6.4,120,718,78,70,2,1,8631,0.0671,0.4144,Low,1
34,salaried,84247,1,1,23560,business,2100756,21.01,36,532,73,76,13,1,68279,1.0901,2.078,High,0
29,salaried,24863,2,1,2181,home,1005377,10.05,360,877,100,39,6,1,9196,0.4576,3.3697,Low,1
39,self_employed,121772,0,1,23269,personal,542808,5.43,24,748,87,57,15,4,25173,0.3978,0.3715,Low,1
34,salaried,90088,2,3,58074,personal,176307,1.76,60,562,78,51,1,4,3789,0.6867,0.1631,High,0
58,salaried,72483,0,2,20163,personal,336844,3.37,48,725,79,50,6,1,8624,0.3972,0.3873,Low,1
56,salaried,43596,0,2,23947,home,2191832,21.92,360,511,68,86,10,5,20049,1.0092,4.1897,High,0
60,self_employed,92694,1,3,24785,personal,639721,6.4,36,619,73,77,17,5,20792,0.4917,0.5751,High,0
37,not_employed,12000,0,1,3160,home,500000,5.0,120,753,100,52,7,1,6746,0.8255,3.4722,High,0
50,not_employed,5000,3,0,0,personal,50000,0.5,60,696,90,49,12,2,1074,0.2148,0.8333,High,0
29,salaried,126187,0,1,42194,business,1443469,14.43,60,698,90,60,8,2,31025,0.5802,0.9533,Moderate,1
53,self_employed,57627,0,1,19942,personal,391360,3.91,48,724,90,40,21,1,10020,0.5199,0.5659,Low,1
45,self_employed,33475,1,0,0,home,930809,9.31,180,597,79,61,7,2,10289,0.3074,2.3172,High,0
34,salaried,28953,1,2,13716,personal,160899,1.61,24,727,88,36,15,1,7461,0.7314,0.4631,High,0
31,salaried,59852,0,1,20477,personal,289512,2.9,60,706,78,67,11,4,6222,0.4461,0.4031,Moderate,0
55,salaried,22028,0,0,0,business,300000,3.0,60,817,88,38,8,2,6448,0.2927,1.1349,Low,1
61,not_employed,0,4,3,0,education,1505704,15.06,36,859,100,55,15,0,48939,48939.0,125475.3333,High,0
34,salaried,104400,2,0,0,personal,396406,3.96,24,614,79,66,7,1,18383,0.1761,0.3164,High,0
50,salaried,81726,1,3,48032,education,1819757,18.2,60,707,86,73,5,2,39113,1.0663,1.8555,High,0
61,self_employed,142260,1,2,52632,education,2885545,28.86,36,758,89,49,1,1,93787,1.0292,1.6903,Moderate,0
24,salaried,36576,1,2,18426,home,881532,8.82,240,655,87,40,4,2,8801,0.7444,2.0084,High,0
24,salaried,44203,1,0,0,home,2365184,23.65,300,734,81,34,3,3,22331,0.5052,4.4589,Moderate,1
48,salaried,17321,2,1,2280,business,300332,3.0,24,638,72,49,18,1,13928,0.9357,1.4449,High,0
28,salaried,35028,3,1,4412,personal,195556,1.96,48,834,92,26,0,0,5006,0.2689,0.4652,Low,1
22,self_employed,112680,0,0,0,home,4741770,47.42,360,679,83,49,2,2,43374,0.3849,3.5068,Low,1
61,salaried,68769,2,0,0,home,3131985,31.32,300,775,85,45,24,0,29571,0.43,3.7953,Low,1
42,salaried,27235,0,1,5719,business,361528,3.62,24,593,74,65,23,0,16766,0.8256,1.1062,High,0
61,salaried,105810,0,1,15540,vehicle,1168474,11.68,36,900,91,41,11,0,37978,0.5058,0.9203,Low,1
36,salaried,291806,0,1,78831,business,5000000,50.0,24,580,77,80,15,1,231880,1.0648,1.4279,High,0
49,salaried,28520,0,1,9066,business,609554,6.1,24,752,87,47,3,3,28268,1.309,1.7811,Moderate,0
50,self_employed,50781,3,1,13838,vehicle,333605,3.34,48,744,88,45,23,0,8541,0.4407,0.5475,Low,1
32,self_employed,36414,1,0,0,education,570550,5.71,36,698,82,66,13,0,18544,0.5093,1.3057,Low,1
55,self_employed,55497,0,0,0,business,765326,7.65,60,758,86,50,4,1,16449,0.2964,1.1492,Low,1
31,self_employed,74542,3,2,45031,vehicle,628990,6.29,60,647,75,59,7,3,13519,0.7855,0.7032,High,0
41,salaried,32260,3,0,0,personal,181959,1.82,24,654,82,56,2,0,8438,0.2616,0.47,Low,1
41,salaried,41516,2,1,10734,education,1906583,19.07,36,484,71,81,4,5,61968,1.7512,3.827,High,0
25,not_employed,0,3,1,0,business,300000,3.0,60,560,68,83,2,2,6448,6448.0,25000.0,High,0
40,salaried,51655,0,0,0,vehicle,632641,6.33,60,594,69,57,2,2,13597,0.2632,1.0206,High,0
57,salaried,39862,2,1,4235,business,748838,7.49,84,628,73,69,11,1,12625,0.423,1.5655,High,0
23,salaried,49385,2,1,4152,business,781528,7.82,84,712,91,58,4,1,13177,0.3509,1.3188,Low,1
64,salaried,52149,3,3,33896,vehicle,628289,6.28,84,661,86,54,2,2,10593,0.8531,1.004,High,0
53,salaried,17356,2,2,3338,home,858711,8.59,240,484,72,83,11,3,8573,0.6863,4.123,High,0
29,not_employed,5000,1,0,0,personal,65376,0.65,60,777,93,47,4,1,1405,0.281,1.0896,High,0
29,salaried,29624,2,0,0,personal,56850,0.57,48,687,87,74,9,3,1455,0.0491,0.1599,Low,1
24,salaried,38612,1,1,11459,home,1763356,17.63,360,622,83,67,3,3,16130,0.7145,3.8057,High,0
55,not_employed,0,1,1,0,home,578580,5.79,360,730,85,67,15,0,5292,5292.0,48215.0,High,0
37,not_employed,5000,0,0,0,home,500000,5.0,120,692,87,60,15,1,6746,1.3492,8.3333,High,0
54,salaried,15684,3,0,0,home,865971,8.66,300,803,88,64,11,2,8176,0.5213,4.6011,Low,1
44,salaried,40265,1,2,16113,vehicle,328058,3.28,48,649,76,81,20,2,8399,0.6088,0.679,High,0
52,self_employed,20000,1,2,10568,home,501695,5.02,120,698,89,38,11,3,6769,0.8668,2.0904,High,0
21,self_employed,35899,1,0,0,business,587883,5.88,24,770,88,46,1,2,27263,0.7594,1.3647,High,0
28,self_employed,95185,3,0,0,vehicle,1108208,11.08,60,900,91,38,9,0,23819,0.2502,0.9702,Low,1
43,self_employed,20000,1,2,10989,home,721894,7.22,300,666,78,54,8,1,6815,0.8902,3.0079,High,0
60,self_employed,51437,2,1,5190,home,2674605,26.75,360,561,78,67,16,1,24465,0.5765,4.3331,High,0
32,salaried,50984,3,0,0,business,715801,7.16,24,730,86,46,10,0,33196,0.6511,1.17,Moderate,0
32,self_employed,49470,1,0,0,education,1502020,15.02,120,590,75,86,3,2,20267,0.4097,2.5302,High,0
35,salaried,36724,1,0,0,home,2177295,21.77,120,873,89,38,7,0,29379,0.8,4.9407,Low,1
61,self_employed,77676,2,0,0,personal,124726,1.25,60,714,90,51,5,0,2680,0.0345,0.1338,Low,1
39,salaried,64761,3,1,7303,personal,494306,4.94,12,556,78,59,10,2,43572,0.7856,0.6361,High,0
46,salaried,49065,2,0,0,personal,243493,2.43,48,530,71,67,5,5,6234,0.1271,0.4136,High,0
49,salaried,37969,0,3,24679,personal,262629,2.63,48,672,85,42,5,5,6724,0.8271,0.5764,High,0
42,salaried,82358,3,3,42835,personal,252514,2.53,24,762,91,44,0,0,11710,0.6623,0.2555,Moderate,0
60,salaried,22327,1,1,3020,education,817998,8.18,84,868,98,40,19,1,13791,0.7529,3.0531,Low,1
41,salaried,74044,1,1,8514,vehicle,525914,5.26,84,626,74,78,8,1,8867,0.2347,0.5919,High,0
58,salaried,63058,2,0,0,education,1925485,19.25,84,725,86,50,5,2,32464,0.5148,2.5446,Low,1
40,self_employed,70208,0,3,45635,vehicle,815588,8.16,84,809,86,54,21,1,13751,0.8459,0.9681,Moderate,1
49,salaried,48730,2,3,24871,business,505862,5.06,84,880,99,27,9,0,8529,0.6854,0.8651,Low,1
24,self_employed,20000,1,0,0,business,342655,3.43,84,758,91,42,1,2,5777,0.2888,1.4277,Low,1
27,self_employed,181658,3,1,49162,home,4082801,40.83,180,616,75,80,1,0,45131,0.5191,1.8729,High,0
48,self_employed,117117,0,1,38630,home,3821062,38.21,360,744,81,55,11,2,34952,0.6283,2.7188,Low,1
48,salaried,27533,1,0,0,business,308830,3.09,60,480,67,76,0,4,6637,0.2411,0.9347,High,0
24,not_employed,0,2,2,0,vehicle,200000,2.0,60,712,77,53,2,4,4298,4298.0,16666.6667,High,0
42,salaried,80222,0,0,0,home,2595264,25.95,120,900,100,24,23,0,35019,0.4365,2.6959,Low,1
32,salaried,28370,0,1,6138,personal,185967,1.86,36,667,85,51,8,0,6044,0.4294,0.5463,Low,1
23,salaried,60205,4,0,0,business,1018409,10.18,60,638,80,55,2,1,21889,0.3636,1.4096,Moderate,1
42,salaried,58574,1,0,0,personal,261032,2.61,48,770,83,49,15,2,6683,0.1141,0.3714,Low,1
64,not_employed,5000,4,1,951,personal,50000,0.5,60,712,88,54,14,0,1074,0.405,0.8333,High,0
22,salaried,101537,0,0,0,business,2459446,24.59,60,764,85,38,1,1,52863,0.5206,2.0185,Low,1
44,self_employed,45523,1,0,0,home,2132561,21.33,300,759,77,31,12,2,20135,0.4423,3.9038,Low,1
54,self_employed,138442,2,0,0,education,2161327,21.61,36,501,61,66,18,4,70248,0.5074,1.301,High,0
47,salaried,72514,2,4,47134,vehicle,368944,3.69,48,781,89,50,6,1,9446,0.7803,0.424,Moderate,1
61,salaried,137084,1,1,47796,home,3989474,39.89,360,730,90,68,12,1,36493,0.6149,2.4252,Low,1
21,salaried,55279,1,1,5450,home,2183174,21.83,180,726,89,73,2,3,24132,0.5351,3.2911,Low,1
28,salaried,47583,2,0,0,personal,373537,3.74,48,593,71,71,0,2,9563,0.201,0.6542,High,0
43,salaried,94712,0,3,61562,personal,484368,4.84,36,645,73,78,5,0,15743,0.8162,0.4262,High,0
58,self_employed,28333,1,2,18276,business,373041,3.73,24,565,67,66,16,6,17300,1.2556,1.0972,High,0
26,not_employed,0,0,1,0,home,500000,5.0,240,611,79,49,2,2,4991,4991.0,41666.6667,High,0
42,salaried,37556,1,0,0,personal,56798,0.57,48,658,76,71,10,0,1454,0.0387,0.126,Low,1
45,salaried,51242,1,0,0,personal,299207,2.99,48,651,76,61,14,3,7660,0.1495,0.4866,Low,1
38,self_employed,155572,1,0,0,home,8807438,88.07,180,690,92,52,16,0,97357,0.6258,4.7178,Moderate,1
37,salaried,21932,1,1,2454,home,647294,6.47,120,571,81,50,15,1,8734,0.5101,2.4595,High,0
32,self_employed,46357,0,0,0,education,2483092,24.83,120,599,73,64,11,2,33505,0.7228,4.4637,High,0
26,salaried,53454,0,1,9185,home,2650615,26.51,240,818,88,34,1,1,26463,0.6669,4.1322,Low,1
46,salaried,16313,2,1,3195,personal,127722,1.28,24,895,96,33,20,0,5923,0.5589,0.6525,Low,1
47,self_employed,30733,1,1,10235,home,1415241,14.15,180,478,62,98,21,3,15644,0.8421,3.8375,High,0
28,salaried,32599,3,0,0,vehicle,293926,2.94,84,664,83,63,4,0,4955,0.152,0.7514,Low,1
39,self_employed,31673,2,0,0,personal,133867,1.34,24,726,90,50,19,2,6208,0.196,0.3522,Low,1
62,self_employed,69808,0,2,30258,education,1086180,10.86,36,582,75,60,7,3,35303,0.9392,1.2966,High,0
21,salaried,44518,2,2,12301,home,2459129,24.59,180,599,78,67,2,0,27183,0.8869,4.6032,High,0
49,salaried,35130,0,2,22834,business,453424,4.53,60,727,91,51,14,0,9745,0.9274,1.0756,Moderate,0
55,not_employed,0,2,1,0,personal,67100,0.67,60,577,71,56,14,2,1442,1442.0,5591.6667,High,0
60,self_employed,90088,4,3,58557,vehicle,1105179,11.05,84,474,71,76,10,4,18634,0.8568,1.0223,High,0
34,salaried,128426,1,2,23095,education,423418,4.23,36,666,81,57,15,2,13762,0.287,0.2747,Low,1
55,self_employed,72990,2,2,17115,business,977909,9.78,84,539,71,74,19,3,16488,0.4604,1.1165,High,0
40,salaried,105237,0,0,0,personal,630100,6.3,60,647,84,46,14,1,13543,0.1287,0.499,Low,1
33,salaried,29207,1,1,4426,business,411676,4.12,36,676,77,38,3,2,13380,0.6096,1.1746,High,0
58,self_employed,186612,3,1,45566,business,2370723,23.71,36,747,87,55,19,1,77054,0.6571,1.0587,High,0
28,salaried,29866,0,0,0,home,1750620,17.51,240,888,91,32,2,2,17477,0.5852,4.8847,Low,1
63,not_employed,12000,1,1,3953,home,500000,5.0,240,698,80,47,1,1,4991,0.7453,3.4722,High,0
40,salaried,34797,1,0,0,education,1431512,14.32,120,640,81,46,2,2,19316,0.5551,3.4282,High,0
53,salaried,91958,2,1,15844,personal,623270,6.23,12,813,94,52,9,1,54940,0.7697,0.5648,Moderate,1
46,salaried,27133,1,1,4273,business,300000,3.0,36,669,87,72,16,0,9750,0.5168,0.9214,Low,1
59,salaried,88064,3,1,7732,personal,268570,2.69,24,689,77,52,15,2,12455,0.2292,0.2541,Moderate,1
41,self_employed,126083,0,4,81953,personal,503571,5.04,36,623,81,89,17,2,16367,0.7798,0.3328,High,0
62,salaried,58444,1,1,10730,education,1236060,12.36,120,762,99,48,22,0,16678,0.469,1.7625,Low,1
63,salaried,35497,2,1,6482,personal,166658,1.67,12,814,82,59,4,0,14690,0.5964,0.3912,Low,1
61,salaried,85928,0,1,17638,vehicle,891059,8.91,84,701,94,35,9,3,15023,0.3801,0.8642,Low,1
29,salaried,66502,2,0,0,business,599761,6.0,84,715,87,45,3,1,10112,0.1521,0.7516,Low,1
44,self_employed,26561,0,0,0,education,1472907,14.73,120,815,88,53,22,0,19874,0.7482,4.6211,Moderate,1
57,salaried,39323,0,1,12093,business,577827,5.78,84,670,72,63,6,2,9742,0.5553,1.2245,High,0
61,salaried,80132,0,0,0,business,866182,8.66,24,632,83,66,15,6,40170,0.5013,0.9008,High,0
37,salaried,52509,3,0,0,personal,89149,0.89,36,619,78,72,14,3,2897,0.0552,0.1415,High,0
44,salaried,94050,1,0,0,business,1918678,19.19,36,680,71,57,19,1,62361,0.6631,1.7001,High,0
41,salaried,39935,2,4,25957,personal,168389,1.68,48,621,85,59,5,0,4311,0.7579,0.3514,High,0
59,salaried,26904,1,1,8902,home,541918,5.42,180,680,81,73,8,0,5990,0.5535,1.6786,Moderate,1
61,salaried,182802,1,1,63155,home,5248600,52.49,120,679,80,64,19,1,70821,0.7329,2.3927,Moderate,0
59,self_employed,20000,1,0,0,education,938699,9.39,84,591,77,53,11,3,15827,0.7914,3.9112,High,0
33,self_employed,40139,3,0,0,personal,275913,2.76,24,815,98,43,8,1,12795,0.3188,0.5728,Low,1
31,salaried,57979,2,1,10558,personal,152714,1.53,48,606,77,56,8,4,3909,0.2495,0.2195,High,0
39,salaried,88579,2,1,14380,education,2271213,22.71,36,694,71,54,9,2,73819,0.9957,2.1367,High,0
31,salaried,72248,0,1,11158,home,3913491,39.13,120,637,85,65,8,1,52806,0.8853,4.514,High,0
33,salaried,196173,1,0,0,business,2882102,28.82,24,635,80,66,8,2,133660,0.6813,1.2243,High,0
21,salaried,45681,1,3,29692,education,2670100,26.7,36,805,88,30,1,3,86784,2.5498,4.8709,Moderate,1
60,salaried,29033,3,4,18871,personal,153798,1.54,60,631,95,52,5,1,3305,0.7638,0.4414,High,0
64,salaried,42966,1,1,9922,personal,84144,0.84,48,621,77,61,9,3,2154,0.2811,0.1632,High,0
39,salaried,40457,1,0,0,education,652570,6.53,60,668,80,71,4,1,14026,0.3467,1.3442,Low,1
32,salaried,47052,1,0,0,home,1226750,12.27,360,631,79,59,6,1,11221,0.2385,2.1727,Moderate,0
28,salaried,27187,0,0,0,personal,199989,2.0,12,525,76,79,2,2,17628,0.6484,0.613,High,0
28,salaried,78467,0,3,29825,home,2855185,28.55,180,516,76,96,6,4,31561,0.7823,3.0323,High,0
32,salaried,61236,3,3,39803,personal,217797,2.18,36,795,93,45,9,0,7078,0.7656,0.2964,Moderate,1
53,salaried,22963,1,2,5041,personal,119365,1.19,36,637,73,59,2,4,3879,0.3885,0.4332,High,0
46,salaried,87624,3,0,0,home,3895998,38.96,120,556,79,64,6,3,52570,0.5999,3.7052,High,0
59,salaried,30125,2,3,13724,business,343704,3.44,36,756,90,53,12,0,11171,0.8264,0.9508,Moderate,1
48,salaried,24108,1,0,0,home,542372,5.42,120,554,79,66,18,3,7318,0.3036,1.8748,High,0
25,salaried,51657,1,0,0,business,694963,6.95,24,426,65,93,3,4,32229,0.6239,1.1211,High,0
28,salaried,17073,0,0,0,personal,102300,1.02,48,590,74,67,2,7,2619,0.1534,0.4993,High,0
45,salaried,69821,3,0,0,home,3596953,35.97,300,623,79,66,16,4,33961,0.4864,4.2931,High,0
47,salaried,15000,1,1,3044,education,577294,5.77,36,494,75,95,14,5,18763,1.4538,3.2072,High,0
43,self_employed,26278,1,1,2970,education,2394966,23.95,120,746,85,51,20,1,32316,1.3428,7.595,High,0
50,salaried,126131,1,2,73586,education,606091,6.06,36,586,79,80,5,2,19699,0.7396,0.4004,High,0
43,salaried,32467,1,0,0,business,445158,4.45,84,714,85,53,17,3,7505,0.2312,1.1426,Low,1
40,self_employed,39764,1,1,3919,education,623933,6.24,36,575,78,67,20,2,20279,0.6085,1.3076,High,0
38,salaried,105261,1,2,58748,personal,737462,7.37,60,686,79,53,6,2,15850,0.7087,0.5838,High,0
38,salaried,30463,2,3,13144,education,2454165,24.54,84,778,92,58,7,1,41378,1.7898,6.7135,Moderate,0
22,self_employed,110276,2,1,14315,business,1215492,12.15,60,521,76,83,3,3,26125,0.3667,0.9185,High,0
24,self_employed,153177,1,1,33852,vehicle,2214465,22.14,36,459,68,83,4,7,71975,0.6909,1.2047,High,0
50,salaried,65324,1,0,0,education,2408108,24.08,84,623,72,79,23,3,40602,0.6215,3.072,High,0
53,salaried,20600,3,2,9339,education,1039915,10.4,36,626,73,68,5,5,33799,2.0941,4.2068,High,0
56,salaried,34118,0,2,10466,home,1080182,10.8,300,606,79,68,5,4,10198,0.6057,2.6383,High,0
38,salaried,249739,3,3,162330,business,1687620,16.88,36,659,80,61,2,2,54851,0.8696,0.5631,High,0
57,salaried,36522,0,3,23739,vehicle,458361,4.58,84,677,81,62,17,3,7728,0.8616,1.0459,High,0
39,salaried,294136,2,2,138191,business,5000000,50.0,24,661,75,67,4,2,231880,1.2582,1.4166,High,0
48,salaried,136677,1,0,0,education,612929,6.13,60,531,63,75,7,4,13174,0.0964,0.3737,High,0
60,not_employed,8000,1,1,2179,personal,74007,0.74,24,706,89,56,20,3,3432,0.7014,0.7709,High,0
40,not_employed,5000,3,4,3250,business,300000,3.0,60,806,100,49,0,3,6448,1.9396,5.0,High,0
53,salaried,66932,0,0,0,education,722145,7.22,36,642,79,69,17,4,23471,0.3507,0.8991,High,0
32,salaried,34570,1,1,11906,business,704081,7.04,36,747,85,47,9,1,22884,1.0064,1.6972,Moderate,1
35,salaried,62281,1,0,0,personal,291906,2.92,60,752,85,38,4,2,6274,0.1007,0.3906,Low,1
61,self_employed,20825,2,0,0,education,455771,4.56,120,619,73,62,18,3,6149,0.2953,1.8238,High,0
59,salaried,42478,0,1,5350,personal,78006,0.78,48,615,75,62,16,2,1997,0.173,0.153,High,0
22,salaried,106016,2,0,0,business,2036647,20.37,36,722,87,48,1,1,66196,0.6244,1.6009,Moderate,1
49,salaried,47370,1,0,0,personal,102938,1.03,48,758,87,50,20,2,2635,0.0556,0.1811,Low,1
61,salaried,53367,0,2,9791,education,1293434,12.93,60,899,100,48,17,1,27800,0.7044,2.0197,Low,1
30,salaried,65196,2,1,18632,personal,124670,1.25,48,657,78,59,9,2,3191,0.3347,0.1594,Moderate,1
22,self_employed,152745,0,3,99284,personal,281064,2.81,48,617,77,61,1,4,7196,0.6971,0.1533,High,0
31,self_employed,20000,1,1,6732,education,2483710,24.84,36,775,94,54,4,1,80726,4.3729,10.3488,High,0
33,salaried,69613,0,0,0,personal,320580,3.21,60,628,84,53,4,7,6890,0.099,0.3838,Moderate,0
30,salaried,41735,1,2,21163,education,778225,7.78,84,705,76,28,5,1,13121,0.8215,1.5539,High,0
34,salaried,54175,2,0,0,vehicle,347995,3.48,48,798,100,56,14,1,8909,0.1644,0.5353,Low,1
38,self_employed,139798,1,1,16073,vehicle,1122809,11.23,48,456,60,76,15,6,28747,0.3206,0.6693,High,0
29,not_employed,12000,1,2,4239,personal,56881,0.57,36,824,90,39,7,0,1848,0.5072,0.395,High,0
59,not_employed,8000,1,1,982,business,300000,3.0,84,753,86,43,19,3,5058,0.755,3.125,High,0
48,self_employed,50712,0,0,0,home,1080848,10.81,360,822,91,35,20,2,9886,0.1949,1.7761,Low,1
23,salaried,108314,1,4,70404,vehicle,870589,8.71,36,566,73,72,0,1,28296,0.9112,0.6698,High,0
40,salaried,40167,3,4,25687,business,738742,7.39,60,581,70,49,6,2,15878,1.0348,1.5326,High,0
26,salaried,15000,3,0,0,personal,112781,1.13,60,523,77,83,7,2,2424,0.1616,0.6266,High,0
47,self_employed,51512,0,1,11000,home,1074597,10.75,300,740,76,54,16,0,10146,0.4105,1.7384,Moderate,1
22,salaried,53949,0,0,0,home,1332085,13.32,240,831,91,48,0,0,13299,0.2465,2.0576,Low,1
49,salaried,45288,3,2,16093,business,975009,9.75,36,596,84,85,5,4,31690,1.0551,1.7941,High,0
58,self_employed,94853,1,0,0,home,3080479,30.8,180,633,74,70,5,1,34051,0.359,2.7064,High,0
23,salaried,34939,1,0,0,education,776628,7.77,120,651,79,64,1,1,10479,0.2999,1.8523,Moderate,1
36,salaried,22970,2,1,6343,education,1545567,15.46,84,522,65,66,11,0,26059,1.4106,5.6072,High,0
50,self_employed,26910,1,1,5971,vehicle,350510,3.51,60,694,90,51,8,1,7533,0.5018,1.0854,Moderate,1
60,salaried,35973,1,0,0,vehicle,473335,4.73,84,813,100,42,20,0,7980,0.2218,1.0965,Low,1
22,salaried,35788,3,3,23262,home,773887,7.74,240,668,90,71,2,1,7726,0.8659,1.802,High,0
37,self_employed,410404,2,1,34786,business,4273729,42.74,60,662,79,65,15,1,91859,0.3086,0.8678,Moderate,1
61,salaried,104095,0,1,26012,business,2242363,22.42,24,790,89,58,18,2,103991,1.2489,1.7951,Moderate,0
32,not_employed,12000,0,4,7800,business,300000,3.0,36,699,89,57,3,2,9750,1.4625,2.0833,High,0
55,salaried,74015,0,2,14393,personal,335333,3.35,60,692,82,74,16,4,7207,0.2918,0.3776,Low,1
63,salaried,78359,2,3,50933,personal,274109,2.74,24,612,85,59,12,0,12712,0.8122,0.2915,High,0
21,self_employed,134343,1,2,51034,home,5494086,54.94,120,590,71,50,2,5,74134,0.9317,3.408,High,0
35,salaried,41895,0,0,0,home,1077433,10.77,360,729,72,42,7,1,9855,0.2352,2.1431,Low,1
46,salaried,224524,3,1,26865,personal,700008,7.0,60,643,78,62,5,3,15045,0.1867,0.2598,Moderate,0
57,self_employed,64467,0,1,20085,home,1489735,14.9,240,520,73,98,13,5,14873,0.5423,1.9257,High,0
41,salaried,39808,0,0,0,education,2847744,28.48,36,721,70,46,19,1,92558,2.3251,5.9614,High,0
51,salaried,118824,0,0,0,home,6214219,62.14,120,815,89,42,3,0,83851,0.7057,4.3581,Low,1
45,salaried,15000,0,0,0,education,2020646,20.21,84,678,80,61,11,1,34069,2.2713,11.2258,High,0
43,salaried,65383,1,1,22830,personal,187086,1.87,48,600,72,73,1,1,4790,0.4224,0.2384,High,0
44,salaried,46925,3,0,0,business,1043767,10.44,36,838,92,42,14,1,33924,0.7229,1.8536,Moderate,1
58,salaried,116880,3,0,0,vehicle,642056,6.42,36,764,89,61,8,1,20868,0.1785,0.4578,Low,1
48,self_employed,97142,1,3,63142,education,2357658,23.58,60,706,80,53,0,0,50675,1.1717,2.0225,High,0
41,self_employed,66921,1,0,0,business,989498,9.89,60,582,77,71,6,3,21268,0.3178,1.2322,High,0
63,salaried,72953,1,2,37494,personal,491602,4.92,48,474,66,90,20,2,12586,0.6865,0.5616,High,0
38,salaried,26020,0,2,11111,business,467318,4.67,60,760,87,43,3,1,10044,0.813,1.4967,Low,1
56,salaried,87561,0,4,32165,personal,174865,1.75,48,624,83,48,3,1,4477,0.4185,0.1664,Low,1
55,salaried,21878,3,0,0,home,1077156,10.77,240,735,89,78,16,0,10754,0.4915,4.1029,Low,1
29,self_employed,79761,0,1,16067,home,2926609,29.27,180,618,79,75,6,6,32350,0.607,3.0577,High,0
58,self_employed,61604,0,3,40042,home,2425987,24.26,240,573,68,90,7,4,24220,1.0431,3.2817,High,0
50,self_employed,20000,1,0,0,personal,145263,1.45,36,602,78,81,3,4,4721,0.236,0.6053,High,0
64,salaried,51091,1,1,9832,education,2465488,24.65,84,764,89,53,20,0,41569,1.0061,4.0214,Moderate,1
54,salaried,58057,0,4,37737,home,3398670,33.99,300,527,69,48,2,4,32089,1.2027,4.8784,High,0
52,salaried,33092,0,1,9020,business,763857,7.64,36,743,89,40,10,2,24827,1.0228,1.9236,Moderate,1
23,salaried,26703,1,2,13429,education,2206589,22.07,120,650,78,63,3,3,29774,1.6179,6.8862,High,0
23,salaried,65861,2,0,0,personal,284267,2.84,36,495,73,68,2,5,9239,0.1403,0.3597,High,0
48,not_employed,5000,0,2,2776,home,579967,5.8,120,796,91,41,20,0,7825,2.1202,9.6661,High,0
64,salaried,60924,1,2,39600,business,520926,5.21,24,593,82,62,1,3,24158,1.0465,0.7125,High,0
35,self_employed,76955,1,2,46768,home,3846991,38.47,360,531,65,55,3,2,35189,1.065,4.1658,High,0
61,salaried,20115,3,3,7290,home,1069010,10.69,360,643,80,59,3,1,9778,0.8485,4.4287,High,0
43,salaried,70612,1,1,16717,education,518068,5.18,120,735,83,45,20,1,6990,0.3357,0.6114,Low,1
60,salaried,109925,0,0,0,home,5091077,50.91,360,598,76,47,23,2,46570,0.4237,3.8595,High,0
31,salaried,44143,1,2,25236,personal,306909,3.07,48,743,85,74,10,4,7857,0.7497,0.5794,High,0
52,salaried,110868,2,2,72064,home,2558681,25.59,300,664,84,64,21,1,24158,0.8679,1.9232,High,0
56,salaried,43747,0,0,0,personal,304518,3.05,36,718,90,45,18,2,9897,0.2262,0.5801,Low,1
53,self_employed,118144,1,2,54081,personal,764577,7.65,36,598,81,57,6,4,24850,0.6681,0.5393,High,0
44,salaried,15000,0,0,0,personal,80027,0.8,12,705,95,66,15,2,7054,0.4703,0.4446,Low,1
59,salaried,209246,0,0,0,personal,387699,3.88,60,690,82,64,2,3,8333,0.0398,0.1544,Low,1
54,self_employed,198068,1,3,128744,home,9472733,94.73,240,635,81,57,16,3,94573,1.1275,3.9855,High,0
48,self_employed,47681,1,2,21670,vehicle,200000,2.0,48,588,76,56,3,5,5120,0.5619,0.3495,High,0
57,self_employed,20000,2,0,0,home,554301,5.54,360,788,89,53,23,0,5070,0.2535,2.3096,Low,1
27,salaried,58268,2,0,0,business,484761,4.85,60,729,88,69,6,2,10419,0.1788,0.6933,Low,1
24,self_employed,20000,1,1,6853,personal,99435,0.99,24,758,92,61,3,2,4611,0.5732,0.4143,Low,1
57,salaried,64017,1,0,0,personal,138103,1.38,36,669,85,62,9,0,4488,0.0701,0.1798,Low,1
21,salaried,62751,1,4,40788,business,883929,8.84,60,672,87,67,1,2,18999,0.9528,1.1739,High,0
21,salaried,27865,0,4,18112,education,1660193,16.6,120,701,86,61,2,0,22401,1.4539,4.965,Moderate,0
40,salaried,96045,3,4,62429,personal,397179,3.97,24,666,93,51,1,0,18419,0.8418,0.3446,High,0
39,salaried,79486,4,0,0,home,2169643,21.7,180,820,96,41,18,2,23983,0.3017,2.2747,Low,1
49,salaried,88035,0,0,0,home,4055197,40.55,180,527,78,72,24,4,44826,0.5092,3.8386,High,0
30,salaried,49282,0,3,12377,business,499717,5.0,24,851,96,32,5,0,23174,0.7214,0.845,Low,1
38,salaried,20966,0,1,2105,personal,79491,0.79,48,789,90,55,11,1,2035,0.1975,0.316,Low,1
48,salaried,88143,2,0,0,home,5238395,52.38,240,663,86,68,19,3,52299,0.5933,4.9526,Moderate,0
55,self_employed,48228,2,0,0,education,2102879,21.03,120,616,71,62,5,3,28375,0.5884,3.6336,High,0
63,not_employed,8000,2,2,3833,vehicle,200000,2.0,48,789,93,34,4,1,5120,1.1191,2.0833,High,0
51,salaried,21292,2,3,13839,business,300000,3.0,84,846,94,32,18,0,5058,0.8875,1.1741,Low,1
47,self_employed,82105,1,4,53368,personal,410460,4.1,48,633,78,63,2,2,10509,0.778,0.4166,High,0
31,self_employed,49714,2,1,11712,education,775057,7.75,120,803,92,43,9,0,10458,0.446,1.2992,Low,1
58,salaried,86209,2,1,26587,business,1570961,15.71,60,750,90,56,0,1,33766,0.7001,1.5186,Moderate,1
25,salaried,77898,1,1,23085,business,1908787,19.09,84,707,74,41,1,0,32183,0.7095,2.042,High,0
28,self_employed,48029,1,2,12639,business,744072,7.44,24,584,62,53,2,4,34507,0.9816,1.291,High,0
54,not_employed,0,2,1,0,vehicle,200000,2.0,84,586,71,74,11,1,3372,3372.0,16666.6667,High,0
32,salaried,47633,1,1,12523,personal,184949,1.85,12,730,88,46,9,3,16302,0.6051,0.3236,Moderate,1
58,salaried,119978,2,4,42350,personal,715137,7.15,48,654,81,69,6,5,18309,0.5056,0.4967,High,0
21,salaried,36694,2,0,0,business,597297,5.97,60,752,95,50,1,0,12838,0.3499,1.3565,Low,1
51,salaried,31984,2,0,0,personal,173508,1.74,24,538,73,49,11,5,8046,0.2516,0.4521,High,0
24,self_employed,34281,2,1,10346,personal,97777,0.98,36,868,85,40,4,0,3177,0.3945,0.2377,Low,1
25,self_employed,43408,1,2,24220,home,2381842,23.82,300,530,70,81,2,5,22488,1.076,4.5726,High,0
50,salaried,25900,2,3,12989,business,300000,3.0,60,541,79,74,3,1,6448,0.7505,0.9653,High,0
44,self_employed,75822,1,0,0,personal,386860,3.87,48,692,85,65,21,0,9904,0.1306,0.4252,Low,1
23,salaried,59126,0,0,0,education,855195,8.55,84,525,79,89,2,3,14419,0.2439,1.2053,High,0
31,not_employed,0,0,2,0,personal,50000,0.5,36,632,84,54,4,3,1625,1625.0,4166.6667,High,0
24,salaried,19080,1,1,3276,personal,146654,1.47,36,531,70,76,3,4,4766,0.4215,0.6405,High,0
46,salaried,34998,1,1,11853,home,1007524,10.08,120,542,72,84,23,8,13595,0.7271,2.399,High,0
47,salaried,25752,4,0,0,personal,153011,1.53,12,767,87,29,12,3,13487,0.5237,0.4951,Low,1
63,salaried,28294,1,2,9257,business,528250,5.28,84,709,90,59,20,1,8906,0.6419,1.5558,Low,1
47,salaried,200145,1,0,0,business,1898709,18.99,36,706,83,59,6,0,61712,0.3083,0.7906,Low,1
62,salaried,74945,0,2,25383,business,1833907,18.34,24,452,68,84,8,7,85049,1.4735,2.0392,High,0
26,salaried,15000,0,2,8132,personal,117372,1.17,60,803,82,55,7,1,2522,0.7103,0.6521,Low,1
35,self_employed,46562,2,1,13497,home,948696,9.49,180,496,71,72,7,4,10486,0.5151,1.6979,High,0
50,salaried,46457,0,1,7311,personal,157492,1.57,60,651,83,66,12,2,3385,0.2302,0.2825,Low,1
62,salaried,20208,2,2,9662,personal,135517,1.36,36,662,78,72,10,3,4404,0.6961,0.5588,High,0
57,salaried,67550,2,0,0,home,3645870,36.46,120,582,86,75,16,3,49195,0.7283,4.4977,High,0
57,self_employed,20000,1,3,13000,business,300000,3.0,84,562,63,78,13,4,5058,0.9029,1.25,High,0
62,salaried,94671,3,2,60274,personal,678210,6.78,48,670,84,57,0,2,17364,0.8201,0.597,High,0
57,self_employed,189704,1,1,41178,personal,1487276,14.87,36,714,88,70,14,3,48340,0.4719,0.6533,Low,1
55,self_employed,393197,1,1,79169,vehicle,2500000,25.0,48,707,78,59,14,1,64008,0.3641,0.5298,Low,1
43,salaried,19061,3,3,12389,home,890926,8.91,180,682,85,46,23,0,9848,1.1666,3.8951,High,0
26,salaried,21535,3,0,0,vehicle,218270,2.18,48,628,87,60,2,3,5588,0.2595,0.8446,Moderate,1
24,salaried,74280,0,1,25915,vehicle,757119,7.57,60,567,75,57,1,4,16273,0.568,0.8494,High,0
38,salaried,99668,0,1,29121,home,4009754,40.1,360,881,89,31,0,0,36678,0.6602,3.3526,Low,1
29,self_employed,114366,0,2,39933,personal,835832,8.36,48,696,81,53,10,2,21400,0.5363,0.609,Moderate,0
49,self_employed,142027,1,1,39128,business,3515152,35.15,36,656,89,73,24,2,114251,1.0799,2.0625,High,0
33,salaried,111982,4,1,26209,personal,624509,6.25,24,748,92,43,1,3,28962,0.4927,0.4647,Low,1
37,salaried,55345,1,2,32094,personal,103513,1.04,36,578,71,64,4,5,3364,0.6407,0.1559,High,0
52,self_employed,50511,1,0,0,business,415435,4.15,60,621,85,61,20,2,8929,0.1768,0.6854,Moderate,0
42,salaried,21570,3,0,0,home,690646,6.91,180,830,94,21,20,0,7634,0.3539,2.6682,Low,1
24,salaried,40992,1,0,0,personal,198787,1.99,60,636,81,58,3,2,4272,0.1042,0.4041,Low,1
25,salaried,44939,1,1,7746,education,873173,8.73,36,830,92,46,6,1,28380,0.8039,1.6192,Moderate,1
57,salaried,27727,3,1,2618,business,300000,3.0,60,705,85,56,1,3,6448,0.327,0.9016,Low,1
61,self_employed,58070,2,1,10415,personal,273600,2.74,12,564,73,76,18,5,24117,0.5947,0.3926,High,0
33,salaried,25914,2,1,5029,personal,136147,1.36,60,649,85,38,5,5,2926,0.307,0.4378,Moderate,0
54,salaried,95606,1,0,0,personal,278020,2.78,12,783,100,55,1,0,24507,0.2563,0.2423,Low,1
42,not_employed,5000,2,3,1948,home,560144,5.6,180,643,88,51,19,4,6191,1.6278,9.3357,High,0
43,salaried,63290,0,1,20863,business,780322,7.8,84,611,81,65,21,3,13156,0.5375,1.0274,High,0
23,self_employed,224657,1,1,71133,education,472870,4.73,84,607,85,60,1,3,7972,0.3521,0.1754,High,0
62,salaried,170530,4,0,0,education,1198117,11.98,120,722,81,29,8,2,16166,0.0948,0.5855,Low,1
54,salaried,48059,1,1,9775,personal,248623,2.49,36,518,68,74,21,4,8080,0.3715,0.4311,High,0
52,self_employed,40017,2,0,0,personal,297859,2.98,36,691,85,70,10,2,9681,0.2419,0.6203,Low,1
41,salaried,44204,1,1,7940,personal,146548,1.47,48,611,81,63,11,1,3752,0.2645,0.2763,Low,1
64,salaried,75270,0,1,25091,personal,416726,4.17,12,691,92,68,15,0,36733,0.8214,0.4614,Moderate,0
41,salaried,105526,2,0,0,personal,580249,5.8,12,756,82,65,4,3,51148,0.4847,0.4582,Low,1
64,salaried,69029,0,0,0,home,3570573,35.71,240,812,98,48,18,2,35647,0.5164,4.3105,Low,1
31,salaried,52105,2,1,10572,personal,349344,3.49,12,732,87,57,10,2,30794,0.7939,0.5587,Moderate,1
59,self_employed,198473,0,2,79276,business,2631479,26.31,60,685,75,70,5,2,56560,0.6844,1.1049,High,0
24,not_employed,0,3,0,0,business,300000,3.0,84,664,81,41,3,2,5058,5058.0,25000.0,High,0
21,not_employed,12000,1,2,7653,home,500000,5.0,240,728,93,56,2,0,4991,1.0537,3.4722,High,0
48,salaried,83693,0,1,19826,personal,247268,2.47,48,765,90,52,21,1,6330,0.3125,0.2462,Low,1
44,salaried,42214,0,0,0,business,453864,4.54,60,474,67,84,18,4,9755,0.2311,0.896,High,0
55,salaried,30307,3,0,0,vehicle,319247,3.19,36,701,86,50,14,1,10376,0.3424,0.8778,Low,1
33,self_employed,28063,2,0,0,personal,107199,1.07,12,395,73,81,2,4,9449,0.3367,0.3183,High,0
54,salaried,20643,2,1,6824,education,1161751,11.62,36,647,78,71,4,0,37759,2.1597,4.6899,High,0
31,salaried,37615,1,1,4960,business,704839,7.05,60,531,72,74,2,2,15149,0.5346,1.5615,High,0
56,self_employed,76817,1,0,0,home,2217413,22.17,360,582,74,56,24,4,20283,0.264,2.4055,High,0
37,salaried,43265,0,1,10741,home,1088622,10.89,300,709,82,46,12,1,10278,0.4858,2.0968,Low,1
55,salaried,55203,1,1,10265,home,1204077,12.04,120,587,77,71,21,4,16247,0.4803,1.8177,High,0
38,not_employed,8000,0,1,1162,home,500000,5.0,300,586,84,74,10,1,4720,0.7352,5.2083,High,0
60,not_employed,5000,4,0,0,home,500000,5.0,120,634,78,40,20,0,6746,1.3492,8.3333,High,0
42,salaried,102839,2,0,0,vehicle,592070,5.92,48,438,62,77,14,3,15158,0.1474,0.4798,High,0
44,salaried,15000,1,0,0,business,347989,3.48,60,715,89,57,9,2,7479,0.4986,1.9333,Low,1
39,not_employed,8000,0,0,0,personal,50000,0.5,36,737,92,57,9,4,1625,0.2031,0.5208,High,0
57,salaried,34921,2,0,0,home,1944830,19.45,120,505,62,56,5,8,26242,0.7515,4.641,High,0
59,salaried,50374,0,2,27544,education,2928857,29.29,60,465,68,74,24,0,62952,1.7965,4.8452,High,0
41,salaried,45577,0,1,14136,personal,281027,2.81,24,564,73,56,5,3,13032,0.5961,0.5138,High,0
28,salaried,23553,0,0,0,home,500000,5.0,300,763,81,43,6,1,4720,0.2004,1.7691,Low,1
48,salaried,15000,1,3,8450,vehicle,208549,2.09,36,590,83,64,21,2,6778,1.0152,1.1586,High,0
25,salaried,45926,2,1,8700,home,1432750,14.33,360,733,82,61,3,0,13105,0.4748,2.5997,Low,1
37,salaried,92824,1,0,0,personal,410225,4.1,24,712,91,70,13,2,19024,0.2049,0.3683,Low,1
57,salaried,15000,0,4,7043,personal,66438,0.66,60,715,88,51,20,1,1428,0.5647,0.3691,Low,1
56,not_employed,8000,1,0,0,home,565456,5.65,240,760,81,52,18,0,5645,0.7056,5.8902,High,0
39,self_employed,30760,2,0,0,home,1755765,17.56,360,611,78,65,9,1,16060,0.5221,4.7566,High,0
47,self_employed,279428,0,0,0,home,13154247,131.54,300,481,66,61,10,5,124199,0.4445,3.923,High,0
54,salaried,25287,0,0,0,education,1824320,18.24,120,734,87,63,10,0,24616,0.9735,6.012,Moderate,0
31,salaried,84842,3,0,0,personal,191037,1.91,36,646,82,62,0,0,6209,0.0732,0.1876,Low,1
32,salaried,98345,3,0,0,personal,288560,2.89,60,639,76,51,10,2,6202,0.0631,0.2445,Moderate,0
41,self_employed,20000,4,2,6865,home,850264,8.5,300,773,94,19,4,2,8028,0.7446,3.5428,Moderate,0
31,salaried,33887,2,0,0,personal,87346,0.87,48,691,82,71,11,3,2236,0.066,0.2148,Low,1
59,salaried,119452,0,1,41698,business,2691287,26.91,84,900,100,45,13,2,45376,0.7289,1.8775,Low,1
48,self_employed,20914,0,0,0,personal,50000,0.5,36,768,93,49,20,2,1625,0.0777,0.1992,Low,1
25,salaried,100605,1,0,0,education,1450107,14.5,60,796,93,56,1,0,31168,0.3098,1.2012,Low,1
37,salaried,48498,1,4,24883,home,1038592,10.39,180,769,85,32,18,2,11480,0.7498,1.7846,Moderate,0
40,not_employed,12000,3,1,1736,home,500000,5.0,120,646,76,50,13,2,6746,0.7068,3.4722,High,0
61,self_employed,58076,2,3,37749,business,568438,5.68,60,677,73,69,20,0,12217,0.8604,0.8157,High,0
32,salaried,42438,2,2,14003,home,2053141,20.53,300,741,90,39,8,0,19385,0.7867,4.0316,Moderate,1
26,not_employed,0,0,1,0,business,300000,3.0,84,675,79,53,0,1,5058,5058.0,25000.0,High,0
37,self_employed,20000,3,3,13000,home,878042,8.78,300,581,82,61,3,0,8290,1.0645,3.6585,High,0
39,self_employed,127611,2,1,32829,home,3752138,37.52,360,723,85,57,2,3,34322,0.5262,2.4502,Moderate,0
46,salaried,86847,0,0,0,business,2087572,20.88,36,729,91,58,10,3,67851,0.7813,2.0031,Moderate,0
64,salaried,78703,3,1,19715,education,1205169,12.05,84,625,78,73,18,0,20319,0.5087,1.2761,High,0
64,salaried,33606,1,1,5933,education,1960556,19.61,36,654,77,39,15,1,63722,2.0727,4.8616,High,0
52,self_employed,34017,0,0,0,business,392271,3.92,84,741,79,42,7,3,6613,0.1944,0.961,Low,1
26,salaried,22564,2,2,14446,vehicle,311973,3.12,48,506,66,49,5,6,7987,0.9942,1.1522,High,0
56,salaried,51550,2,4,33507,home,1939883,19.4,120,457,76,80,6,1,26175,1.1577,3.1359,High,0
58,salaried,25636,0,1,3914,home,1186706,11.87,180,806,88,65,0,1,13117,0.6643,3.8576,Moderate,1
31,self_employed,23343,1,4,15172,personal,78025,0.78,12,534,71,80,2,2,6877,0.9446,0.2785,High,0
53,salaried,38016,4,1,10045,home,1408297,14.08,240,596,78,55,21,1,14060,0.6341,3.0871,High,0
44,salaried,36552,2,2,6039,home,1200662,12.01,300,566,73,66,14,4,11336,0.4754,2.7373,High,0
43,salaried,35497,2,0,0,business,875873,8.76,84,748,91,47,14,2,14767,0.416,2.0562,Low,1
35,salaried,64852,0,1,20862,home,2375600,23.76,180,698,82,45,15,1,26259,0.7266,3.0526,Moderate,0
47,self_employed,63782,0,1,12223,business,1576131,15.76,36,706,77,63,19,2,51228,0.9948,2.0593,High,0
31,self_employed,47547,1,1,13277,personal,261923,2.62,12,678,79,55,12,4,23088,0.7648,0.4591,High,0
37,salaried,54710,0,2,26688,home,1377654,13.78,360,810,83,47,17,0,12601,0.7181,2.0984,Moderate,1
34,salaried,27040,0,0,0,vehicle,374408,3.74,48,785,91,46,9,0,9586,0.3545,1.1539,Low,1
47,self_employed,65135,0,3,42337,personal,285702,2.86,48,686,81,64,19,3,7314,0.7623,0.3655,High,0
38,salaried,53656,1,2,14794,personal,317394,3.17,24,666,83,58,7,1,14719,0.55,0.4929,Moderate,1
48,salaried,19893,1,0,0,home,968686,9.69,120,894,96,25,16,1,13070,0.657,4.0579,Low,1
24,not_employed,0,2,2,0,education,2478393,24.78,60,713,80,50,4,3,53270,53270.0,206532.75,High,0
27,salaried,89091,0,1,18714,home,1830954,18.31,120,496,62,77,5,3,24705,0.4874,1.7126,High,0
55,not_employed,0,1,2,0,home,500000,5.0,240,716,84,48,13,3,4991,4991.0,41666.6667,High,0
29,salaried,57662,0,0,0,education,1487043,14.87,60,694,75,47,3,3,31962,0.5543,2.1491,High,0
28,salaried,33831,1,3,21990,personal,191544,1.92,36,673,79,58,5,3,6225,0.834,0.4718,High,0
37,salaried,145245,0,0,0,business,2382841,23.83,24,884,95,30,3,0,110506,0.7608,1.3671,Low,1
37,not_employed,8000,4,0,0,personal,50681,0.51,36,548,67,56,10,5,1647,0.2059,0.5279,High,0
53,salaried,62290,2,4,33092,home,2856194,28.56,300,690,94,57,19,0,26967,0.9642,3.8211,High,0
52,salaried,21054,1,1,4072,education,2675410,26.75,120,600,76,72,20,2,36100,1.908,10.5895,High,0
28,not_employed,12000,0,3,7800,business,300000,3.0,36,663,83,76,2,3,9750,1.4625,2.0833,High,0
39,salaried,143693,1,1,11912,business,3553975,35.54,84,781,85,44,19,0,59922,0.4999,2.0611,Low,1
58,salaried,15000,2,2,6001,business,300000,3.0,60,690,78,31,24,2,6448,0.8299,1.6667,High,0
23,salaried,53767,0,3,34485,home,2524320,25.24,360,743,80,44,4,1,23090,1.0708,3.9124,Moderate,0
25,self_employed,56041,1,1,5531,personal,435692,4.36,12,708,78,64,5,4,38405,0.784,0.6479,High,0
33,salaried,96927,2,2,33199,personal,739488,7.39,36,658,84,76,1,1,24035,0.5905,0.6358,High,0
51,salaried,60805,2,1,6812,business,817872,8.18,60,693,92,68,6,2,17579,0.4011,1.1209,Low,1
36,salaried,109156,2,0,0,business,1341744,13.42,24,757,74,73,13,1,62224,0.57,1.0243,Moderate,1
52,salaried,32259,3,0,0,vehicle,430081,4.3,36,721,85,53,16,2,13978,0.4333,1.111,Low,1
42,not_employed,0,3,0,0,personal,72785,0.73,60,644,69,62,9,1,1564,1564.0,6065.4167,High,0
49,self_employed,148824,1,3,80110,home,4594699,45.95,300,749,85,56,22,1,43382,0.8298,2.5728,Moderate,0
42,self_employed,62191,1,2,12729,education,457415,4.57,120,578,72,67,13,3,6172,0.3039,0.6129,High,0
63,self_employed,20000,2,1,4202,education,1957270,19.57,60,758,91,45,13,3,42069,2.3136,8.1553,High,0
23,self_employed,161103,2,4,104716,education,1010269,10.1,60,729,78,55,2,1,21714,0.7848,0.5226,High,0
30,salaried,28655,4,1,8289,business,469679,4.7,60,737,86,51,0,4,10095,0.6416,1.3659,High,0
62,self_employed,24929,0,0,0,home,1247459,12.47,300,698,79,73,0,2,11778,0.4725,4.17,Moderate,1
41,salaried,49892,1,1,4996,personal,212668,2.13,60,599,76,57,20,1,4571,0.1918,0.3552,High,0
36,salaried,38458,1,0,0,personal,146149,1.46,36,599,74,79,9,4,4750,0.1235,0.3167,High,0
32,self_employed,73268,1,0,0,personal,306780,3.07,24,786,98,46,10,0,14227,0.1942,0.3489,Low,1
22,salaried,67030,0,2,28464,home,1749808,17.5,180,706,76,44,1,0,19342,0.7132,2.1754,High,0
61,self_employed,50320,2,2,22053,personal,344605,3.45,12,630,80,50,2,4,30376,1.0419,0.5707,High,0
44,salaried,24419,0,0,0,home,1147992,11.48,360,587,76,78,3,1,10501,0.43,3.9177,High,0
55,salaried,75986,2,2,46347,education,1808561,18.09,60,882,90,41,15,0,38873,1.1215,1.9834,Moderate,1
50,salaried,32336,2,3,21018,business,300000,3.0,36,581,77,55,1,2,9750,0.9515,0.7731,High,0
50,salaried,29101,1,2,16474,business,461840,4.62,36,524,72,67,23,2,15010,1.0819,1.3225,High,0
55,self_employed,67112,1,0,0,personal,385387,3.85,12,664,73,72,1,1,33971,0.5062,0.4785,High,0
39,salaried,15410,2,0,0,personal,82040,0.82,24,651,85,58,1,0,3804,0.2469,0.4437,Low,1
28,salaried,61977,2,0,0,personal,323203,3.23,36,660,79,71,5,4,10504,0.1695,0.4346,Moderate,0
46,salaried,55130,3,0,0,vehicle,751713,7.52,48,484,67,41,12,4,19246,0.3491,1.1363,High,0
60,salaried,96094,3,1,33578,home,5368896,53.69,120,751,82,58,21,0,72445,1.1033,4.6559,Moderate,0
27,salaried,36306,3,1,10023,personal,212806,2.13,12,696,84,49,1,3,18758,0.7927,0.4885,High,0
50,not_employed,8000,1,1,1081,business,300000,3.0,36,664,79,58,18,0,9750,1.3539,3.125,High,0
27,salaried,60729,3,0,0,home,2634417,26.34,300,561,72,75,8,2,24873,0.4096,3.615,High,0
23,self_employed,57508,2,1,15474,business,751225,7.51,24,713,83,46,4,2,34838,0.8749,1.0886,High,0
21,self_employed,384082,3,4,249653,personal,1338904,13.39,48,771,89,36,1,0,34280,0.7393,0.2905,Moderate,0
56,salaried,39236,0,3,21554,home,2130742,21.31,360,687,78,64,23,1,19490,1.0461,4.5255,High,0
45,self_employed,41801,3,1,10096,home,2040625,20.41,360,782,91,43,11,3,18666,0.6881,4.0681,High,0
57,self_employed,140114,1,0,0,business,2907461,29.07,24,711,85,53,8,0,134836,0.9623,1.7292,High,0
21,salaried,15426,2,0,0,business,360957,3.61,36,633,82,56,2,2,11731,0.7605,1.9499,High,0
35,salaried,20149,0,0,0,home,897822,8.98,360,774,83,75,15,1,8212,0.4076,3.7133,Low,1
57,salaried,73006,1,1,20541,personal,403483,4.03,48,648,84,60,14,1,10330,0.4229,0.4606,Moderate,1
33,not_employed,12000,1,0,0,home,604546,6.05,300,818,96,37,11,0,5708,0.4757,4.1982,High,0
60,self_employed,51208,1,1,8090,vehicle,288612,2.89,36,703,82,56,14,1,9380,0.3412,0.4697,Low,1
28,self_employed,31395,0,2,18558,education,1965221,19.65,36,691,86,52,8,1,63874,2.6256,5.2164,Moderate,0
25,salaried,66654,2,2,29555,business,1434462,14.34,60,768,89,49,1,2,30832,0.906,1.7934,Moderate,1
29,salaried,52644,0,0,0,home,1442360,14.42,120,750,92,65,5,0,19462,0.3697,2.2832,Low,1
21,salaried,59493,1,2,15497,home,1473625,14.74,360,831,87,38,2,1,13479,0.487,2.0641,Low,1
56,salaried,54389,0,0,0,home,2105079,21.05,360,619,82,58,20,2,19255,0.354,3.2253,Moderate,0
55,salaried,36656,1,0,0,education,1799345,17.99,60,800,90,24,11,1,38674,1.0551,4.0906,Low,1
22,not_employed,8000,1,1,2122,business,300000,3.0,24,635,81,84,3,3,13912,2.0042,3.125,High,0
60,self_employed,149074,1,1,28653,home,8153354,81.53,360,750,93,49,3,2,74581,0.6925,4.5578,Moderate,0
43,self_employed,23290,1,0,0,home,794683,7.95,240,601,93,65,5,4,7933,0.3406,2.8434,High,0
29,salaried,63020,2,3,40963,home,1513722,15.14,180,686,77,53,8,3,16732,0.9155,2.0016,High,0
54,salaried,48611,0,1,11617,personal,258634,2.59,24,815,94,48,4,1,11994,0.4857,0.4434,Low,1
34,salaried,40131,0,0,0,vehicle,382744,3.83,84,644,76,54,9,0,6453,0.1608,0.7948,High,0
24,self_employed,121565,0,0,0,personal,618580,6.19,36,672,83,64,5,1,20105,0.1654,0.424,Low,1
50,self_employed,120959,4,1,17097,business,2259143,22.59,84,696,85,54,23,1,38090,0.4562,1.5564,Low,1
51,salaried,27780,1,0,0,education,2620690,26.21,84,669,80,43,23,1,44186,1.5906,7.8614,High,0
58,salaried,43945,1,3,28564,business,371194,3.71,24,900,100,38,21,1,17214,1.0417,0.7039,Low,1
31,salaried,58030,0,1,15445,vehicle,309016,3.09,36,525,80,83,1,2,10043,0.4392,0.4438,High,0
55,salaried,41614,1,3,13769,education,519651,5.2,120,718,87,67,23,1,7011,0.4994,1.0406,Low,1
28,salaried,69634,0,2,33101,business,487052,4.87,60,660,79,58,4,0,10468,0.6257,0.5829,High,0
23,salaried,58029,0,0,0,personal,285799,2.86,36,526,66,78,4,3,9289,0.1601,0.4104,High,0
34,salaried,147198,1,0,0,education,2272890,22.73,120,632,86,62,4,1,30669,0.2084,1.2868,Low,1
33,self_employed,20000,1,1,5332,business,371030,3.71,24,778,86,52,5,0,17206,1.1269,1.546,Moderate,1
52,salaried,45548,0,0,0,personal,169977,1.7,36,652,69,67,5,4,5524,0.1213,0.311,Moderate,0
54,salaried,28421,2,1,7527,business,696519,6.97,36,623,82,68,23,2,22638,1.0614,2.0423,High,0
39,salaried,70436,4,1,22047,business,1589433,15.89,60,754,81,53,10,2,34163,0.798,1.8805,High,0
58,salaried,18577,1,2,7694,business,300000,3.0,60,745,88,42,9,1,6448,0.7613,1.3458,High,0
36,salaried,60342,2,4,24235,personal,165268,1.65,36,701,79,22,1,1,5371,0.4906,0.2282,Low,1
22,salaried,33589,3,0,0,education,912862,9.13,36,584,68,75,1,3,29670,0.8833,2.2648,High,0
60,salaried,31555,2,1,7645,personal,90049,0.9,24,629,82,57,24,3,4176,0.3746,0.2378,Moderate,1
37,salaried,20580,1,1,4293,business,468123,4.68,24,569,77,83,16,5,21709,1.2635,1.8955,High,0
54,self_employed,41271,2,0,0,home,1357958,13.58,300,718,84,61,4,1,12821,0.3107,2.742,Low,1
62,salaried,93967,0,0,0,home,2082317,20.82,240,766,92,39,6,2,20789,0.2212,1.8467,Low,1
36,self_employed,58679,1,2,36889,home,3221637,32.22,300,797,88,36,4,0,30418,1.147,4.5752,Moderate,1
58,salaried,71439,1,1,18526,personal,267715,2.68,24,654,83,79,19,1,12415,0.4331,0.3123,Moderate,1
22,salaried,133090,0,1,17939,personal,711159,7.11,60,616,76,66,1,0,15285,0.2496,0.4453,Moderate,0
22,salaried,57426,1,1,15383,personal,165116,1.65,12,685,80,55,0,9,14554,0.5213,0.2396,Moderate,0
46,salaried,35056,0,1,2980,education,1762061,17.62,120,659,76,48,23,4,23776,0.7632,4.1887,High,0
33,not_employed,8000,2,3,5200,business,300000,3.0,60,743,80,33,3,0,6448,1.456,3.125,High,0
51,self_employed,33543,1,0,0,personal,169404,1.69,60,682,79,64,18,2,3641,0.1085,0.4209,Moderate,1
54,self_employed,20000,1,1,6585,personal,141896,1.42,48,783,84,46,24,2,3633,0.5109,0.5912,Low,1
59,self_employed,164833,0,0,0,home,6804210,68.04,240,618,78,55,23,2,67931,0.4121,3.44,High,0
23,salaried,44239,0,1,8988,business,1085064,10.85,24,726,82,42,3,2,50320,1.3406,2.0439,Moderate,0
28,salaried,336132,1,1,102724,personal,1483514,14.84,24,592,81,74,5,3,68799,0.5103,0.3678,High,0
43,salaried,30148,4,1,2930,personal,50000,0.5,24,593,83,57,23,6,2318,0.1741,0.1382,Moderate,0
34,not_employed,0,0,0,0,personal,50000,0.5,24,659,79,68,0,3,2318,2318.0,4166.6667,High,0
47,self_employed,35162,1,0,0,home,1582911,15.83,360,697,86,43,6,3,14479,0.4118,3.7515,Low,1
49,salaried,59406,3,1,16275,personal,101563,1.02,48,664,82,46,1,2,2600,0.3177,0.1425,Low,1
59,self_employed,48779,0,0,0,home,2446001,24.46,180,508,70,64,12,7,27038,0.5543,4.1787,High,0
59,salaried,105369,3,1,27976,business,2385705,23.86,36,685,80,45,9,0,77541,1.0014,1.8868,High,0
21,salaried,30184,1,0,0,education,1029886,10.3,36,762,84,50,1,4,33473,1.109,2.8434,Moderate,0
